pulled_at_utc,park_id,park_name,ride_id,ride_name,is_open,wait_time_min,last_updated
2026-08-01T02:21:25.796122+00:00,8,Animal Kingdom,657,Festival of the Lion King,True,0,2026-08-01T02:20:34.000Z
2026-08-01T02:21:25.796122+00:00,8,Animal Kingdom,651,Gorilla Falls Exploration Trail,False,0,2026-08-01T02:20:34.000Z
2026-08-01T02:21:25.796122+00:00,8,Animal Kingdom,113,Kilimanjaro Safaris,False,0,2026-08-01T02:20:34.000Z
2026-08-01T02:21:25.796122+00:00,8,Animal Kingdom,655,Wildlife Express Train,False,0,2026-08-01T02:20:34.000Z
2026-08-01T02:21:25.796122+00:00,8,Animal Kingdom,110,Expedition Everest - Legend of the Forbidden Mountain,False,0,2026-08-01T02:20:34.000Z
2026-08-01T02:21:25.796122+00:00,8,Animal Kingdom,14533,Expedition Everest - Legend of the Forbidden Mountain Single Rider,False,0,2026-08-01T02:20:34.000Z
2026-08-01T02:21:25.796122+00:00,8,Animal Kingdom,10921,Feathered Friends in Flight!,True,0,2026-08-01T02:20:34.000Z
2026-08-01T02:21:25.796122+00:00,8,Animal Kingdom,112,Kali River Rapids,False,0,2026-08-01T02:20:34.000Z
2026-08-01T02:21:25.796122+00:00,8,Animal Kingdom,13806,Animal Care at Conservation Station,False,0,2026-08-01T02:20:34.000Z
2026-08-01T02:21:25.796122+00:00,8,Animal Kingdom,16545,Bluey's Wild World at Conservation Station,False,0,2026-08-01T02:20:34.000Z
2026-08-01T02:21:25.796122+00:00,8,Animal Kingdom,10920,Finding Nemo: The Big Blue... and Beyond!,True,0,2026-08-01T02:20:34.000Z
2026-08-01T02:21:25.796122+00:00,8,Animal Kingdom,13811,Discovery Island Trails,False,0,2026-08-01T02:20:34.000Z
2026-08-01T02:21:25.796122+00:00,8,Animal Kingdom,116,Meet Favorite Disney Pals at Adventurers Outpost,False,0,2026-08-01T02:20:34.000Z
2026-08-01T02:21:25.796122+00:00,8,Animal Kingdom,12451,Meet Moana at Character Landing,False,0,2026-08-01T02:20:34.000Z
2026-08-01T02:21:25.796122+00:00,8,Animal Kingdom,13751,Tree of Life,True,0,2026-08-01T02:20:34.000Z
2026-08-01T02:21:25.796122+00:00,8,Animal Kingdom,14943,Zootopia: Better Zoogether!,False,0,2026-08-01T02:20:34.000Z
2026-08-01T02:21:25.796122+00:00,8,Animal Kingdom,4439,Avatar Flight of Passage,False,0,2026-08-01T02:20:34.000Z
2026-08-01T02:21:25.796122+00:00,8,Animal Kingdom,4438,Na'vi River Journey,False,0,2026-08-01T02:20:34.000Z
2026-08-01T02:21:25.796122+00:00,8,Animal Kingdom,13812,The Oasis Exhibits,False,0,2026-08-01T02:20:34.000Z
2026-08-01T02:21:25.796122+00:00,8,Animal Kingdom,13808,Wilderness Explorers,False,0,2026-08-01T02:20:34.000Z
2026-08-01T02:21:25.956413+00:00,7,Disney Hollywood Studios,16641,Disney Jr. Mickey Mouse Clubhouse Live!,True,0,2026-08-01T02:20:20.000Z
2026-08-01T02:21:25.956413+00:00,7,Disney Hollywood Studios,12430,Meet Ariel at Walt Disney Presents,False,0,2026-08-01T02:20:20.000Z
2026-08-01T02:21:25.956413+00:00,7,Disney Hollywood Studios,14859,The Little Mermaid – A Musical Adventure,True,0,2026-08-01T02:20:20.000Z
2026-08-01T02:21:25.956413+00:00,7,Disney Hollywood Studios,5145,Walt Disney Presents,False,0,2026-08-01T02:20:20.000Z
2026-08-01T02:21:25.956413+00:00,7,Disney Hollywood Studios,6704,Meet Disney Stars at Red Carpet Dreams,False,0,2026-08-01T02:20:20.000Z
2026-08-01T02:21:25.956413+00:00,7,Disney Hollywood Studios,1174,For the First Time in Forever: A Frozen Sing-Along Celebration,True,0,2026-08-01T02:20:20.000Z
2026-08-01T02:21:25.956413+00:00,7,Disney Hollywood Studios,6702,Indiana Jones™ Epic Stunt Spectacular!,True,0,2026-08-01T02:20:20.000Z
2026-08-01T02:21:25.956413+00:00,7,Disney Hollywood Studios,6703,Meet Olaf at Celebrity Spotlight,False,0,2026-08-01T02:20:20.000Z
2026-08-01T02:21:25.956413+00:00,7,Disney Hollywood Studios,120,Star Tours – The Adventures Continue,False,0,2026-08-01T02:20:20.000Z
2026-08-01T02:21:25.956413+00:00,7,Disney Hollywood Studios,7333,Vacation Fun - An Original Animated Short with Mickey & Minnie,False,0,2026-08-01T02:20:20.000Z
2026-08-01T02:21:25.956413+00:00,7,Disney Hollywood Studios,6361,Mickey & Minnie's Runaway Railway,False,0,2026-08-01T02:20:20.000Z
2026-08-01T02:21:25.956413+00:00,7,Disney Hollywood Studios,12425,Meet Edna Mode at the Edna Mode Experience,False,0,2026-08-01T02:20:20.000Z
2026-08-01T02:21:25.956413+00:00,7,Disney Hollywood Studios,117,Toy Story Mania!,False,0,2026-08-01T02:20:20.000Z
2026-08-01T02:21:25.956413+00:00,7,Disney Hollywood Studios,6368,Millennium Falcon: Smugglers Run,False,0,2026-08-01T02:20:20.000Z
2026-08-01T02:21:25.956413+00:00,7,Disney Hollywood Studios,10902,Millennium Falcon: Smugglers Run Single Rider,False,0,2026-08-01T02:20:20.000Z
2026-08-01T02:21:25.956413+00:00,7,Disney Hollywood Studios,6369,Star Wars: Rise of the Resistance,False,0,2026-08-01T02:20:20.000Z
2026-08-01T02:21:25.956413+00:00,7,Disney Hollywood Studios,14531,Star Wars: Rise of the Resistance Single Rider,False,0,2026-08-01T02:20:20.000Z
2026-08-01T02:21:25.956413+00:00,7,Disney Hollywood Studios,1176,Beauty and the Beast – Live on Stage,True,0,2026-08-01T02:20:20.000Z
2026-08-01T02:21:25.956413+00:00,7,Disney Hollywood Studios,16343,Rock 'n' Roller Coaster Starring Aerosmith Single Rider,False,0,2026-08-01T02:20:20.000Z
2026-08-01T02:21:25.956413+00:00,7,Disney Hollywood Studios,16342,Rock ’n’ Roller Coaster Starring The Muppets,False,0,2026-08-01T02:20:20.000Z
2026-08-01T02:21:25.956413+00:00,7,Disney Hollywood Studios,123,The Twilight Zone™ Tower of Terror,False,0,2026-08-01T02:20:20.000Z
2026-08-01T02:21:25.956413+00:00,7,Disney Hollywood Studios,5477,Alien Swirling Saucers,False,0,2026-08-01T02:20:20.000Z
2026-08-01T02:21:25.956413+00:00,7,Disney Hollywood Studios,5476,Slinky Dog Dash,False,0,2026-08-01T02:20:20.000Z
2026-08-01T02:21:26.114393+00:00,6,Disney Magic Kingdom,1184,A Pirate's Adventure ~ Treasures of the Seven Seas,False,0,2026-08-01T02:20:20.000Z
2026-08-01T02:21:26.114393+00:00,6,Disney Magic Kingdom,134,Jungle Cruise,True,5,2026-08-01T02:20:20.000Z
2026-08-01T02:21:26.114393+00:00,6,Disney Magic Kingdom,137,Pirates of the Caribbean,True,5,2026-08-01T02:20:20.000Z
2026-08-01T02:21:26.114393+00:00,6,Disney Magic Kingdom,355,Swiss Family Treehouse,True,5,2026-08-01T02:20:20.000Z
2026-08-01T02:21:26.114393+00:00,6,Disney Magic Kingdom,141,The Magic Carpets of Aladdin,True,5,2026-08-01T02:20:20.000Z
2026-08-01T02:21:26.114393+00:00,6,Disney Magic Kingdom,334,Walt Disney's Enchanted Tiki Room,True,10,2026-08-01T02:20:20.000Z
2026-08-01T02:21:26.114393+00:00,6,Disney Magic Kingdom,133,"""it's a small world""",True,5,2026-08-01T02:20:20.000Z
2026-08-01T02:21:26.114393+00:00,6,Disney Magic Kingdom,13764,Casey Jr. Splash 'N' Soak Station,False,0,2026-08-01T02:20:20.000Z
2026-08-01T02:21:26.114393+00:00,6,Disney Magic Kingdom,13763,Cinderella Castle,True,0,2026-08-01T02:20:20.000Z
2026-08-01T02:21:26.114393+00:00,6,Disney Magic Kingdom,132,Dumbo the Flying Elephant,True,5,2026-08-01T02:20:20.000Z
2026-08-01T02:21:26.114393+00:00,6,Disney Magic Kingdom,128,Enchanted Tales with Belle,False,0,2026-08-01T02:20:20.000Z
2026-08-01T02:21:26.114393+00:00,6,Disney Magic Kingdom,135,Mad Tea Party,True,5,2026-08-01T02:20:20.000Z
2026-08-01T02:21:26.114393+00:00,6,Disney Magic Kingdom,147,Meet Ariel at Her Grotto,False,0,2026-08-01T02:20:20.000Z
2026-08-01T02:21:26.114393+00:00,6,Disney Magic Kingdom,6700,Meet Cinderella and a Visiting Princess at Princess Fairytale Hall,False,0,2026-08-01T02:20:20.000Z
2026-08-01T02:21:26.114393+00:00,6,Disney Magic Kingdom,144,Meet Daring Disney Pals as Circus Stars at Pete's Silly Sideshow,False,0,2026-08-01T02:20:20.000Z
2026-08-01T02:21:26.114393+00:00,6,Disney Magic Kingdom,145,Meet Dashing Disney Pals as Circus Stars at Pete's Silly Sideshow,False,0,2026-08-01T02:20:20.000Z
2026-08-01T02:21:26.114393+00:00,6,Disney Magic Kingdom,6699,Meet Princess Tiana and a Visiting Princess at Princess Fairytale Hall,False,0,2026-08-01T02:20:20.000Z
2026-08-01T02:21:26.114393+00:00,6,Disney Magic Kingdom,171,Mickey's PhilharMagic,True,15,2026-08-01T02:20:20.000Z
2026-08-01T02:21:26.114393+00:00,6,Disney Magic Kingdom,136,Peter Pan's Flight,True,20,2026-08-01T02:20:20.000Z
2026-08-01T02:21:26.114393+00:00,6,Disney Magic Kingdom,161,Prince Charming Regal Carrousel,False,0,2026-08-01T02:20:20.000Z
2026-08-01T02:21:26.114393+00:00,6,Disney Magic Kingdom,129,Seven Dwarfs Mine Train,True,50,2026-08-01T02:20:20.000Z
2026-08-01T02:21:26.114393+00:00,6,Disney Magic Kingdom,126,The Barnstormer,True,5,2026-08-01T02:20:20.000Z
2026-08-01T02:21:26.114393+00:00,6,Disney Magic Kingdom,142,The Many Adventures of Winnie the Pooh,True,5,2026-08-01T02:20:20.000Z
2026-08-01T02:21:26.114393+00:00,6,Disney Magic Kingdom,127,Under the Sea - Journey of The Little Mermaid,True,5,2026-08-01T02:20:20.000Z
2026-08-01T02:21:26.114393+00:00,6,Disney Magic Kingdom,1181,Walt Disney World Railroad - Fantasyland,False,0,2026-08-01T02:20:20.000Z
2026-08-01T02:21:26.114393+00:00,6,Disney Magic Kingdom,130,Big Thunder Mountain Railroad,True,40,2026-08-01T02:20:20.000Z
2026-08-01T02:21:26.114393+00:00,6,Disney Magic Kingdom,1214,Country Bear Musical Jamboree,True,10,2026-08-01T02:20:20.000Z
2026-08-01T02:21:26.114393+00:00,6,Disney Magic Kingdom,13630,Tiana's Bayou Adventure,True,15,2026-08-01T02:20:20.000Z
2026-08-01T02:21:26.114393+00:00,6,Disney Magic Kingdom,140,Haunted Mansion,True,15,2026-08-01T02:20:20.000Z
2026-08-01T02:21:26.114393+00:00,6,Disney Magic Kingdom,356,The Hall of Presidents,False,0,2026-08-01T02:20:20.000Z
2026-08-01T02:21:26.114393+00:00,6,Disney Magic Kingdom,1188,Main Street Vehicles,False,0,2026-08-01T02:20:20.000Z
2026-08-01T02:21:26.114393+00:00,6,Disney Magic Kingdom,146,Meet Mickey at Town Square Theater,True,5,2026-08-01T02:20:20.000Z
2026-08-01T02:21:26.114393+00:00,6,Disney Magic Kingdom,1189,"Walt Disney World Railroad - Main Street, U.S.A.",False,0,2026-08-01T02:20:20.000Z
2026-08-01T02:21:26.114393+00:00,6,Disney Magic Kingdom,248,Astro Orbiter,True,10,2026-08-01T02:20:20.000Z
2026-08-01T02:21:26.114393+00:00,6,Disney Magic Kingdom,131,Buzz Lightyear’s Space Ranger Spin,True,20,2026-08-01T02:20:20.000Z
2026-08-01T02:21:26.114393+00:00,6,Disney Magic Kingdom,125,"Monsters, Inc. Laugh Floor",False,0,2026-08-01T02:20:20.000Z
2026-08-01T02:21:26.114393+00:00,6,Disney Magic Kingdom,138,Space Mountain,True,25,2026-08-01T02:20:20.000Z
2026-08-01T02:21:26.114393+00:00,6,Disney Magic Kingdom,143,Tomorrowland Speedway,True,15,2026-08-01T02:20:20.000Z
2026-08-01T02:21:26.114393+00:00,6,Disney Magic Kingdom,1190,Tomorrowland Transit Authority PeopleMover,True,5,2026-08-01T02:20:20.000Z
2026-08-01T02:21:26.114393+00:00,6,Disney Magic Kingdom,11527,TRON Lightcycle / Run,True,65,2026-08-01T02:20:20.000Z
2026-08-01T02:21:26.114393+00:00,6,Disney Magic Kingdom,457,Walt Disney's Carousel of Progress,False,0,2026-08-01T02:20:20.000Z
2026-08-01T02:21:26.275379+00:00,5,Epcot,2495,Disney and Pixar Short Film Festival,False,0,2026-08-01T02:20:12.000Z
2026-08-01T02:21:26.275379+00:00,5,Epcot,155,Journey Into Imagination With Figment,False,0,2026-08-01T02:20:12.000Z
2026-08-01T02:21:26.275379+00:00,5,Epcot,13627,Meet Beloved Disney Pals at Mickey & Friends,False,0,2026-08-01T02:20:12.000Z
2026-08-01T02:21:26.275379+00:00,5,Epcot,159,Spaceship Earth,False,0,2026-08-01T02:20:12.000Z
2026-08-01T02:21:26.275379+00:00,5,Epcot,10916,Guardians of the Galaxy: Cosmic Rewind,False,0,2026-08-01T02:20:12.000Z
2026-08-01T02:21:26.275379+00:00,5,Epcot,158,Mission: SPACE,False,0,2026-08-01T02:20:12.000Z
2026-08-01T02:21:26.275379+00:00,5,Epcot,160,Test Track,False,0,2026-08-01T02:20:12.000Z
2026-08-01T02:21:26.275379+00:00,5,Epcot,10900,Test Track Presented by Chevrolet Single Rider,False,0,2026-08-01T02:20:12.000Z
2026-08-01T02:21:26.275379+00:00,5,Epcot,7323,Awesome Planet,False,0,2026-08-01T02:20:12.000Z
2026-08-01T02:21:26.275379+00:00,5,Epcot,12387,"Journey of Water, Inspired by Moana",False,0,2026-08-01T02:20:12.000Z
2026-08-01T02:21:26.275379+00:00,5,Epcot,156,Living with the Land,False,0,2026-08-01T02:20:12.000Z
2026-08-01T02:21:26.275379+00:00,5,Epcot,13782,SeaBase Aquarium,False,0,2026-08-01T02:20:12.000Z
2026-08-01T02:21:26.275379+00:00,5,Epcot,16467,Soarin' Across America,False,0,2026-08-01T02:20:12.000Z
2026-08-01T02:21:26.275379+00:00,5,Epcot,153,The Seas with Nemo & Friends,False,0,2026-08-01T02:20:12.000Z
2026-08-01T02:21:26.275379+00:00,5,Epcot,152,Turtle Talk With Crush,False,0,2026-08-01T02:20:12.000Z
2026-08-01T02:21:26.275379+00:00,5,Epcot,829,Canada Far and Wide in Circle-Vision 360,False,0,2026-08-01T02:20:12.000Z
2026-08-01T02:21:26.275379+00:00,5,Epcot,2679,Frozen Ever After,False,0,2026-08-01T02:20:12.000Z
2026-08-01T02:21:26.275379+00:00,5,Epcot,466,Gran Fiesta Tour Starring The Three Caballeros,False,0,2026-08-01T02:20:12.000Z
2026-08-01T02:21:26.275379+00:00,5,Epcot,6701,Meet Anna and Elsa at Royal Sommerhus,False,0,2026-08-01T02:20:12.000Z
2026-08-01T02:21:26.275379+00:00,5,Epcot,10914,Remy's Ratatouille Adventure,False,0,2026-08-01T02:20:12.000Z
2026-08-01T02:21:26.275379+00:00,5,Epcot,10915,Remy's Ratatouille Adventure Single Rider,False,0,2026-08-01T02:20:12.000Z
2026-08-01T13:06:57.397880+00:00,8,Animal Kingdom,657,Festival of the Lion King,True,0,2026-08-01T13:05:37.000Z
2026-08-01T13:06:57.397880+00:00,8,Animal Kingdom,651,Gorilla Falls Exploration Trail,True,5,2026-08-01T13:05:37.000Z
2026-08-01T13:06:57.397880+00:00,8,Animal Kingdom,113,Kilimanjaro Safaris,False,0,2026-08-01T13:05:37.000Z
2026-08-01T13:06:57.397880+00:00,8,Animal Kingdom,655,Wildlife Express Train,True,5,2026-08-01T13:05:37.000Z
2026-08-01T13:06:57.397880+00:00,8,Animal Kingdom,110,Expedition Everest - Legend of the Forbidden Mountain,True,20,2026-08-01T13:05:37.000Z
2026-08-01T13:06:57.397880+00:00,8,Animal Kingdom,14533,Expedition Everest - Legend of the Forbidden Mountain Single Rider,True,0,2026-08-01T13:05:37.000Z
2026-08-01T13:06:57.397880+00:00,8,Animal Kingdom,10921,Feathered Friends in Flight!,True,0,2026-08-01T13:05:37.000Z
2026-08-01T13:06:57.397880+00:00,8,Animal Kingdom,112,Kali River Rapids,True,5,2026-08-01T13:05:37.000Z
2026-08-01T13:06:57.397880+00:00,8,Animal Kingdom,13806,Animal Care at Conservation Station,True,0,2026-08-01T13:05:37.000Z
2026-08-01T13:06:57.397880+00:00,8,Animal Kingdom,16545,Bluey's Wild World at Conservation Station,True,10,2026-08-01T13:05:37.000Z
2026-08-01T13:06:57.397880+00:00,8,Animal Kingdom,10920,Finding Nemo: The Big Blue... and Beyond!,True,0,2026-08-01T13:05:37.000Z
2026-08-01T13:06:57.397880+00:00,8,Animal Kingdom,13811,Discovery Island Trails,True,0,2026-08-01T13:05:37.000Z
2026-08-01T13:06:57.397880+00:00,8,Animal Kingdom,116,Meet Favorite Disney Pals at Adventurers Outpost,True,25,2026-08-01T13:05:37.000Z
2026-08-01T13:06:57.397880+00:00,8,Animal Kingdom,12451,Meet Moana at Character Landing,True,0,2026-08-01T13:05:37.000Z
2026-08-01T13:06:57.397880+00:00,8,Animal Kingdom,13751,Tree of Life,True,0,2026-08-01T13:05:37.000Z
2026-08-01T13:06:57.397880+00:00,8,Animal Kingdom,14943,Zootopia: Better Zoogether!,True,10,2026-08-01T13:05:37.000Z
2026-08-01T13:06:57.397880+00:00,8,Animal Kingdom,4439,Avatar Flight of Passage,True,60,2026-08-01T13:05:37.000Z
2026-08-01T13:06:57.397880+00:00,8,Animal Kingdom,4438,Na'vi River Journey,True,30,2026-08-01T13:05:37.000Z
2026-08-01T13:06:57.397880+00:00,8,Animal Kingdom,13812,The Oasis Exhibits,True,0,2026-08-01T13:05:37.000Z
2026-08-01T13:06:57.397880+00:00,8,Animal Kingdom,13808,Wilderness Explorers,True,0,2026-08-01T13:05:37.000Z
2026-08-01T13:06:57.566394+00:00,7,Disney Hollywood Studios,16641,Disney Jr. Mickey Mouse Clubhouse Live!,True,0,2026-08-01T13:05:25.000Z
2026-08-01T13:06:57.566394+00:00,7,Disney Hollywood Studios,12430,Meet Ariel at Walt Disney Presents,True,0,2026-08-01T13:05:25.000Z
2026-08-01T13:06:57.566394+00:00,7,Disney Hollywood Studios,14859,The Little Mermaid – A Musical Adventure,True,0,2026-08-01T13:05:25.000Z
2026-08-01T13:06:57.566394+00:00,7,Disney Hollywood Studios,5145,Walt Disney Presents,True,0,2026-08-01T13:05:25.000Z
2026-08-01T13:06:57.566394+00:00,7,Disney Hollywood Studios,6704,Meet Disney Stars at Red Carpet Dreams,True,5,2026-08-01T13:05:25.000Z
2026-08-01T13:06:57.566394+00:00,7,Disney Hollywood Studios,1174,For the First Time in Forever: A Frozen Sing-Along Celebration,True,0,2026-08-01T13:05:25.000Z
2026-08-01T13:06:57.566394+00:00,7,Disney Hollywood Studios,6702,Indiana Jones™ Epic Stunt Spectacular!,True,0,2026-08-01T13:05:25.000Z
2026-08-01T13:06:57.566394+00:00,7,Disney Hollywood Studios,6703,Meet Olaf at Celebrity Spotlight,True,5,2026-08-01T13:05:25.000Z
2026-08-01T13:06:57.566394+00:00,7,Disney Hollywood Studios,120,Star Tours – The Adventures Continue,True,5,2026-08-01T13:05:25.000Z
2026-08-01T13:06:57.566394+00:00,7,Disney Hollywood Studios,7333,Vacation Fun - An Original Animated Short with Mickey & Minnie,True,10,2026-08-01T13:05:25.000Z
2026-08-01T13:06:57.566394+00:00,7,Disney Hollywood Studios,6361,Mickey & Minnie's Runaway Railway,True,35,2026-08-01T13:05:25.000Z
2026-08-01T13:06:57.566394+00:00,7,Disney Hollywood Studios,12425,Meet Edna Mode at the Edna Mode Experience,True,15,2026-08-01T13:05:25.000Z
2026-08-01T13:06:57.566394+00:00,7,Disney Hollywood Studios,117,Toy Story Mania!,True,20,2026-08-01T13:05:25.000Z
2026-08-01T13:06:57.566394+00:00,7,Disney Hollywood Studios,6368,Millennium Falcon: Smugglers Run,True,25,2026-08-01T13:05:25.000Z
2026-08-01T13:06:57.566394+00:00,7,Disney Hollywood Studios,10902,Millennium Falcon: Smugglers Run Single Rider,True,0,2026-08-01T13:05:25.000Z
2026-08-01T13:06:57.566394+00:00,7,Disney Hollywood Studios,6369,Star Wars: Rise of the Resistance,False,0,2026-08-01T13:05:25.000Z
2026-08-01T13:06:57.566394+00:00,7,Disney Hollywood Studios,14531,Star Wars: Rise of the Resistance Single Rider,False,0,2026-08-01T13:05:25.000Z
2026-08-01T13:06:57.566394+00:00,7,Disney Hollywood Studios,1176,Beauty and the Beast – Live on Stage,True,0,2026-08-01T13:05:25.000Z
2026-08-01T13:06:57.566394+00:00,7,Disney Hollywood Studios,16343,Rock 'n' Roller Coaster Starring Aerosmith Single Rider,True,0,2026-08-01T13:05:25.000Z
2026-08-01T13:06:57.566394+00:00,7,Disney Hollywood Studios,16342,Rock ’n’ Roller Coaster Starring The Muppets,True,70,2026-08-01T13:05:25.000Z
2026-08-01T13:06:57.566394+00:00,7,Disney Hollywood Studios,123,The Twilight Zone™ Tower of Terror,True,35,2026-08-01T13:05:25.000Z
2026-08-01T13:06:57.566394+00:00,7,Disney Hollywood Studios,5477,Alien Swirling Saucers,True,10,2026-08-01T13:05:25.000Z
2026-08-01T13:06:57.566394+00:00,7,Disney Hollywood Studios,5476,Slinky Dog Dash,True,65,2026-08-01T13:05:25.000Z
2026-08-01T13:06:57.733655+00:00,6,Disney Magic Kingdom,1184,A Pirate's Adventure ~ Treasures of the Seven Seas,False,0,2026-08-01T13:05:23.000Z
2026-08-01T13:06:57.733655+00:00,6,Disney Magic Kingdom,134,Jungle Cruise,True,5,2026-08-01T13:05:23.000Z
2026-08-01T13:06:57.733655+00:00,6,Disney Magic Kingdom,137,Pirates of the Caribbean,True,5,2026-08-01T13:05:23.000Z
2026-08-01T13:06:57.733655+00:00,6,Disney Magic Kingdom,355,Swiss Family Treehouse,True,5,2026-08-01T13:05:23.000Z
2026-08-01T13:06:57.733655+00:00,6,Disney Magic Kingdom,141,The Magic Carpets of Aladdin,True,5,2026-08-01T13:05:23.000Z
2026-08-01T13:06:57.733655+00:00,6,Disney Magic Kingdom,334,Walt Disney's Enchanted Tiki Room,True,10,2026-08-01T13:05:23.000Z
2026-08-01T13:06:57.733655+00:00,6,Disney Magic Kingdom,133,"""it's a small world""",True,5,2026-08-01T13:05:23.000Z
2026-08-01T13:06:57.733655+00:00,6,Disney Magic Kingdom,13764,Casey Jr. Splash 'N' Soak Station,True,0,2026-08-01T13:05:23.000Z
2026-08-01T13:06:57.733655+00:00,6,Disney Magic Kingdom,13763,Cinderella Castle,True,0,2026-08-01T13:05:23.000Z
2026-08-01T13:06:57.733655+00:00,6,Disney Magic Kingdom,132,Dumbo the Flying Elephant,True,5,2026-08-01T13:05:23.000Z
2026-08-01T13:06:57.733655+00:00,6,Disney Magic Kingdom,128,Enchanted Tales with Belle,False,0,2026-08-01T13:05:23.000Z
2026-08-01T13:06:57.733655+00:00,6,Disney Magic Kingdom,135,Mad Tea Party,True,5,2026-08-01T13:05:23.000Z
2026-08-01T13:06:57.733655+00:00,6,Disney Magic Kingdom,147,Meet Ariel at Her Grotto,False,0,2026-08-01T13:05:23.000Z
2026-08-01T13:06:57.733655+00:00,6,Disney Magic Kingdom,6700,Meet Cinderella and a Visiting Princess at Princess Fairytale Hall,True,10,2026-08-01T13:05:23.000Z
2026-08-01T13:06:57.733655+00:00,6,Disney Magic Kingdom,144,Meet Daring Disney Pals as Circus Stars at Pete's Silly Sideshow,False,0,2026-08-01T13:05:23.000Z
2026-08-01T13:06:57.733655+00:00,6,Disney Magic Kingdom,145,Meet Dashing Disney Pals as Circus Stars at Pete's Silly Sideshow,False,0,2026-08-01T13:05:23.000Z
2026-08-01T13:06:57.733655+00:00,6,Disney Magic Kingdom,6699,Meet Princess Tiana and a Visiting Princess at Princess Fairytale Hall,True,10,2026-08-01T13:05:23.000Z
2026-08-01T13:06:57.733655+00:00,6,Disney Magic Kingdom,171,Mickey's PhilharMagic,True,15,2026-08-01T13:05:23.000Z
2026-08-01T13:06:57.733655+00:00,6,Disney Magic Kingdom,136,Peter Pan's Flight,True,35,2026-08-01T13:05:23.000Z
2026-08-01T13:06:57.733655+00:00,6,Disney Magic Kingdom,161,Prince Charming Regal Carrousel,True,5,2026-08-01T13:05:23.000Z
2026-08-01T13:06:57.733655+00:00,6,Disney Magic Kingdom,129,Seven Dwarfs Mine Train,True,45,2026-08-01T13:05:23.000Z
2026-08-01T13:06:57.733655+00:00,6,Disney Magic Kingdom,126,The Barnstormer,True,5,2026-08-01T13:05:23.000Z
2026-08-01T13:06:57.733655+00:00,6,Disney Magic Kingdom,142,The Many Adventures of Winnie the Pooh,True,25,2026-08-01T13:05:23.000Z
2026-08-01T13:06:57.733655+00:00,6,Disney Magic Kingdom,127,Under the Sea - Journey of The Little Mermaid,True,5,2026-08-01T13:05:23.000Z
2026-08-01T13:06:57.733655+00:00,6,Disney Magic Kingdom,1181,Walt Disney World Railroad - Fantasyland,True,0,2026-08-01T13:05:23.000Z
2026-08-01T13:06:57.733655+00:00,6,Disney Magic Kingdom,130,Big Thunder Mountain Railroad,False,0,2026-08-01T13:05:23.000Z
2026-08-01T13:06:57.733655+00:00,6,Disney Magic Kingdom,1214,Country Bear Musical Jamboree,True,0,2026-08-01T13:05:23.000Z
2026-08-01T13:06:57.733655+00:00,6,Disney Magic Kingdom,13630,Tiana's Bayou Adventure,True,0,2026-08-01T13:05:23.000Z
2026-08-01T13:06:57.733655+00:00,6,Disney Magic Kingdom,140,Haunted Mansion,True,0,2026-08-01T13:05:23.000Z
2026-08-01T13:06:57.733655+00:00,6,Disney Magic Kingdom,356,The Hall of Presidents,False,0,2026-08-01T13:05:23.000Z
2026-08-01T13:06:57.733655+00:00,6,Disney Magic Kingdom,1188,Main Street Vehicles,True,0,2026-08-01T13:05:23.000Z
2026-08-01T13:06:57.733655+00:00,6,Disney Magic Kingdom,146,Meet Mickey at Town Square Theater,True,10,2026-08-01T13:05:23.000Z
2026-08-01T13:06:57.733655+00:00,6,Disney Magic Kingdom,1189,"Walt Disney World Railroad - Main Street, U.S.A.",True,0,2026-08-01T13:05:23.000Z
2026-08-01T13:06:57.733655+00:00,6,Disney Magic Kingdom,248,Astro Orbiter,True,10,2026-08-01T13:05:23.000Z
2026-08-01T13:06:57.733655+00:00,6,Disney Magic Kingdom,131,Buzz Lightyear’s Space Ranger Spin,True,10,2026-08-01T13:05:23.000Z
2026-08-01T13:06:57.733655+00:00,6,Disney Magic Kingdom,125,"Monsters, Inc. Laugh Floor",True,5,2026-08-01T13:05:23.000Z
2026-08-01T13:06:57.733655+00:00,6,Disney Magic Kingdom,138,Space Mountain,True,20,2026-08-01T13:05:23.000Z
2026-08-01T13:06:57.733655+00:00,6,Disney Magic Kingdom,143,Tomorrowland Speedway,True,10,2026-08-01T13:05:23.000Z
2026-08-01T13:06:57.733655+00:00,6,Disney Magic Kingdom,1190,Tomorrowland Transit Authority PeopleMover,True,5,2026-08-01T13:05:23.000Z
2026-08-01T13:06:57.733655+00:00,6,Disney Magic Kingdom,11527,TRON Lightcycle / Run,True,55,2026-08-01T13:05:23.000Z
2026-08-01T13:06:57.733655+00:00,6,Disney Magic Kingdom,457,Walt Disney's Carousel of Progress,False,0,2026-08-01T13:05:23.000Z
2026-08-01T13:06:57.898099+00:00,5,Epcot,2495,Disney and Pixar Short Film Festival,True,0,2026-08-01T13:05:22.000Z
2026-08-01T13:06:57.898099+00:00,5,Epcot,155,Journey Into Imagination With Figment,True,5,2026-08-01T13:05:22.000Z
2026-08-01T13:06:57.898099+00:00,5,Epcot,13627,Meet Beloved Disney Pals at Mickey & Friends,True,10,2026-08-01T13:05:22.000Z
2026-08-01T13:06:57.898099+00:00,5,Epcot,159,Spaceship Earth,True,5,2026-08-01T13:05:22.000Z
2026-08-01T13:06:57.898099+00:00,5,Epcot,10916,Guardians of the Galaxy: Cosmic Rewind,True,90,2026-08-01T13:05:22.000Z
2026-08-01T13:06:57.898099+00:00,5,Epcot,158,Mission: SPACE,True,15,2026-08-01T13:05:22.000Z
2026-08-01T13:06:57.898099+00:00,5,Epcot,160,Test Track,True,65,2026-08-01T13:05:22.000Z
2026-08-01T13:06:57.898099+00:00,5,Epcot,10900,Test Track Presented by Chevrolet Single Rider,True,0,2026-08-01T13:05:22.000Z
2026-08-01T13:06:57.898099+00:00,5,Epcot,7323,Awesome Planet,True,0,2026-08-01T13:05:22.000Z
2026-08-01T13:06:57.898099+00:00,5,Epcot,12387,"Journey of Water, Inspired by Moana",True,0,2026-08-01T13:05:22.000Z
2026-08-01T13:06:57.898099+00:00,5,Epcot,156,Living with the Land,True,5,2026-08-01T13:05:22.000Z
2026-08-01T13:06:57.898099+00:00,5,Epcot,13782,SeaBase Aquarium,True,0,2026-08-01T13:05:22.000Z
2026-08-01T13:06:57.898099+00:00,5,Epcot,16467,Soarin' Across America,True,10,2026-08-01T13:05:22.000Z
2026-08-01T13:06:57.898099+00:00,5,Epcot,153,The Seas with Nemo & Friends,True,5,2026-08-01T13:05:22.000Z
2026-08-01T13:06:57.898099+00:00,5,Epcot,152,Turtle Talk With Crush,False,0,2026-08-01T13:05:22.000Z
2026-08-01T13:06:57.898099+00:00,5,Epcot,829,Canada Far and Wide in Circle-Vision 360,True,0,2026-08-01T13:05:22.000Z
2026-08-01T13:06:57.898099+00:00,5,Epcot,2679,Frozen Ever After,True,25,2026-08-01T13:05:22.000Z
2026-08-01T13:06:57.898099+00:00,5,Epcot,466,Gran Fiesta Tour Starring The Three Caballeros,True,5,2026-08-01T13:05:22.000Z
2026-08-01T13:06:57.898099+00:00,5,Epcot,6701,Meet Anna and Elsa at Royal Sommerhus,False,0,2026-08-01T13:05:22.000Z
2026-08-01T13:06:57.898099+00:00,5,Epcot,10914,Remy's Ratatouille Adventure,True,40,2026-08-01T13:05:22.000Z
2026-08-01T13:06:57.898099+00:00,5,Epcot,10915,Remy's Ratatouille Adventure Single Rider,True,0,2026-08-01T13:05:22.000Z
2026-08-01T14:55:36.233619+00:00,8,Animal Kingdom,657,Festival of the Lion King,True,0,2026-08-01T14:50:31.000Z
2026-08-01T14:55:36.233619+00:00,8,Animal Kingdom,651,Gorilla Falls Exploration Trail,True,5,2026-08-01T14:50:31.000Z
2026-08-01T14:55:36.233619+00:00,8,Animal Kingdom,113,Kilimanjaro Safaris,True,65,2026-08-01T14:50:31.000Z
2026-08-01T14:55:36.233619+00:00,8,Animal Kingdom,655,Wildlife Express Train,True,5,2026-08-01T14:50:31.000Z
2026-08-01T14:55:36.233619+00:00,8,Animal Kingdom,110,Expedition Everest - Legend of the Forbidden Mountain,True,25,2026-08-01T14:50:31.000Z
2026-08-01T14:55:36.233619+00:00,8,Animal Kingdom,14533,Expedition Everest - Legend of the Forbidden Mountain Single Rider,True,0,2026-08-01T14:50:31.000Z
2026-08-01T14:55:36.233619+00:00,8,Animal Kingdom,10921,Feathered Friends in Flight!,True,0,2026-08-01T14:50:31.000Z
2026-08-01T14:55:36.233619+00:00,8,Animal Kingdom,112,Kali River Rapids,True,25,2026-08-01T14:50:31.000Z
2026-08-01T14:55:36.233619+00:00,8,Animal Kingdom,13806,Animal Care at Conservation Station,True,0,2026-08-01T14:50:31.000Z
2026-08-01T14:55:36.233619+00:00,8,Animal Kingdom,16545,Bluey's Wild World at Conservation Station,True,15,2026-08-01T14:50:31.000Z
2026-08-01T14:55:36.233619+00:00,8,Animal Kingdom,10920,Finding Nemo: The Big Blue... and Beyond!,True,0,2026-08-01T14:50:31.000Z
2026-08-01T14:55:36.233619+00:00,8,Animal Kingdom,13811,Discovery Island Trails,True,0,2026-08-01T14:50:31.000Z
2026-08-01T14:55:36.233619+00:00,8,Animal Kingdom,116,Meet Favorite Disney Pals at Adventurers Outpost,True,15,2026-08-01T14:50:31.000Z
2026-08-01T14:55:36.233619+00:00,8,Animal Kingdom,12451,Meet Moana at Character Landing,True,0,2026-08-01T14:50:31.000Z
2026-08-01T14:55:36.233619+00:00,8,Animal Kingdom,13751,Tree of Life,True,0,2026-08-01T14:50:31.000Z
2026-08-01T14:55:36.233619+00:00,8,Animal Kingdom,14943,Zootopia: Better Zoogether!,True,10,2026-08-01T14:50:31.000Z
2026-08-01T14:55:36.233619+00:00,8,Animal Kingdom,4439,Avatar Flight of Passage,True,60,2026-08-01T14:50:31.000Z
2026-08-01T14:55:36.233619+00:00,8,Animal Kingdom,4438,Na'vi River Journey,True,40,2026-08-01T14:50:31.000Z
2026-08-01T14:55:36.233619+00:00,8,Animal Kingdom,13812,The Oasis Exhibits,True,0,2026-08-01T14:50:31.000Z
2026-08-01T14:55:36.233619+00:00,8,Animal Kingdom,13808,Wilderness Explorers,True,0,2026-08-01T14:50:31.000Z
2026-08-01T14:55:36.388716+00:00,7,Disney Hollywood Studios,16641,Disney Jr. Mickey Mouse Clubhouse Live!,True,0,2026-08-01T14:50:31.000Z
2026-08-01T14:55:36.388716+00:00,7,Disney Hollywood Studios,12430,Meet Ariel at Walt Disney Presents,True,0,2026-08-01T14:50:31.000Z
2026-08-01T14:55:36.388716+00:00,7,Disney Hollywood Studios,14859,The Little Mermaid – A Musical Adventure,True,0,2026-08-01T14:50:31.000Z
2026-08-01T14:55:36.388716+00:00,7,Disney Hollywood Studios,5145,Walt Disney Presents,True,0,2026-08-01T14:50:31.000Z
2026-08-01T14:55:36.388716+00:00,7,Disney Hollywood Studios,6704,Meet Disney Stars at Red Carpet Dreams,True,15,2026-08-01T14:50:31.000Z
2026-08-01T14:55:36.388716+00:00,7,Disney Hollywood Studios,1174,For the First Time in Forever: A Frozen Sing-Along Celebration,True,0,2026-08-01T14:50:31.000Z
2026-08-01T14:55:36.388716+00:00,7,Disney Hollywood Studios,6702,Indiana Jones™ Epic Stunt Spectacular!,True,0,2026-08-01T14:50:31.000Z
2026-08-01T14:55:36.388716+00:00,7,Disney Hollywood Studios,6703,Meet Olaf at Celebrity Spotlight,True,5,2026-08-01T14:50:31.000Z
2026-08-01T14:55:36.388716+00:00,7,Disney Hollywood Studios,120,Star Tours – The Adventures Continue,True,5,2026-08-01T14:50:31.000Z
2026-08-01T14:55:36.388716+00:00,7,Disney Hollywood Studios,7333,Vacation Fun - An Original Animated Short with Mickey & Minnie,True,10,2026-08-01T14:50:31.000Z
2026-08-01T14:55:36.388716+00:00,7,Disney Hollywood Studios,6361,Mickey & Minnie's Runaway Railway,True,50,2026-08-01T14:50:31.000Z
2026-08-01T14:55:36.388716+00:00,7,Disney Hollywood Studios,12425,Meet Edna Mode at the Edna Mode Experience,True,15,2026-08-01T14:50:31.000Z
2026-08-01T14:55:36.388716+00:00,7,Disney Hollywood Studios,117,Toy Story Mania!,True,50,2026-08-01T14:50:31.000Z
2026-08-01T14:55:36.388716+00:00,7,Disney Hollywood Studios,6368,Millennium Falcon: Smugglers Run,True,40,2026-08-01T14:50:31.000Z
2026-08-01T14:55:36.388716+00:00,7,Disney Hollywood Studios,10902,Millennium Falcon: Smugglers Run Single Rider,True,0,2026-08-01T14:50:31.000Z
2026-08-01T14:55:36.388716+00:00,7,Disney Hollywood Studios,6369,Star Wars: Rise of the Resistance,False,0,2026-08-01T14:50:31.000Z
2026-08-01T14:55:36.388716+00:00,7,Disney Hollywood Studios,14531,Star Wars: Rise of the Resistance Single Rider,False,0,2026-08-01T14:50:31.000Z
2026-08-01T14:55:36.388716+00:00,7,Disney Hollywood Studios,1176,Beauty and the Beast – Live on Stage,True,0,2026-08-01T14:50:31.000Z
2026-08-01T14:55:36.388716+00:00,7,Disney Hollywood Studios,16343,Rock 'n' Roller Coaster Starring Aerosmith Single Rider,True,0,2026-08-01T14:50:31.000Z
2026-08-01T14:55:36.388716+00:00,7,Disney Hollywood Studios,16342,Rock ’n’ Roller Coaster Starring The Muppets,True,70,2026-08-01T14:50:31.000Z
2026-08-01T14:55:36.388716+00:00,7,Disney Hollywood Studios,123,The Twilight Zone™ Tower of Terror,True,50,2026-08-01T14:50:31.000Z
2026-08-01T14:55:36.388716+00:00,7,Disney Hollywood Studios,5477,Alien Swirling Saucers,True,25,2026-08-01T14:50:31.000Z
2026-08-01T14:55:36.388716+00:00,7,Disney Hollywood Studios,5476,Slinky Dog Dash,True,60,2026-08-01T14:50:31.000Z
2026-08-01T14:55:36.527314+00:00,6,Disney Magic Kingdom,1184,A Pirate's Adventure ~ Treasures of the Seven Seas,False,0,2026-08-01T14:50:16.000Z
2026-08-01T14:55:36.527314+00:00,6,Disney Magic Kingdom,134,Jungle Cruise,True,40,2026-08-01T14:50:16.000Z
2026-08-01T14:55:36.527314+00:00,6,Disney Magic Kingdom,137,Pirates of the Caribbean,True,10,2026-08-01T14:50:16.000Z
2026-08-01T14:55:36.527314+00:00,6,Disney Magic Kingdom,355,Swiss Family Treehouse,True,5,2026-08-01T14:50:16.000Z
2026-08-01T14:55:36.527314+00:00,6,Disney Magic Kingdom,141,The Magic Carpets of Aladdin,True,10,2026-08-01T14:50:16.000Z
2026-08-01T14:55:36.527314+00:00,6,Disney Magic Kingdom,334,Walt Disney's Enchanted Tiki Room,True,10,2026-08-01T14:50:16.000Z
2026-08-01T14:55:36.527314+00:00,6,Disney Magic Kingdom,133,"""it's a small world""",True,5,2026-08-01T14:50:16.000Z
2026-08-01T14:55:36.527314+00:00,6,Disney Magic Kingdom,13764,Casey Jr. Splash 'N' Soak Station,True,0,2026-08-01T14:50:16.000Z
2026-08-01T14:55:36.527314+00:00,6,Disney Magic Kingdom,13763,Cinderella Castle,True,0,2026-08-01T14:50:16.000Z
2026-08-01T14:55:36.527314+00:00,6,Disney Magic Kingdom,132,Dumbo the Flying Elephant,True,5,2026-08-01T14:50:16.000Z
2026-08-01T14:55:36.527314+00:00,6,Disney Magic Kingdom,128,Enchanted Tales with Belle,True,10,2026-08-01T14:50:16.000Z
2026-08-01T14:55:36.527314+00:00,6,Disney Magic Kingdom,135,Mad Tea Party,True,5,2026-08-01T14:50:16.000Z
2026-08-01T14:55:36.527314+00:00,6,Disney Magic Kingdom,147,Meet Ariel at Her Grotto,True,20,2026-08-01T14:50:16.000Z
2026-08-01T14:55:36.527314+00:00,6,Disney Magic Kingdom,6700,Meet Cinderella and a Visiting Princess at Princess Fairytale Hall,True,20,2026-08-01T14:50:16.000Z
2026-08-01T14:55:36.527314+00:00,6,Disney Magic Kingdom,144,Meet Daring Disney Pals as Circus Stars at Pete's Silly Sideshow,True,5,2026-08-01T14:50:16.000Z
2026-08-01T14:55:36.527314+00:00,6,Disney Magic Kingdom,145,Meet Dashing Disney Pals as Circus Stars at Pete's Silly Sideshow,True,10,2026-08-01T14:50:16.000Z
2026-08-01T14:55:36.527314+00:00,6,Disney Magic Kingdom,6699,Meet Princess Tiana and a Visiting Princess at Princess Fairytale Hall,True,20,2026-08-01T14:50:16.000Z
2026-08-01T14:55:36.527314+00:00,6,Disney Magic Kingdom,171,Mickey's PhilharMagic,True,15,2026-08-01T14:50:16.000Z
2026-08-01T14:55:36.527314+00:00,6,Disney Magic Kingdom,136,Peter Pan's Flight,True,30,2026-08-01T14:50:16.000Z
2026-08-01T14:55:36.527314+00:00,6,Disney Magic Kingdom,161,Prince Charming Regal Carrousel,True,10,2026-08-01T14:50:16.000Z
2026-08-01T14:55:36.527314+00:00,6,Disney Magic Kingdom,129,Seven Dwarfs Mine Train,True,40,2026-08-01T14:50:16.000Z
2026-08-01T14:55:36.527314+00:00,6,Disney Magic Kingdom,126,The Barnstormer,True,10,2026-08-01T14:50:16.000Z
2026-08-01T14:55:36.527314+00:00,6,Disney Magic Kingdom,142,The Many Adventures of Winnie the Pooh,True,30,2026-08-01T14:50:16.000Z
2026-08-01T14:55:36.527314+00:00,6,Disney Magic Kingdom,127,Under the Sea - Journey of The Little Mermaid,True,5,2026-08-01T14:50:16.000Z
2026-08-01T14:55:36.527314+00:00,6,Disney Magic Kingdom,1181,Walt Disney World Railroad - Fantasyland,True,20,2026-08-01T14:50:16.000Z
2026-08-01T14:55:36.527314+00:00,6,Disney Magic Kingdom,130,Big Thunder Mountain Railroad,True,50,2026-08-01T14:50:16.000Z
2026-08-01T14:55:36.527314+00:00,6,Disney Magic Kingdom,1214,Country Bear Musical Jamboree,True,10,2026-08-01T14:50:16.000Z
2026-08-01T14:55:36.527314+00:00,6,Disney Magic Kingdom,13630,Tiana's Bayou Adventure,True,50,2026-08-01T14:50:16.000Z
2026-08-01T14:55:36.527314+00:00,6,Disney Magic Kingdom,140,Haunted Mansion,False,0,2026-08-01T14:50:16.000Z
2026-08-01T14:55:36.527314+00:00,6,Disney Magic Kingdom,356,The Hall of Presidents,True,0,2026-08-01T14:50:16.000Z
2026-08-01T14:55:36.527314+00:00,6,Disney Magic Kingdom,1188,Main Street Vehicles,True,0,2026-08-01T14:50:16.000Z
2026-08-01T14:55:36.527314+00:00,6,Disney Magic Kingdom,146,Meet Mickey at Town Square Theater,True,20,2026-08-01T14:50:16.000Z
2026-08-01T14:55:36.527314+00:00,6,Disney Magic Kingdom,1189,"Walt Disney World Railroad - Main Street, U.S.A.",True,20,2026-08-01T14:50:16.000Z
2026-08-01T14:55:36.527314+00:00,6,Disney Magic Kingdom,248,Astro Orbiter,True,10,2026-08-01T14:50:16.000Z
2026-08-01T14:55:36.527314+00:00,6,Disney Magic Kingdom,131,Buzz Lightyear’s Space Ranger Spin,True,20,2026-08-01T14:50:16.000Z
2026-08-01T14:55:36.527314+00:00,6,Disney Magic Kingdom,125,"Monsters, Inc. Laugh Floor",True,10,2026-08-01T14:50:16.000Z
2026-08-01T14:55:36.527314+00:00,6,Disney Magic Kingdom,138,Space Mountain,True,25,2026-08-01T14:50:16.000Z
2026-08-01T14:55:36.527314+00:00,6,Disney Magic Kingdom,143,Tomorrowland Speedway,True,10,2026-08-01T14:50:16.000Z
2026-08-01T14:55:36.527314+00:00,6,Disney Magic Kingdom,1190,Tomorrowland Transit Authority PeopleMover,True,5,2026-08-01T14:50:16.000Z
2026-08-01T14:55:36.527314+00:00,6,Disney Magic Kingdom,11527,TRON Lightcycle / Run,True,40,2026-08-01T14:50:16.000Z
2026-08-01T14:55:36.527314+00:00,6,Disney Magic Kingdom,457,Walt Disney's Carousel of Progress,False,0,2026-08-01T14:50:16.000Z
2026-08-01T14:55:36.692313+00:00,5,Epcot,2495,Disney and Pixar Short Film Festival,True,0,2026-08-01T14:50:16.000Z
2026-08-01T14:55:36.692313+00:00,5,Epcot,155,Journey Into Imagination With Figment,True,5,2026-08-01T14:50:16.000Z
2026-08-01T14:55:36.692313+00:00,5,Epcot,13627,Meet Beloved Disney Pals at Mickey & Friends,True,25,2026-08-01T14:50:16.000Z
2026-08-01T14:55:36.692313+00:00,5,Epcot,159,Spaceship Earth,True,25,2026-08-01T14:50:16.000Z
2026-08-01T14:55:36.692313+00:00,5,Epcot,10916,Guardians of the Galaxy: Cosmic Rewind,True,85,2026-08-01T14:50:16.000Z
2026-08-01T14:55:36.692313+00:00,5,Epcot,158,Mission: SPACE,True,50,2026-08-01T14:50:16.000Z
2026-08-01T14:55:36.692313+00:00,5,Epcot,160,Test Track,False,0,2026-08-01T14:50:16.000Z
2026-08-01T14:55:36.692313+00:00,5,Epcot,10900,Test Track Presented by Chevrolet Single Rider,False,0,2026-08-01T14:50:16.000Z
2026-08-01T14:55:36.692313+00:00,5,Epcot,7323,Awesome Planet,True,0,2026-08-01T14:50:16.000Z
2026-08-01T14:55:36.692313+00:00,5,Epcot,12387,"Journey of Water, Inspired by Moana",True,0,2026-08-01T14:50:16.000Z
2026-08-01T14:55:36.692313+00:00,5,Epcot,156,Living with the Land,True,15,2026-08-01T14:50:16.000Z
2026-08-01T14:55:36.692313+00:00,5,Epcot,13782,SeaBase Aquarium,True,0,2026-08-01T14:50:16.000Z
2026-08-01T14:55:36.692313+00:00,5,Epcot,16467,Soarin' Across America,True,55,2026-08-01T14:50:16.000Z
2026-08-01T14:55:36.692313+00:00,5,Epcot,153,The Seas with Nemo & Friends,True,5,2026-08-01T14:50:16.000Z
2026-08-01T14:55:36.692313+00:00,5,Epcot,152,Turtle Talk With Crush,True,15,2026-08-01T14:50:16.000Z
2026-08-01T14:55:36.692313+00:00,5,Epcot,829,Canada Far and Wide in Circle-Vision 360,True,15,2026-08-01T14:50:16.000Z
2026-08-01T14:55:36.692313+00:00,5,Epcot,2679,Frozen Ever After,True,45,2026-08-01T14:50:16.000Z
2026-08-01T14:55:36.692313+00:00,5,Epcot,466,Gran Fiesta Tour Starring The Three Caballeros,True,5,2026-08-01T14:50:16.000Z
2026-08-01T14:55:36.692313+00:00,5,Epcot,6701,Meet Anna and Elsa at Royal Sommerhus,True,30,2026-08-01T14:50:16.000Z
2026-08-01T14:55:36.692313+00:00,5,Epcot,10914,Remy's Ratatouille Adventure,True,55,2026-08-01T14:50:16.000Z
2026-08-01T14:55:36.692313+00:00,5,Epcot,10915,Remy's Ratatouille Adventure Single Rider,True,0,2026-08-01T14:50:16.000Z
2026-08-01T16:54:36.376787+00:00,8,Animal Kingdom,657,Festival of the Lion King,True,0,2026-08-01T16:50:43.000Z
2026-08-01T16:54:36.376787+00:00,8,Animal Kingdom,651,Gorilla Falls Exploration Trail,True,5,2026-08-01T16:50:43.000Z
2026-08-01T16:54:36.376787+00:00,8,Animal Kingdom,113,Kilimanjaro Safaris,True,35,2026-08-01T16:50:43.000Z
2026-08-01T16:54:36.376787+00:00,8,Animal Kingdom,655,Wildlife Express Train,True,10,2026-08-01T16:50:43.000Z
2026-08-01T16:54:36.376787+00:00,8,Animal Kingdom,110,Expedition Everest - Legend of the Forbidden Mountain,True,40,2026-08-01T16:50:43.000Z
2026-08-01T16:54:36.376787+00:00,8,Animal Kingdom,14533,Expedition Everest - Legend of the Forbidden Mountain Single Rider,True,0,2026-08-01T16:50:43.000Z
2026-08-01T16:54:36.376787+00:00,8,Animal Kingdom,10921,Feathered Friends in Flight!,True,0,2026-08-01T16:50:43.000Z
2026-08-01T16:54:36.376787+00:00,8,Animal Kingdom,112,Kali River Rapids,True,45,2026-08-01T16:50:43.000Z
2026-08-01T16:54:36.376787+00:00,8,Animal Kingdom,13806,Animal Care at Conservation Station,True,0,2026-08-01T16:50:43.000Z
2026-08-01T16:54:36.376787+00:00,8,Animal Kingdom,16545,Bluey's Wild World at Conservation Station,True,35,2026-08-01T16:50:43.000Z
2026-08-01T16:54:36.376787+00:00,8,Animal Kingdom,10920,Finding Nemo: The Big Blue... and Beyond!,True,0,2026-08-01T16:50:43.000Z
2026-08-01T16:54:36.376787+00:00,8,Animal Kingdom,13811,Discovery Island Trails,True,0,2026-08-01T16:50:43.000Z
2026-08-01T16:54:36.376787+00:00,8,Animal Kingdom,116,Meet Favorite Disney Pals at Adventurers Outpost,True,25,2026-08-01T16:50:43.000Z
2026-08-01T16:54:36.376787+00:00,8,Animal Kingdom,12451,Meet Moana at Character Landing,False,0,2026-08-01T16:50:43.000Z
2026-08-01T16:54:36.376787+00:00,8,Animal Kingdom,13751,Tree of Life,True,0,2026-08-01T16:50:43.000Z
2026-08-01T16:54:36.376787+00:00,8,Animal Kingdom,14943,Zootopia: Better Zoogether!,True,10,2026-08-01T16:50:43.000Z
2026-08-01T16:54:36.376787+00:00,8,Animal Kingdom,4439,Avatar Flight of Passage,True,60,2026-08-01T16:50:43.000Z
2026-08-01T16:54:36.376787+00:00,8,Animal Kingdom,4438,Na'vi River Journey,True,40,2026-08-01T16:50:43.000Z
2026-08-01T16:54:36.376787+00:00,8,Animal Kingdom,13812,The Oasis Exhibits,True,0,2026-08-01T16:50:43.000Z
2026-08-01T16:54:36.376787+00:00,8,Animal Kingdom,13808,Wilderness Explorers,True,0,2026-08-01T16:50:43.000Z
2026-08-01T16:54:36.484769+00:00,7,Disney Hollywood Studios,16641,Disney Jr. Mickey Mouse Clubhouse Live!,True,0,2026-08-01T16:50:43.000Z
2026-08-01T16:54:36.484769+00:00,7,Disney Hollywood Studios,12430,Meet Ariel at Walt Disney Presents,True,0,2026-08-01T16:50:43.000Z
2026-08-01T16:54:36.484769+00:00,7,Disney Hollywood Studios,14859,The Little Mermaid – A Musical Adventure,True,0,2026-08-01T16:50:43.000Z
2026-08-01T16:54:36.484769+00:00,7,Disney Hollywood Studios,5145,Walt Disney Presents,True,0,2026-08-01T16:50:43.000Z
2026-08-01T16:54:36.484769+00:00,7,Disney Hollywood Studios,6704,Meet Disney Stars at Red Carpet Dreams,True,40,2026-08-01T16:50:43.000Z
2026-08-01T16:54:36.484769+00:00,7,Disney Hollywood Studios,1174,For the First Time in Forever: A Frozen Sing-Along Celebration,True,0,2026-08-01T16:50:43.000Z
2026-08-01T16:54:36.484769+00:00,7,Disney Hollywood Studios,6702,Indiana Jones™ Epic Stunt Spectacular!,True,0,2026-08-01T16:50:43.000Z
2026-08-01T16:54:36.484769+00:00,7,Disney Hollywood Studios,6703,Meet Olaf at Celebrity Spotlight,True,10,2026-08-01T16:50:43.000Z
2026-08-01T16:54:36.484769+00:00,7,Disney Hollywood Studios,120,Star Tours – The Adventures Continue,True,10,2026-08-01T16:50:43.000Z
2026-08-01T16:54:36.484769+00:00,7,Disney Hollywood Studios,7333,Vacation Fun - An Original Animated Short with Mickey & Minnie,True,10,2026-08-01T16:50:43.000Z
2026-08-01T16:54:36.484769+00:00,7,Disney Hollywood Studios,6361,Mickey & Minnie's Runaway Railway,True,50,2026-08-01T16:50:43.000Z
2026-08-01T16:54:36.484769+00:00,7,Disney Hollywood Studios,12425,Meet Edna Mode at the Edna Mode Experience,True,15,2026-08-01T16:50:43.000Z
2026-08-01T16:54:36.484769+00:00,7,Disney Hollywood Studios,117,Toy Story Mania!,True,40,2026-08-01T16:50:43.000Z
2026-08-01T16:54:36.484769+00:00,7,Disney Hollywood Studios,6368,Millennium Falcon: Smugglers Run,True,60,2026-08-01T16:50:43.000Z
2026-08-01T16:54:36.484769+00:00,7,Disney Hollywood Studios,10902,Millennium Falcon: Smugglers Run Single Rider,True,0,2026-08-01T16:50:43.000Z
2026-08-01T16:54:36.484769+00:00,7,Disney Hollywood Studios,6369,Star Wars: Rise of the Resistance,False,0,2026-08-01T16:50:43.000Z
2026-08-01T16:54:36.484769+00:00,7,Disney Hollywood Studios,14531,Star Wars: Rise of the Resistance Single Rider,False,0,2026-08-01T16:50:43.000Z
2026-08-01T16:54:36.484769+00:00,7,Disney Hollywood Studios,1176,Beauty and the Beast – Live on Stage,True,0,2026-08-01T16:50:43.000Z
2026-08-01T16:54:36.484769+00:00,7,Disney Hollywood Studios,16343,Rock 'n' Roller Coaster Starring Aerosmith Single Rider,True,0,2026-08-01T16:50:43.000Z
2026-08-01T16:54:36.484769+00:00,7,Disney Hollywood Studios,16342,Rock ’n’ Roller Coaster Starring The Muppets,True,60,2026-08-01T16:50:43.000Z
2026-08-01T16:54:36.484769+00:00,7,Disney Hollywood Studios,123,The Twilight Zone™ Tower of Terror,True,110,2026-08-01T16:50:43.000Z
2026-08-01T16:54:36.484769+00:00,7,Disney Hollywood Studios,5477,Alien Swirling Saucers,True,35,2026-08-01T16:50:43.000Z
2026-08-01T16:54:36.484769+00:00,7,Disney Hollywood Studios,5476,Slinky Dog Dash,True,65,2026-08-01T16:50:43.000Z
2026-08-01T16:54:36.583126+00:00,6,Disney Magic Kingdom,1184,A Pirate's Adventure ~ Treasures of the Seven Seas,True,0,2026-08-01T16:50:37.000Z
2026-08-01T16:54:36.583126+00:00,6,Disney Magic Kingdom,134,Jungle Cruise,True,35,2026-08-01T16:50:37.000Z
2026-08-01T16:54:36.583126+00:00,6,Disney Magic Kingdom,137,Pirates of the Caribbean,True,25,2026-08-01T16:50:37.000Z
2026-08-01T16:54:36.583126+00:00,6,Disney Magic Kingdom,355,Swiss Family Treehouse,True,5,2026-08-01T16:50:37.000Z
2026-08-01T16:54:36.583126+00:00,6,Disney Magic Kingdom,141,The Magic Carpets of Aladdin,True,15,2026-08-01T16:50:37.000Z
2026-08-01T16:54:36.583126+00:00,6,Disney Magic Kingdom,334,Walt Disney's Enchanted Tiki Room,True,10,2026-08-01T16:50:37.000Z
2026-08-01T16:54:36.583126+00:00,6,Disney Magic Kingdom,133,"""it's a small world""",True,30,2026-08-01T16:50:37.000Z
2026-08-01T16:54:36.583126+00:00,6,Disney Magic Kingdom,13764,Casey Jr. Splash 'N' Soak Station,True,0,2026-08-01T16:50:37.000Z
2026-08-01T16:54:36.583126+00:00,6,Disney Magic Kingdom,13763,Cinderella Castle,True,0,2026-08-01T16:50:37.000Z
2026-08-01T16:54:36.583126+00:00,6,Disney Magic Kingdom,132,Dumbo the Flying Elephant,True,5,2026-08-01T16:50:37.000Z
2026-08-01T16:54:36.583126+00:00,6,Disney Magic Kingdom,128,Enchanted Tales with Belle,True,15,2026-08-01T16:50:37.000Z
2026-08-01T16:54:36.583126+00:00,6,Disney Magic Kingdom,135,Mad Tea Party,True,15,2026-08-01T16:50:37.000Z
2026-08-01T16:54:36.583126+00:00,6,Disney Magic Kingdom,147,Meet Ariel at Her Grotto,True,20,2026-08-01T16:50:37.000Z
2026-08-01T16:54:36.583126+00:00,6,Disney Magic Kingdom,6700,Meet Cinderella and a Visiting Princess at Princess Fairytale Hall,True,25,2026-08-01T16:50:37.000Z
2026-08-01T16:54:36.583126+00:00,6,Disney Magic Kingdom,144,Meet Daring Disney Pals as Circus Stars at Pete's Silly Sideshow,True,25,2026-08-01T16:50:37.000Z
2026-08-01T16:54:36.583126+00:00,6,Disney Magic Kingdom,145,Meet Dashing Disney Pals as Circus Stars at Pete's Silly Sideshow,True,25,2026-08-01T16:50:37.000Z
2026-08-01T16:54:36.583126+00:00,6,Disney Magic Kingdom,6699,Meet Princess Tiana and a Visiting Princess at Princess Fairytale Hall,True,15,2026-08-01T16:50:37.000Z
2026-08-01T16:54:36.583126+00:00,6,Disney Magic Kingdom,171,Mickey's PhilharMagic,True,15,2026-08-01T16:50:37.000Z
2026-08-01T16:54:36.583126+00:00,6,Disney Magic Kingdom,136,Peter Pan's Flight,True,55,2026-08-01T16:50:37.000Z
2026-08-01T16:54:36.583126+00:00,6,Disney Magic Kingdom,161,Prince Charming Regal Carrousel,True,10,2026-08-01T16:50:37.000Z
2026-08-01T16:54:36.583126+00:00,6,Disney Magic Kingdom,129,Seven Dwarfs Mine Train,True,55,2026-08-01T16:50:37.000Z
2026-08-01T16:54:36.583126+00:00,6,Disney Magic Kingdom,126,The Barnstormer,True,10,2026-08-01T16:50:37.000Z
2026-08-01T16:54:36.583126+00:00,6,Disney Magic Kingdom,142,The Many Adventures of Winnie the Pooh,True,20,2026-08-01T16:50:37.000Z
2026-08-01T16:54:36.583126+00:00,6,Disney Magic Kingdom,127,Under the Sea - Journey of The Little Mermaid,True,10,2026-08-01T16:50:37.000Z
2026-08-01T16:54:36.583126+00:00,6,Disney Magic Kingdom,1181,Walt Disney World Railroad - Fantasyland,True,15,2026-08-01T16:50:37.000Z
2026-08-01T16:54:36.583126+00:00,6,Disney Magic Kingdom,130,Big Thunder Mountain Railroad,True,25,2026-08-01T16:50:37.000Z
2026-08-01T16:54:36.583126+00:00,6,Disney Magic Kingdom,1214,Country Bear Musical Jamboree,True,10,2026-08-01T16:50:37.000Z
2026-08-01T16:54:36.583126+00:00,6,Disney Magic Kingdom,13630,Tiana's Bayou Adventure,True,45,2026-08-01T16:50:37.000Z
2026-08-01T16:54:36.583126+00:00,6,Disney Magic Kingdom,140,Haunted Mansion,False,0,2026-08-01T16:50:37.000Z
2026-08-01T16:54:36.583126+00:00,6,Disney Magic Kingdom,356,The Hall of Presidents,True,15,2026-08-01T16:50:37.000Z
2026-08-01T16:54:36.583126+00:00,6,Disney Magic Kingdom,1188,Main Street Vehicles,True,0,2026-08-01T16:50:37.000Z
2026-08-01T16:54:36.583126+00:00,6,Disney Magic Kingdom,146,Meet Mickey at Town Square Theater,True,35,2026-08-01T16:50:37.000Z
2026-08-01T16:54:36.583126+00:00,6,Disney Magic Kingdom,1189,"Walt Disney World Railroad - Main Street, U.S.A.",True,15,2026-08-01T16:50:37.000Z
2026-08-01T16:54:36.583126+00:00,6,Disney Magic Kingdom,248,Astro Orbiter,True,15,2026-08-01T16:50:37.000Z
2026-08-01T16:54:36.583126+00:00,6,Disney Magic Kingdom,131,Buzz Lightyear’s Space Ranger Spin,True,50,2026-08-01T16:50:37.000Z
2026-08-01T16:54:36.583126+00:00,6,Disney Magic Kingdom,125,"Monsters, Inc. Laugh Floor",True,10,2026-08-01T16:50:37.000Z
2026-08-01T16:54:36.583126+00:00,6,Disney Magic Kingdom,138,Space Mountain,True,40,2026-08-01T16:50:37.000Z
2026-08-01T16:54:36.583126+00:00,6,Disney Magic Kingdom,143,Tomorrowland Speedway,True,10,2026-08-01T16:50:37.000Z
2026-08-01T16:54:36.583126+00:00,6,Disney Magic Kingdom,1190,Tomorrowland Transit Authority PeopleMover,True,10,2026-08-01T16:50:37.000Z
2026-08-01T16:54:36.583126+00:00,6,Disney Magic Kingdom,11527,TRON Lightcycle / Run,True,50,2026-08-01T16:50:37.000Z
2026-08-01T16:54:36.583126+00:00,6,Disney Magic Kingdom,457,Walt Disney's Carousel of Progress,False,0,2026-08-01T16:50:37.000Z
2026-08-01T16:54:36.683454+00:00,5,Epcot,2495,Disney and Pixar Short Film Festival,True,0,2026-08-01T16:50:36.000Z
2026-08-01T16:54:36.683454+00:00,5,Epcot,155,Journey Into Imagination With Figment,True,5,2026-08-01T16:50:36.000Z
2026-08-01T16:54:36.683454+00:00,5,Epcot,13627,Meet Beloved Disney Pals at Mickey & Friends,True,15,2026-08-01T16:50:36.000Z
2026-08-01T16:54:36.683454+00:00,5,Epcot,159,Spaceship Earth,True,15,2026-08-01T16:50:36.000Z
2026-08-01T16:54:36.683454+00:00,5,Epcot,10916,Guardians of the Galaxy: Cosmic Rewind,True,70,2026-08-01T16:50:36.000Z
2026-08-01T16:54:36.683454+00:00,5,Epcot,158,Mission: SPACE,True,15,2026-08-01T16:50:36.000Z
2026-08-01T16:54:36.683454+00:00,5,Epcot,160,Test Track,False,0,2026-08-01T16:50:36.000Z
2026-08-01T16:54:36.683454+00:00,5,Epcot,10900,Test Track Presented by Chevrolet Single Rider,False,0,2026-08-01T16:50:36.000Z
2026-08-01T16:54:36.683454+00:00,5,Epcot,7323,Awesome Planet,True,0,2026-08-01T16:50:36.000Z
2026-08-01T16:54:36.683454+00:00,5,Epcot,12387,"Journey of Water, Inspired by Moana",True,0,2026-08-01T16:50:36.000Z
2026-08-01T16:54:36.683454+00:00,5,Epcot,156,Living with the Land,True,15,2026-08-01T16:50:36.000Z
2026-08-01T16:54:36.683454+00:00,5,Epcot,13782,SeaBase Aquarium,True,0,2026-08-01T16:50:36.000Z
2026-08-01T16:54:36.683454+00:00,5,Epcot,16467,Soarin' Across America,True,45,2026-08-01T16:50:36.000Z
2026-08-01T16:54:36.683454+00:00,5,Epcot,153,The Seas with Nemo & Friends,True,15,2026-08-01T16:50:36.000Z
2026-08-01T16:54:36.683454+00:00,5,Epcot,152,Turtle Talk With Crush,True,15,2026-08-01T16:50:36.000Z
2026-08-01T16:54:36.683454+00:00,5,Epcot,829,Canada Far and Wide in Circle-Vision 360,True,15,2026-08-01T16:50:36.000Z
2026-08-01T16:54:36.683454+00:00,5,Epcot,2679,Frozen Ever After,True,65,2026-08-01T16:50:36.000Z
2026-08-01T16:54:36.683454+00:00,5,Epcot,466,Gran Fiesta Tour Starring The Three Caballeros,True,10,2026-08-01T16:50:36.000Z
2026-08-01T16:54:36.683454+00:00,5,Epcot,6701,Meet Anna and Elsa at Royal Sommerhus,True,20,2026-08-01T16:50:36.000Z
2026-08-01T16:54:36.683454+00:00,5,Epcot,10914,Remy's Ratatouille Adventure,True,45,2026-08-01T16:50:36.000Z
2026-08-01T16:54:36.683454+00:00,5,Epcot,10915,Remy's Ratatouille Adventure Single Rider,True,0,2026-08-01T16:50:36.000Z
2026-08-01T19:01:53.789049+00:00,8,Animal Kingdom,657,Festival of the Lion King,True,0,2026-08-01T19:00:39.000Z
2026-08-01T19:01:53.789049+00:00,8,Animal Kingdom,651,Gorilla Falls Exploration Trail,True,5,2026-08-01T19:00:39.000Z
2026-08-01T19:01:53.789049+00:00,8,Animal Kingdom,113,Kilimanjaro Safaris,True,15,2026-08-01T19:00:39.000Z
2026-08-01T19:01:53.789049+00:00,8,Animal Kingdom,655,Wildlife Express Train,True,5,2026-08-01T19:00:39.000Z
2026-08-01T19:01:53.789049+00:00,8,Animal Kingdom,110,Expedition Everest - Legend of the Forbidden Mountain,True,25,2026-08-01T19:00:39.000Z
2026-08-01T19:01:53.789049+00:00,8,Animal Kingdom,14533,Expedition Everest - Legend of the Forbidden Mountain Single Rider,True,0,2026-08-01T19:00:39.000Z
2026-08-01T19:01:53.789049+00:00,8,Animal Kingdom,10921,Feathered Friends in Flight!,True,0,2026-08-01T19:00:39.000Z
2026-08-01T19:01:53.789049+00:00,8,Animal Kingdom,112,Kali River Rapids,True,40,2026-08-01T19:00:39.000Z
2026-08-01T19:01:53.789049+00:00,8,Animal Kingdom,13806,Animal Care at Conservation Station,True,0,2026-08-01T19:00:39.000Z
2026-08-01T19:01:53.789049+00:00,8,Animal Kingdom,16545,Bluey's Wild World at Conservation Station,True,20,2026-08-01T19:00:39.000Z
2026-08-01T19:01:53.789049+00:00,8,Animal Kingdom,10920,Finding Nemo: The Big Blue... and Beyond!,True,0,2026-08-01T19:00:39.000Z
2026-08-01T19:01:53.789049+00:00,8,Animal Kingdom,13811,Discovery Island Trails,True,0,2026-08-01T19:00:39.000Z
2026-08-01T19:01:53.789049+00:00,8,Animal Kingdom,116,Meet Favorite Disney Pals at Adventurers Outpost,True,10,2026-08-01T19:00:39.000Z
2026-08-01T19:01:53.789049+00:00,8,Animal Kingdom,12451,Meet Moana at Character Landing,True,0,2026-08-01T19:00:39.000Z
2026-08-01T19:01:53.789049+00:00,8,Animal Kingdom,13751,Tree of Life,True,0,2026-08-01T19:00:39.000Z
2026-08-01T19:01:53.789049+00:00,8,Animal Kingdom,14943,Zootopia: Better Zoogether!,True,10,2026-08-01T19:00:39.000Z
2026-08-01T19:01:53.789049+00:00,8,Animal Kingdom,4439,Avatar Flight of Passage,True,50,2026-08-01T19:00:39.000Z
2026-08-01T19:01:53.789049+00:00,8,Animal Kingdom,4438,Na'vi River Journey,True,45,2026-08-01T19:00:39.000Z
2026-08-01T19:01:53.789049+00:00,8,Animal Kingdom,13812,The Oasis Exhibits,True,0,2026-08-01T19:00:39.000Z
2026-08-01T19:01:53.789049+00:00,8,Animal Kingdom,13808,Wilderness Explorers,True,0,2026-08-01T19:00:39.000Z
2026-08-01T19:01:53.896733+00:00,7,Disney Hollywood Studios,16641,Disney Jr. Mickey Mouse Clubhouse Live!,True,0,2026-08-01T19:00:28.000Z
2026-08-01T19:01:53.896733+00:00,7,Disney Hollywood Studios,12430,Meet Ariel at Walt Disney Presents,True,0,2026-08-01T19:00:28.000Z
2026-08-01T19:01:53.896733+00:00,7,Disney Hollywood Studios,14859,The Little Mermaid – A Musical Adventure,True,0,2026-08-01T19:00:28.000Z
2026-08-01T19:01:53.896733+00:00,7,Disney Hollywood Studios,5145,Walt Disney Presents,True,0,2026-08-01T19:00:28.000Z
2026-08-01T19:01:53.896733+00:00,7,Disney Hollywood Studios,6704,Meet Disney Stars at Red Carpet Dreams,True,25,2026-08-01T19:00:28.000Z
2026-08-01T19:01:53.896733+00:00,7,Disney Hollywood Studios,1174,For the First Time in Forever: A Frozen Sing-Along Celebration,True,0,2026-08-01T19:00:28.000Z
2026-08-01T19:01:53.896733+00:00,7,Disney Hollywood Studios,6702,Indiana Jones™ Epic Stunt Spectacular!,True,0,2026-08-01T19:00:28.000Z
2026-08-01T19:01:53.896733+00:00,7,Disney Hollywood Studios,6703,Meet Olaf at Celebrity Spotlight,True,10,2026-08-01T19:00:28.000Z
2026-08-01T19:01:53.896733+00:00,7,Disney Hollywood Studios,120,Star Tours – The Adventures Continue,True,5,2026-08-01T19:00:28.000Z
2026-08-01T19:01:53.896733+00:00,7,Disney Hollywood Studios,7333,Vacation Fun - An Original Animated Short with Mickey & Minnie,True,10,2026-08-01T19:00:28.000Z
2026-08-01T19:01:53.896733+00:00,7,Disney Hollywood Studios,6361,Mickey & Minnie's Runaway Railway,True,40,2026-08-01T19:00:28.000Z
2026-08-01T19:01:53.896733+00:00,7,Disney Hollywood Studios,12425,Meet Edna Mode at the Edna Mode Experience,True,15,2026-08-01T19:00:28.000Z
2026-08-01T19:01:53.896733+00:00,7,Disney Hollywood Studios,117,Toy Story Mania!,True,50,2026-08-01T19:00:28.000Z
2026-08-01T19:01:53.896733+00:00,7,Disney Hollywood Studios,6368,Millennium Falcon: Smugglers Run,True,35,2026-08-01T19:00:28.000Z
2026-08-01T19:01:53.896733+00:00,7,Disney Hollywood Studios,10902,Millennium Falcon: Smugglers Run Single Rider,True,0,2026-08-01T19:00:28.000Z
2026-08-01T19:01:53.896733+00:00,7,Disney Hollywood Studios,6369,Star Wars: Rise of the Resistance,False,0,2026-08-01T19:00:28.000Z
2026-08-01T19:01:53.896733+00:00,7,Disney Hollywood Studios,14531,Star Wars: Rise of the Resistance Single Rider,False,0,2026-08-01T19:00:28.000Z
2026-08-01T19:01:53.896733+00:00,7,Disney Hollywood Studios,1176,Beauty and the Beast – Live on Stage,True,0,2026-08-01T19:00:28.000Z
2026-08-01T19:01:53.896733+00:00,7,Disney Hollywood Studios,16343,Rock 'n' Roller Coaster Starring Aerosmith Single Rider,True,0,2026-08-01T19:00:28.000Z
2026-08-01T19:01:53.896733+00:00,7,Disney Hollywood Studios,16342,Rock ’n’ Roller Coaster Starring The Muppets,True,60,2026-08-01T19:00:28.000Z
2026-08-01T19:01:53.896733+00:00,7,Disney Hollywood Studios,123,The Twilight Zone™ Tower of Terror,True,80,2026-08-01T19:00:28.000Z
2026-08-01T19:01:53.896733+00:00,7,Disney Hollywood Studios,5477,Alien Swirling Saucers,True,35,2026-08-01T19:00:28.000Z
2026-08-01T19:01:53.896733+00:00,7,Disney Hollywood Studios,5476,Slinky Dog Dash,True,80,2026-08-01T19:00:28.000Z
2026-08-01T19:01:53.997835+00:00,6,Disney Magic Kingdom,1184,A Pirate's Adventure ~ Treasures of the Seven Seas,True,0,2026-08-01T19:00:28.000Z
2026-08-01T19:01:53.997835+00:00,6,Disney Magic Kingdom,134,Jungle Cruise,True,45,2026-08-01T19:00:28.000Z
2026-08-01T19:01:53.997835+00:00,6,Disney Magic Kingdom,137,Pirates of the Caribbean,True,15,2026-08-01T19:00:28.000Z
2026-08-01T19:01:53.997835+00:00,6,Disney Magic Kingdom,355,Swiss Family Treehouse,True,5,2026-08-01T19:00:28.000Z
2026-08-01T19:01:53.997835+00:00,6,Disney Magic Kingdom,141,The Magic Carpets of Aladdin,True,15,2026-08-01T19:00:28.000Z
2026-08-01T19:01:53.997835+00:00,6,Disney Magic Kingdom,334,Walt Disney's Enchanted Tiki Room,True,10,2026-08-01T19:00:28.000Z
2026-08-01T19:01:53.997835+00:00,6,Disney Magic Kingdom,133,"""it's a small world""",False,0,2026-08-01T19:00:28.000Z
2026-08-01T19:01:53.997835+00:00,6,Disney Magic Kingdom,13764,Casey Jr. Splash 'N' Soak Station,True,0,2026-08-01T19:00:28.000Z
2026-08-01T19:01:53.997835+00:00,6,Disney Magic Kingdom,13763,Cinderella Castle,True,0,2026-08-01T19:00:28.000Z
2026-08-01T19:01:53.997835+00:00,6,Disney Magic Kingdom,132,Dumbo the Flying Elephant,True,15,2026-08-01T19:00:28.000Z
2026-08-01T19:01:53.997835+00:00,6,Disney Magic Kingdom,128,Enchanted Tales with Belle,True,10,2026-08-01T19:00:28.000Z
2026-08-01T19:01:53.997835+00:00,6,Disney Magic Kingdom,135,Mad Tea Party,True,15,2026-08-01T19:00:28.000Z
2026-08-01T19:01:53.997835+00:00,6,Disney Magic Kingdom,147,Meet Ariel at Her Grotto,True,20,2026-08-01T19:00:28.000Z
2026-08-01T19:01:53.997835+00:00,6,Disney Magic Kingdom,6700,Meet Cinderella and a Visiting Princess at Princess Fairytale Hall,True,20,2026-08-01T19:00:28.000Z
2026-08-01T19:01:53.997835+00:00,6,Disney Magic Kingdom,144,Meet Daring Disney Pals as Circus Stars at Pete's Silly Sideshow,True,15,2026-08-01T19:00:28.000Z
2026-08-01T19:01:53.997835+00:00,6,Disney Magic Kingdom,145,Meet Dashing Disney Pals as Circus Stars at Pete's Silly Sideshow,True,25,2026-08-01T19:00:28.000Z
2026-08-01T19:01:53.997835+00:00,6,Disney Magic Kingdom,6699,Meet Princess Tiana and a Visiting Princess at Princess Fairytale Hall,True,25,2026-08-01T19:00:28.000Z
2026-08-01T19:01:53.997835+00:00,6,Disney Magic Kingdom,171,Mickey's PhilharMagic,True,15,2026-08-01T19:00:28.000Z
2026-08-01T19:01:53.997835+00:00,6,Disney Magic Kingdom,136,Peter Pan's Flight,True,50,2026-08-01T19:00:28.000Z
2026-08-01T19:01:53.997835+00:00,6,Disney Magic Kingdom,161,Prince Charming Regal Carrousel,True,10,2026-08-01T19:00:28.000Z
2026-08-01T19:01:53.997835+00:00,6,Disney Magic Kingdom,129,Seven Dwarfs Mine Train,True,50,2026-08-01T19:00:28.000Z
2026-08-01T19:01:53.997835+00:00,6,Disney Magic Kingdom,126,The Barnstormer,True,10,2026-08-01T19:00:28.000Z
2026-08-01T19:01:53.997835+00:00,6,Disney Magic Kingdom,142,The Many Adventures of Winnie the Pooh,True,40,2026-08-01T19:00:28.000Z
2026-08-01T19:01:53.997835+00:00,6,Disney Magic Kingdom,127,Under the Sea - Journey of The Little Mermaid,True,35,2026-08-01T19:00:28.000Z
2026-08-01T19:01:53.997835+00:00,6,Disney Magic Kingdom,1181,Walt Disney World Railroad - Fantasyland,True,15,2026-08-01T19:00:28.000Z
2026-08-01T19:01:53.997835+00:00,6,Disney Magic Kingdom,130,Big Thunder Mountain Railroad,True,40,2026-08-01T19:00:28.000Z
2026-08-01T19:01:53.997835+00:00,6,Disney Magic Kingdom,1214,Country Bear Musical Jamboree,True,10,2026-08-01T19:00:28.000Z
2026-08-01T19:01:53.997835+00:00,6,Disney Magic Kingdom,13630,Tiana's Bayou Adventure,False,0,2026-08-01T19:00:28.000Z
2026-08-01T19:01:53.997835+00:00,6,Disney Magic Kingdom,140,Haunted Mansion,False,0,2026-08-01T19:00:28.000Z
2026-08-01T19:01:53.997835+00:00,6,Disney Magic Kingdom,356,The Hall of Presidents,True,15,2026-08-01T19:00:28.000Z
2026-08-01T19:01:53.997835+00:00,6,Disney Magic Kingdom,1188,Main Street Vehicles,True,0,2026-08-01T19:00:28.000Z
2026-08-01T19:01:53.997835+00:00,6,Disney Magic Kingdom,146,Meet Mickey at Town Square Theater,True,15,2026-08-01T19:00:28.000Z
2026-08-01T19:01:53.997835+00:00,6,Disney Magic Kingdom,1189,"Walt Disney World Railroad - Main Street, U.S.A.",True,15,2026-08-01T19:00:28.000Z
2026-08-01T19:01:53.997835+00:00,6,Disney Magic Kingdom,248,Astro Orbiter,True,10,2026-08-01T19:00:28.000Z
2026-08-01T19:01:53.997835+00:00,6,Disney Magic Kingdom,131,Buzz Lightyear’s Space Ranger Spin,True,40,2026-08-01T19:00:28.000Z
2026-08-01T19:01:53.997835+00:00,6,Disney Magic Kingdom,125,"Monsters, Inc. Laugh Floor",True,10,2026-08-01T19:00:28.000Z
2026-08-01T19:01:53.997835+00:00,6,Disney Magic Kingdom,138,Space Mountain,True,35,2026-08-01T19:00:28.000Z
2026-08-01T19:01:53.997835+00:00,6,Disney Magic Kingdom,143,Tomorrowland Speedway,True,10,2026-08-01T19:00:28.000Z
2026-08-01T19:01:53.997835+00:00,6,Disney Magic Kingdom,1190,Tomorrowland Transit Authority PeopleMover,True,15,2026-08-01T19:00:28.000Z
2026-08-01T19:01:53.997835+00:00,6,Disney Magic Kingdom,11527,TRON Lightcycle / Run,True,50,2026-08-01T19:00:28.000Z
2026-08-01T19:01:53.997835+00:00,6,Disney Magic Kingdom,457,Walt Disney's Carousel of Progress,False,0,2026-08-01T19:00:28.000Z
2026-08-01T19:01:54.100566+00:00,5,Epcot,2495,Disney and Pixar Short Film Festival,True,0,2026-08-01T19:00:24.000Z
2026-08-01T19:01:54.100566+00:00,5,Epcot,155,Journey Into Imagination With Figment,True,5,2026-08-01T19:00:24.000Z
2026-08-01T19:01:54.100566+00:00,5,Epcot,13627,Meet Beloved Disney Pals at Mickey & Friends,True,15,2026-08-01T19:00:24.000Z
2026-08-01T19:01:54.100566+00:00,5,Epcot,159,Spaceship Earth,True,20,2026-08-01T19:00:24.000Z
2026-08-01T19:01:54.100566+00:00,5,Epcot,10916,Guardians of the Galaxy: Cosmic Rewind,True,75,2026-08-01T19:00:24.000Z
2026-08-01T19:01:54.100566+00:00,5,Epcot,158,Mission: SPACE,True,15,2026-08-01T19:00:24.000Z
2026-08-01T19:01:54.100566+00:00,5,Epcot,160,Test Track,False,0,2026-08-01T19:00:24.000Z
2026-08-01T19:01:54.100566+00:00,5,Epcot,10900,Test Track Presented by Chevrolet Single Rider,False,0,2026-08-01T19:00:24.000Z
2026-08-01T19:01:54.100566+00:00,5,Epcot,7323,Awesome Planet,True,0,2026-08-01T19:00:24.000Z
2026-08-01T19:01:54.100566+00:00,5,Epcot,12387,"Journey of Water, Inspired by Moana",True,0,2026-08-01T19:00:24.000Z
2026-08-01T19:01:54.100566+00:00,5,Epcot,156,Living with the Land,True,5,2026-08-01T19:00:24.000Z
2026-08-01T19:01:54.100566+00:00,5,Epcot,13782,SeaBase Aquarium,True,0,2026-08-01T19:00:24.000Z
2026-08-01T19:01:54.100566+00:00,5,Epcot,16467,Soarin' Across America,True,30,2026-08-01T19:00:24.000Z
2026-08-01T19:01:54.100566+00:00,5,Epcot,153,The Seas with Nemo & Friends,True,5,2026-08-01T19:00:24.000Z
2026-08-01T19:01:54.100566+00:00,5,Epcot,152,Turtle Talk With Crush,True,15,2026-08-01T19:00:24.000Z
2026-08-01T19:01:54.100566+00:00,5,Epcot,829,Canada Far and Wide in Circle-Vision 360,True,15,2026-08-01T19:00:24.000Z
2026-08-01T19:01:54.100566+00:00,5,Epcot,2679,Frozen Ever After,True,60,2026-08-01T19:00:24.000Z
2026-08-01T19:01:54.100566+00:00,5,Epcot,466,Gran Fiesta Tour Starring The Three Caballeros,True,15,2026-08-01T19:00:24.000Z
2026-08-01T19:01:54.100566+00:00,5,Epcot,6701,Meet Anna and Elsa at Royal Sommerhus,True,20,2026-08-01T19:00:24.000Z
2026-08-01T19:01:54.100566+00:00,5,Epcot,10914,Remy's Ratatouille Adventure,True,55,2026-08-01T19:00:24.000Z
2026-08-01T19:01:54.100566+00:00,5,Epcot,10915,Remy's Ratatouille Adventure Single Rider,True,0,2026-08-01T19:00:24.000Z
2026-08-01T20:43:43.791785+00:00,8,Animal Kingdom,657,Festival of the Lion King,True,0,2026-08-01T20:41:00.000Z
2026-08-01T20:43:43.791785+00:00,8,Animal Kingdom,651,Gorilla Falls Exploration Trail,False,0,2026-08-01T20:41:00.000Z
2026-08-01T20:43:43.791785+00:00,8,Animal Kingdom,113,Kilimanjaro Safaris,True,5,2026-08-01T20:41:00.000Z
2026-08-01T20:43:43.791785+00:00,8,Animal Kingdom,655,Wildlife Express Train,True,5,2026-08-01T20:41:00.000Z
2026-08-01T20:43:43.791785+00:00,8,Animal Kingdom,110,Expedition Everest - Legend of the Forbidden Mountain,False,0,2026-08-01T20:41:00.000Z
2026-08-01T20:43:43.791785+00:00,8,Animal Kingdom,14533,Expedition Everest - Legend of the Forbidden Mountain Single Rider,False,0,2026-08-01T20:41:00.000Z
2026-08-01T20:43:43.791785+00:00,8,Animal Kingdom,10921,Feathered Friends in Flight!,True,0,2026-08-01T20:41:00.000Z
2026-08-01T20:43:43.791785+00:00,8,Animal Kingdom,112,Kali River Rapids,False,0,2026-08-01T20:41:00.000Z
2026-08-01T20:43:43.791785+00:00,8,Animal Kingdom,13806,Animal Care at Conservation Station,True,0,2026-08-01T20:41:00.000Z
2026-08-01T20:43:43.791785+00:00,8,Animal Kingdom,16545,Bluey's Wild World at Conservation Station,False,0,2026-08-01T20:41:00.000Z
2026-08-01T20:43:43.791785+00:00,8,Animal Kingdom,10920,Finding Nemo: The Big Blue... and Beyond!,True,0,2026-08-01T20:41:00.000Z
2026-08-01T20:43:43.791785+00:00,8,Animal Kingdom,13811,Discovery Island Trails,True,0,2026-08-01T20:41:00.000Z
2026-08-01T20:43:43.791785+00:00,8,Animal Kingdom,116,Meet Favorite Disney Pals at Adventurers Outpost,True,45,2026-08-01T20:41:00.000Z
2026-08-01T20:43:43.791785+00:00,8,Animal Kingdom,12451,Meet Moana at Character Landing,False,0,2026-08-01T20:41:00.000Z
2026-08-01T20:43:43.791785+00:00,8,Animal Kingdom,13751,Tree of Life,True,0,2026-08-01T20:41:00.000Z
2026-08-01T20:43:43.791785+00:00,8,Animal Kingdom,14943,Zootopia: Better Zoogether!,True,10,2026-08-01T20:41:00.000Z
2026-08-01T20:43:43.791785+00:00,8,Animal Kingdom,4439,Avatar Flight of Passage,True,45,2026-08-01T20:41:00.000Z
2026-08-01T20:43:43.791785+00:00,8,Animal Kingdom,4438,Na'vi River Journey,True,40,2026-08-01T20:41:00.000Z
2026-08-01T20:43:43.791785+00:00,8,Animal Kingdom,13812,The Oasis Exhibits,True,0,2026-08-01T20:41:00.000Z
2026-08-01T20:43:43.791785+00:00,8,Animal Kingdom,13808,Wilderness Explorers,True,0,2026-08-01T20:41:00.000Z
2026-08-01T20:43:43.905490+00:00,7,Disney Hollywood Studios,16641,Disney Jr. Mickey Mouse Clubhouse Live!,True,0,2026-08-01T20:40:57.000Z
2026-08-01T20:43:43.905490+00:00,7,Disney Hollywood Studios,12430,Meet Ariel at Walt Disney Presents,False,0,2026-08-01T20:40:57.000Z
2026-08-01T20:43:43.905490+00:00,7,Disney Hollywood Studios,14859,The Little Mermaid – A Musical Adventure,True,0,2026-08-01T20:40:57.000Z
2026-08-01T20:43:43.905490+00:00,7,Disney Hollywood Studios,5145,Walt Disney Presents,True,0,2026-08-01T20:40:57.000Z
2026-08-01T20:43:43.905490+00:00,7,Disney Hollywood Studios,6704,Meet Disney Stars at Red Carpet Dreams,True,25,2026-08-01T20:40:57.000Z
2026-08-01T20:43:43.905490+00:00,7,Disney Hollywood Studios,1174,For the First Time in Forever: A Frozen Sing-Along Celebration,True,0,2026-08-01T20:40:57.000Z
2026-08-01T20:43:43.905490+00:00,7,Disney Hollywood Studios,6702,Indiana Jones™ Epic Stunt Spectacular!,True,0,2026-08-01T20:40:57.000Z
2026-08-01T20:43:43.905490+00:00,7,Disney Hollywood Studios,6703,Meet Olaf at Celebrity Spotlight,True,15,2026-08-01T20:40:57.000Z
2026-08-01T20:43:43.905490+00:00,7,Disney Hollywood Studios,120,Star Tours – The Adventures Continue,True,5,2026-08-01T20:40:57.000Z
2026-08-01T20:43:43.905490+00:00,7,Disney Hollywood Studios,7333,Vacation Fun - An Original Animated Short with Mickey & Minnie,True,10,2026-08-01T20:40:57.000Z
2026-08-01T20:43:43.905490+00:00,7,Disney Hollywood Studios,6361,Mickey & Minnie's Runaway Railway,True,45,2026-08-01T20:40:57.000Z
2026-08-01T20:43:43.905490+00:00,7,Disney Hollywood Studios,12425,Meet Edna Mode at the Edna Mode Experience,False,0,2026-08-01T20:40:57.000Z
2026-08-01T20:43:43.905490+00:00,7,Disney Hollywood Studios,117,Toy Story Mania!,True,65,2026-08-01T20:40:57.000Z
2026-08-01T20:43:43.905490+00:00,7,Disney Hollywood Studios,6368,Millennium Falcon: Smugglers Run,True,35,2026-08-01T20:40:57.000Z
2026-08-01T20:43:43.905490+00:00,7,Disney Hollywood Studios,10902,Millennium Falcon: Smugglers Run Single Rider,True,0,2026-08-01T20:40:57.000Z
2026-08-01T20:43:43.905490+00:00,7,Disney Hollywood Studios,6369,Star Wars: Rise of the Resistance,False,0,2026-08-01T20:40:57.000Z
2026-08-01T20:43:43.905490+00:00,7,Disney Hollywood Studios,14531,Star Wars: Rise of the Resistance Single Rider,False,0,2026-08-01T20:40:57.000Z
2026-08-01T20:43:43.905490+00:00,7,Disney Hollywood Studios,1176,Beauty and the Beast – Live on Stage,True,0,2026-08-01T20:40:57.000Z
2026-08-01T20:43:43.905490+00:00,7,Disney Hollywood Studios,16343,Rock 'n' Roller Coaster Starring Aerosmith Single Rider,True,0,2026-08-01T20:40:57.000Z
2026-08-01T20:43:43.905490+00:00,7,Disney Hollywood Studios,16342,Rock ’n’ Roller Coaster Starring The Muppets,True,80,2026-08-01T20:40:57.000Z
2026-08-01T20:43:43.905490+00:00,7,Disney Hollywood Studios,123,The Twilight Zone™ Tower of Terror,True,65,2026-08-01T20:40:57.000Z
2026-08-01T20:43:43.905490+00:00,7,Disney Hollywood Studios,5477,Alien Swirling Saucers,True,25,2026-08-01T20:40:57.000Z
2026-08-01T20:43:43.905490+00:00,7,Disney Hollywood Studios,5476,Slinky Dog Dash,False,0,2026-08-01T20:40:57.000Z
2026-08-01T20:43:44.023564+00:00,6,Disney Magic Kingdom,1184,A Pirate's Adventure ~ Treasures of the Seven Seas,True,0,2026-08-01T20:40:52.000Z
2026-08-01T20:43:44.023564+00:00,6,Disney Magic Kingdom,134,Jungle Cruise,False,0,2026-08-01T20:40:52.000Z
2026-08-01T20:43:44.023564+00:00,6,Disney Magic Kingdom,137,Pirates of the Caribbean,True,20,2026-08-01T20:40:52.000Z
2026-08-01T20:43:44.023564+00:00,6,Disney Magic Kingdom,355,Swiss Family Treehouse,False,0,2026-08-01T20:40:52.000Z
2026-08-01T20:43:44.023564+00:00,6,Disney Magic Kingdom,141,The Magic Carpets of Aladdin,False,0,2026-08-01T20:40:52.000Z
2026-08-01T20:43:44.023564+00:00,6,Disney Magic Kingdom,334,Walt Disney's Enchanted Tiki Room,True,10,2026-08-01T20:40:52.000Z
2026-08-01T20:43:44.023564+00:00,6,Disney Magic Kingdom,133,"""it's a small world""",True,10,2026-08-01T20:40:52.000Z
2026-08-01T20:43:44.023564+00:00,6,Disney Magic Kingdom,13764,Casey Jr. Splash 'N' Soak Station,True,0,2026-08-01T20:40:52.000Z
2026-08-01T20:43:44.023564+00:00,6,Disney Magic Kingdom,13763,Cinderella Castle,True,0,2026-08-01T20:40:52.000Z
2026-08-01T20:43:44.023564+00:00,6,Disney Magic Kingdom,132,Dumbo the Flying Elephant,False,0,2026-08-01T20:40:52.000Z
2026-08-01T20:43:44.023564+00:00,6,Disney Magic Kingdom,128,Enchanted Tales with Belle,True,10,2026-08-01T20:40:52.000Z
2026-08-01T20:43:44.023564+00:00,6,Disney Magic Kingdom,135,Mad Tea Party,True,10,2026-08-01T20:40:52.000Z
2026-08-01T20:43:44.023564+00:00,6,Disney Magic Kingdom,147,Meet Ariel at Her Grotto,True,25,2026-08-01T20:40:52.000Z
2026-08-01T20:43:44.023564+00:00,6,Disney Magic Kingdom,6700,Meet Cinderella and a Visiting Princess at Princess Fairytale Hall,True,40,2026-08-01T20:40:52.000Z
2026-08-01T20:43:44.023564+00:00,6,Disney Magic Kingdom,144,Meet Daring Disney Pals as Circus Stars at Pete's Silly Sideshow,True,40,2026-08-01T20:40:52.000Z
2026-08-01T20:43:44.023564+00:00,6,Disney Magic Kingdom,145,Meet Dashing Disney Pals as Circus Stars at Pete's Silly Sideshow,True,40,2026-08-01T20:40:52.000Z
2026-08-01T20:43:44.023564+00:00,6,Disney Magic Kingdom,6699,Meet Princess Tiana and a Visiting Princess at Princess Fairytale Hall,True,35,2026-08-01T20:40:52.000Z
2026-08-01T20:43:44.023564+00:00,6,Disney Magic Kingdom,171,Mickey's PhilharMagic,True,10,2026-08-01T20:40:52.000Z
2026-08-01T20:43:44.023564+00:00,6,Disney Magic Kingdom,136,Peter Pan's Flight,True,50,2026-08-01T20:40:52.000Z
2026-08-01T20:43:44.023564+00:00,6,Disney Magic Kingdom,161,Prince Charming Regal Carrousel,True,10,2026-08-01T20:40:52.000Z
2026-08-01T20:43:44.023564+00:00,6,Disney Magic Kingdom,129,Seven Dwarfs Mine Train,False,0,2026-08-01T20:40:52.000Z
2026-08-01T20:43:44.023564+00:00,6,Disney Magic Kingdom,126,The Barnstormer,False,0,2026-08-01T20:40:52.000Z
2026-08-01T20:43:44.023564+00:00,6,Disney Magic Kingdom,142,The Many Adventures of Winnie the Pooh,True,45,2026-08-01T20:40:52.000Z
2026-08-01T20:43:44.023564+00:00,6,Disney Magic Kingdom,127,Under the Sea - Journey of The Little Mermaid,True,30,2026-08-01T20:40:52.000Z
2026-08-01T20:43:44.023564+00:00,6,Disney Magic Kingdom,1181,Walt Disney World Railroad - Fantasyland,False,0,2026-08-01T20:40:52.000Z
2026-08-01T20:43:44.023564+00:00,6,Disney Magic Kingdom,130,Big Thunder Mountain Railroad,False,0,2026-08-01T20:40:52.000Z
2026-08-01T20:43:44.023564+00:00,6,Disney Magic Kingdom,1214,Country Bear Musical Jamboree,True,10,2026-08-01T20:40:52.000Z
2026-08-01T20:43:44.023564+00:00,6,Disney Magic Kingdom,13630,Tiana's Bayou Adventure,False,0,2026-08-01T20:40:52.000Z
2026-08-01T20:43:44.023564+00:00,6,Disney Magic Kingdom,140,Haunted Mansion,True,40,2026-08-01T20:40:52.000Z
2026-08-01T20:43:44.023564+00:00,6,Disney Magic Kingdom,356,The Hall of Presidents,True,15,2026-08-01T20:40:52.000Z
2026-08-01T20:43:44.023564+00:00,6,Disney Magic Kingdom,1188,Main Street Vehicles,False,0,2026-08-01T20:40:52.000Z
2026-08-01T20:43:44.023564+00:00,6,Disney Magic Kingdom,146,Meet Mickey at Town Square Theater,True,5,2026-08-01T20:40:52.000Z
2026-08-01T20:43:44.023564+00:00,6,Disney Magic Kingdom,1189,"Walt Disney World Railroad - Main Street, U.S.A.",False,0,2026-08-01T20:40:52.000Z
2026-08-01T20:43:44.023564+00:00,6,Disney Magic Kingdom,248,Astro Orbiter,False,0,2026-08-01T20:40:52.000Z
2026-08-01T20:43:44.023564+00:00,6,Disney Magic Kingdom,131,Buzz Lightyear’s Space Ranger Spin,True,50,2026-08-01T20:40:52.000Z
2026-08-01T20:43:44.023564+00:00,6,Disney Magic Kingdom,125,"Monsters, Inc. Laugh Floor",True,10,2026-08-01T20:40:52.000Z
2026-08-01T20:43:44.023564+00:00,6,Disney Magic Kingdom,138,Space Mountain,True,40,2026-08-01T20:40:52.000Z
2026-08-01T20:43:44.023564+00:00,6,Disney Magic Kingdom,143,Tomorrowland Speedway,False,0,2026-08-01T20:40:52.000Z
2026-08-01T20:43:44.023564+00:00,6,Disney Magic Kingdom,1190,Tomorrowland Transit Authority PeopleMover,True,10,2026-08-01T20:40:52.000Z
2026-08-01T20:43:44.023564+00:00,6,Disney Magic Kingdom,11527,TRON Lightcycle / Run,True,60,2026-08-01T20:40:52.000Z
2026-08-01T20:43:44.023564+00:00,6,Disney Magic Kingdom,457,Walt Disney's Carousel of Progress,False,0,2026-08-01T20:40:52.000Z
2026-08-01T20:43:44.149227+00:00,5,Epcot,2495,Disney and Pixar Short Film Festival,True,0,2026-08-01T20:40:50.000Z
2026-08-01T20:43:44.149227+00:00,5,Epcot,155,Journey Into Imagination With Figment,True,5,2026-08-01T20:40:50.000Z
2026-08-01T20:43:44.149227+00:00,5,Epcot,13627,Meet Beloved Disney Pals at Mickey & Friends,True,25,2026-08-01T20:40:50.000Z
2026-08-01T20:43:44.149227+00:00,5,Epcot,159,Spaceship Earth,False,0,2026-08-01T20:40:50.000Z
2026-08-01T20:43:44.149227+00:00,5,Epcot,10916,Guardians of the Galaxy: Cosmic Rewind,True,95,2026-08-01T20:40:50.000Z
2026-08-01T20:43:44.149227+00:00,5,Epcot,158,Mission: SPACE,True,15,2026-08-01T20:40:50.000Z
2026-08-01T20:43:44.149227+00:00,5,Epcot,160,Test Track,False,0,2026-08-01T20:40:50.000Z
2026-08-01T20:43:44.149227+00:00,5,Epcot,10900,Test Track Presented by Chevrolet Single Rider,False,0,2026-08-01T20:40:50.000Z
2026-08-01T20:43:44.149227+00:00,5,Epcot,7323,Awesome Planet,True,0,2026-08-01T20:40:50.000Z
2026-08-01T20:43:44.149227+00:00,5,Epcot,12387,"Journey of Water, Inspired by Moana",False,0,2026-08-01T20:40:50.000Z
2026-08-01T20:43:44.149227+00:00,5,Epcot,156,Living with the Land,True,15,2026-08-01T20:40:50.000Z
2026-08-01T20:43:44.149227+00:00,5,Epcot,13782,SeaBase Aquarium,True,0,2026-08-01T20:40:50.000Z
2026-08-01T20:43:44.149227+00:00,5,Epcot,16467,Soarin' Across America,True,50,2026-08-01T20:40:50.000Z
2026-08-01T20:43:44.149227+00:00,5,Epcot,153,The Seas with Nemo & Friends,True,5,2026-08-01T20:40:50.000Z
2026-08-01T20:43:44.149227+00:00,5,Epcot,152,Turtle Talk With Crush,True,15,2026-08-01T20:40:50.000Z
2026-08-01T20:43:44.149227+00:00,5,Epcot,829,Canada Far and Wide in Circle-Vision 360,True,15,2026-08-01T20:40:50.000Z
2026-08-01T20:43:44.149227+00:00,5,Epcot,2679,Frozen Ever After,False,0,2026-08-01T20:40:50.000Z
2026-08-01T20:43:44.149227+00:00,5,Epcot,466,Gran Fiesta Tour Starring The Three Caballeros,True,5,2026-08-01T20:40:50.000Z
2026-08-01T20:43:44.149227+00:00,5,Epcot,6701,Meet Anna and Elsa at Royal Sommerhus,True,30,2026-08-01T20:40:50.000Z
2026-08-01T20:43:44.149227+00:00,5,Epcot,10914,Remy's Ratatouille Adventure,True,65,2026-08-01T20:40:50.000Z
2026-08-01T20:43:44.149227+00:00,5,Epcot,10915,Remy's Ratatouille Adventure Single Rider,True,0,2026-08-01T20:40:50.000Z
2026-08-01T22:49:31.455974+00:00,8,Animal Kingdom,657,Festival of the Lion King,True,0,2026-08-01T22:45:30.000Z
2026-08-01T22:49:31.455974+00:00,8,Animal Kingdom,651,Gorilla Falls Exploration Trail,False,0,2026-08-01T22:45:30.000Z
2026-08-01T22:49:31.455974+00:00,8,Animal Kingdom,113,Kilimanjaro Safaris,True,10,2026-08-01T22:45:30.000Z
2026-08-01T22:49:31.455974+00:00,8,Animal Kingdom,655,Wildlife Express Train,False,0,2026-08-01T22:45:30.000Z
2026-08-01T22:49:31.455974+00:00,8,Animal Kingdom,110,Expedition Everest - Legend of the Forbidden Mountain,True,15,2026-08-01T22:45:30.000Z
2026-08-01T22:49:31.455974+00:00,8,Animal Kingdom,14533,Expedition Everest - Legend of the Forbidden Mountain Single Rider,True,0,2026-08-01T22:45:30.000Z
2026-08-01T22:49:31.455974+00:00,8,Animal Kingdom,10921,Feathered Friends in Flight!,True,0,2026-08-01T22:45:30.000Z
2026-08-01T22:49:31.455974+00:00,8,Animal Kingdom,112,Kali River Rapids,True,45,2026-08-01T22:45:30.000Z
2026-08-01T22:49:31.455974+00:00,8,Animal Kingdom,13806,Animal Care at Conservation Station,False,0,2026-08-01T22:45:30.000Z
2026-08-01T22:49:31.455974+00:00,8,Animal Kingdom,16545,Bluey's Wild World at Conservation Station,False,0,2026-08-01T22:45:30.000Z
2026-08-01T22:49:31.455974+00:00,8,Animal Kingdom,10920,Finding Nemo: The Big Blue... and Beyond!,True,0,2026-08-01T22:45:30.000Z
2026-08-01T22:49:31.455974+00:00,8,Animal Kingdom,13811,Discovery Island Trails,True,0,2026-08-01T22:45:30.000Z
2026-08-01T22:49:31.455974+00:00,8,Animal Kingdom,116,Meet Favorite Disney Pals at Adventurers Outpost,False,0,2026-08-01T22:45:30.000Z
2026-08-01T22:49:31.455974+00:00,8,Animal Kingdom,12451,Meet Moana at Character Landing,False,0,2026-08-01T22:45:30.000Z
2026-08-01T22:49:31.455974+00:00,8,Animal Kingdom,13751,Tree of Life,True,0,2026-08-01T22:45:30.000Z
2026-08-01T22:49:31.455974+00:00,8,Animal Kingdom,14943,Zootopia: Better Zoogether!,True,10,2026-08-01T22:45:30.000Z
2026-08-01T22:49:31.455974+00:00,8,Animal Kingdom,4439,Avatar Flight of Passage,True,30,2026-08-01T22:45:30.000Z
2026-08-01T22:49:31.455974+00:00,8,Animal Kingdom,4438,Na'vi River Journey,True,20,2026-08-01T22:45:30.000Z
2026-08-01T22:49:31.455974+00:00,8,Animal Kingdom,13812,The Oasis Exhibits,True,0,2026-08-01T22:45:30.000Z
2026-08-01T22:49:31.455974+00:00,8,Animal Kingdom,13808,Wilderness Explorers,False,0,2026-08-01T22:45:30.000Z
2026-08-01T22:49:31.675159+00:00,7,Disney Hollywood Studios,16641,Disney Jr. Mickey Mouse Clubhouse Live!,True,0,2026-08-01T22:45:30.000Z
2026-08-01T22:49:31.675159+00:00,7,Disney Hollywood Studios,12430,Meet Ariel at Walt Disney Presents,False,0,2026-08-01T22:45:30.000Z
2026-08-01T22:49:31.675159+00:00,7,Disney Hollywood Studios,14859,The Little Mermaid – A Musical Adventure,True,0,2026-08-01T22:45:30.000Z
2026-08-01T22:49:31.675159+00:00,7,Disney Hollywood Studios,5145,Walt Disney Presents,True,0,2026-08-01T22:45:30.000Z
2026-08-01T22:49:31.675159+00:00,7,Disney Hollywood Studios,6704,Meet Disney Stars at Red Carpet Dreams,True,30,2026-08-01T22:45:30.000Z
2026-08-01T22:49:31.675159+00:00,7,Disney Hollywood Studios,1174,For the First Time in Forever: A Frozen Sing-Along Celebration,True,0,2026-08-01T22:45:30.000Z
2026-08-01T22:49:31.675159+00:00,7,Disney Hollywood Studios,6702,Indiana Jones™ Epic Stunt Spectacular!,True,0,2026-08-01T22:45:30.000Z
2026-08-01T22:49:31.675159+00:00,7,Disney Hollywood Studios,6703,Meet Olaf at Celebrity Spotlight,False,0,2026-08-01T22:45:30.000Z
2026-08-01T22:49:31.675159+00:00,7,Disney Hollywood Studios,120,Star Tours – The Adventures Continue,True,5,2026-08-01T22:45:30.000Z
2026-08-01T22:49:31.675159+00:00,7,Disney Hollywood Studios,7333,Vacation Fun - An Original Animated Short with Mickey & Minnie,True,10,2026-08-01T22:45:30.000Z
2026-08-01T22:49:31.675159+00:00,7,Disney Hollywood Studios,6361,Mickey & Minnie's Runaway Railway,True,40,2026-08-01T22:45:30.000Z
2026-08-01T22:49:31.675159+00:00,7,Disney Hollywood Studios,12425,Meet Edna Mode at the Edna Mode Experience,False,0,2026-08-01T22:45:30.000Z
2026-08-01T22:49:31.675159+00:00,7,Disney Hollywood Studios,117,Toy Story Mania!,True,90,2026-08-01T22:45:30.000Z
2026-08-01T22:49:31.675159+00:00,7,Disney Hollywood Studios,6368,Millennium Falcon: Smugglers Run,True,30,2026-08-01T22:45:30.000Z
2026-08-01T22:49:31.675159+00:00,7,Disney Hollywood Studios,10902,Millennium Falcon: Smugglers Run Single Rider,True,0,2026-08-01T22:45:30.000Z
2026-08-01T22:49:31.675159+00:00,7,Disney Hollywood Studios,6369,Star Wars: Rise of the Resistance,True,155,2026-08-01T22:45:30.000Z
2026-08-01T22:49:31.675159+00:00,7,Disney Hollywood Studios,14531,Star Wars: Rise of the Resistance Single Rider,True,0,2026-08-01T22:45:30.000Z
2026-08-01T22:49:31.675159+00:00,7,Disney Hollywood Studios,1176,Beauty and the Beast – Live on Stage,True,0,2026-08-01T22:45:30.000Z
2026-08-01T22:49:31.675159+00:00,7,Disney Hollywood Studios,16343,Rock 'n' Roller Coaster Starring Aerosmith Single Rider,True,0,2026-08-01T22:45:30.000Z
2026-08-01T22:49:31.675159+00:00,7,Disney Hollywood Studios,16342,Rock ’n’ Roller Coaster Starring The Muppets,True,55,2026-08-01T22:45:30.000Z
2026-08-01T22:49:31.675159+00:00,7,Disney Hollywood Studios,123,The Twilight Zone™ Tower of Terror,True,70,2026-08-01T22:45:30.000Z
2026-08-01T22:49:31.675159+00:00,7,Disney Hollywood Studios,5477,Alien Swirling Saucers,True,25,2026-08-01T22:45:30.000Z
2026-08-01T22:49:31.675159+00:00,7,Disney Hollywood Studios,5476,Slinky Dog Dash,False,0,2026-08-01T22:45:30.000Z
2026-08-01T22:49:31.900947+00:00,6,Disney Magic Kingdom,1184,A Pirate's Adventure ~ Treasures of the Seven Seas,False,0,2026-08-01T22:45:18.000Z
2026-08-01T22:49:31.900947+00:00,6,Disney Magic Kingdom,134,Jungle Cruise,True,30,2026-08-01T22:45:18.000Z
2026-08-01T22:49:31.900947+00:00,6,Disney Magic Kingdom,137,Pirates of the Caribbean,True,20,2026-08-01T22:45:18.000Z
2026-08-01T22:49:31.900947+00:00,6,Disney Magic Kingdom,355,Swiss Family Treehouse,True,5,2026-08-01T22:45:18.000Z
2026-08-01T22:49:31.900947+00:00,6,Disney Magic Kingdom,141,The Magic Carpets of Aladdin,True,15,2026-08-01T22:45:18.000Z
2026-08-01T22:49:31.900947+00:00,6,Disney Magic Kingdom,334,Walt Disney's Enchanted Tiki Room,True,10,2026-08-01T22:45:18.000Z
2026-08-01T22:49:31.900947+00:00,6,Disney Magic Kingdom,133,"""it's a small world""",True,20,2026-08-01T22:45:18.000Z
2026-08-01T22:49:31.900947+00:00,6,Disney Magic Kingdom,13764,Casey Jr. Splash 'N' Soak Station,False,0,2026-08-01T22:45:18.000Z
2026-08-01T22:49:31.900947+00:00,6,Disney Magic Kingdom,13763,Cinderella Castle,True,0,2026-08-01T22:45:18.000Z
2026-08-01T22:49:31.900947+00:00,6,Disney Magic Kingdom,132,Dumbo the Flying Elephant,True,15,2026-08-01T22:45:18.000Z
2026-08-01T22:49:31.900947+00:00,6,Disney Magic Kingdom,128,Enchanted Tales with Belle,True,15,2026-08-01T22:45:18.000Z
2026-08-01T22:49:31.900947+00:00,6,Disney Magic Kingdom,135,Mad Tea Party,True,10,2026-08-01T22:45:18.000Z
2026-08-01T22:49:31.900947+00:00,6,Disney Magic Kingdom,147,Meet Ariel at Her Grotto,True,25,2026-08-01T22:45:18.000Z
2026-08-01T22:49:31.900947+00:00,6,Disney Magic Kingdom,6700,Meet Cinderella and a Visiting Princess at Princess Fairytale Hall,True,30,2026-08-01T22:45:18.000Z
2026-08-01T22:49:31.900947+00:00,6,Disney Magic Kingdom,144,Meet Daring Disney Pals as Circus Stars at Pete's Silly Sideshow,True,25,2026-08-01T22:45:18.000Z
2026-08-01T22:49:31.900947+00:00,6,Disney Magic Kingdom,145,Meet Dashing Disney Pals as Circus Stars at Pete's Silly Sideshow,True,30,2026-08-01T22:45:18.000Z
2026-08-01T22:49:31.900947+00:00,6,Disney Magic Kingdom,6699,Meet Princess Tiana and a Visiting Princess at Princess Fairytale Hall,True,35,2026-08-01T22:45:18.000Z
2026-08-01T22:49:31.900947+00:00,6,Disney Magic Kingdom,171,Mickey's PhilharMagic,True,10,2026-08-01T22:45:18.000Z
2026-08-01T22:49:31.900947+00:00,6,Disney Magic Kingdom,136,Peter Pan's Flight,True,45,2026-08-01T22:45:18.000Z
2026-08-01T22:49:31.900947+00:00,6,Disney Magic Kingdom,161,Prince Charming Regal Carrousel,True,15,2026-08-01T22:45:18.000Z
2026-08-01T22:49:31.900947+00:00,6,Disney Magic Kingdom,129,Seven Dwarfs Mine Train,True,70,2026-08-01T22:45:18.000Z
2026-08-01T22:49:31.900947+00:00,6,Disney Magic Kingdom,126,The Barnstormer,True,25,2026-08-01T22:45:18.000Z
2026-08-01T22:49:31.900947+00:00,6,Disney Magic Kingdom,142,The Many Adventures of Winnie the Pooh,False,0,2026-08-01T22:45:18.000Z
2026-08-01T22:49:31.900947+00:00,6,Disney Magic Kingdom,127,Under the Sea - Journey of The Little Mermaid,True,10,2026-08-01T22:45:18.000Z
2026-08-01T22:49:31.900947+00:00,6,Disney Magic Kingdom,1181,Walt Disney World Railroad - Fantasyland,True,15,2026-08-01T22:45:18.000Z
2026-08-01T22:49:31.900947+00:00,6,Disney Magic Kingdom,130,Big Thunder Mountain Railroad,True,25,2026-08-01T22:45:18.000Z
2026-08-01T22:49:31.900947+00:00,6,Disney Magic Kingdom,1214,Country Bear Musical Jamboree,True,10,2026-08-01T22:45:18.000Z
2026-08-01T22:49:31.900947+00:00,6,Disney Magic Kingdom,13630,Tiana's Bayou Adventure,True,60,2026-08-01T22:45:18.000Z
2026-08-01T22:49:31.900947+00:00,6,Disney Magic Kingdom,140,Haunted Mansion,True,35,2026-08-01T22:45:18.000Z
2026-08-01T22:49:31.900947+00:00,6,Disney Magic Kingdom,356,The Hall of Presidents,True,15,2026-08-01T22:45:18.000Z
2026-08-01T22:49:31.900947+00:00,6,Disney Magic Kingdom,1188,Main Street Vehicles,False,0,2026-08-01T22:45:18.000Z
2026-08-01T22:49:31.900947+00:00,6,Disney Magic Kingdom,146,Meet Mickey at Town Square Theater,True,25,2026-08-01T22:45:18.000Z
2026-08-01T22:49:31.900947+00:00,6,Disney Magic Kingdom,1189,"Walt Disney World Railroad - Main Street, U.S.A.",True,15,2026-08-01T22:45:18.000Z
2026-08-01T22:49:31.900947+00:00,6,Disney Magic Kingdom,248,Astro Orbiter,True,40,2026-08-01T22:45:18.000Z
2026-08-01T22:49:31.900947+00:00,6,Disney Magic Kingdom,131,Buzz Lightyear’s Space Ranger Spin,True,50,2026-08-01T22:45:18.000Z
2026-08-01T22:49:31.900947+00:00,6,Disney Magic Kingdom,125,"Monsters, Inc. Laugh Floor",True,10,2026-08-01T22:45:18.000Z
2026-08-01T22:49:31.900947+00:00,6,Disney Magic Kingdom,138,Space Mountain,False,0,2026-08-01T22:45:18.000Z
2026-08-01T22:49:31.900947+00:00,6,Disney Magic Kingdom,143,Tomorrowland Speedway,True,10,2026-08-01T22:45:18.000Z
2026-08-01T22:49:31.900947+00:00,6,Disney Magic Kingdom,1190,Tomorrowland Transit Authority PeopleMover,True,10,2026-08-01T22:45:18.000Z
2026-08-01T22:49:31.900947+00:00,6,Disney Magic Kingdom,11527,TRON Lightcycle / Run,True,70,2026-08-01T22:45:18.000Z
2026-08-01T22:49:31.900947+00:00,6,Disney Magic Kingdom,457,Walt Disney's Carousel of Progress,False,0,2026-08-01T22:45:18.000Z
2026-08-01T22:49:32.128802+00:00,5,Epcot,2495,Disney and Pixar Short Film Festival,True,0,2026-08-01T22:45:17.000Z
2026-08-01T22:49:32.128802+00:00,5,Epcot,155,Journey Into Imagination With Figment,True,5,2026-08-01T22:45:17.000Z
2026-08-01T22:49:32.128802+00:00,5,Epcot,13627,Meet Beloved Disney Pals at Mickey & Friends,True,25,2026-08-01T22:45:17.000Z
2026-08-01T22:49:32.128802+00:00,5,Epcot,159,Spaceship Earth,False,0,2026-08-01T22:45:17.000Z
2026-08-01T22:49:32.128802+00:00,5,Epcot,10916,Guardians of the Galaxy: Cosmic Rewind,True,80,2026-08-01T22:45:17.000Z
2026-08-01T22:49:32.128802+00:00,5,Epcot,158,Mission: SPACE,True,20,2026-08-01T22:45:17.000Z
2026-08-01T22:49:32.128802+00:00,5,Epcot,160,Test Track,False,0,2026-08-01T22:45:17.000Z
2026-08-01T22:49:32.128802+00:00,5,Epcot,10900,Test Track Presented by Chevrolet Single Rider,False,0,2026-08-01T22:45:17.000Z
2026-08-01T22:49:32.128802+00:00,5,Epcot,7323,Awesome Planet,True,0,2026-08-01T22:45:17.000Z
2026-08-01T22:49:32.128802+00:00,5,Epcot,12387,"Journey of Water, Inspired by Moana",True,0,2026-08-01T22:45:17.000Z
2026-08-01T22:49:32.128802+00:00,5,Epcot,156,Living with the Land,True,5,2026-08-01T22:45:17.000Z
2026-08-01T22:49:32.128802+00:00,5,Epcot,13782,SeaBase Aquarium,True,0,2026-08-01T22:45:17.000Z
2026-08-01T22:49:32.128802+00:00,5,Epcot,16467,Soarin' Across America,True,30,2026-08-01T22:45:17.000Z
2026-08-01T22:49:32.128802+00:00,5,Epcot,153,The Seas with Nemo & Friends,True,5,2026-08-01T22:45:17.000Z
2026-08-01T22:49:32.128802+00:00,5,Epcot,152,Turtle Talk With Crush,True,15,2026-08-01T22:45:17.000Z
2026-08-01T22:49:32.128802+00:00,5,Epcot,829,Canada Far and Wide in Circle-Vision 360,True,15,2026-08-01T22:45:17.000Z
2026-08-01T22:49:32.128802+00:00,5,Epcot,2679,Frozen Ever After,True,65,2026-08-01T22:45:17.000Z
2026-08-01T22:49:32.128802+00:00,5,Epcot,466,Gran Fiesta Tour Starring The Three Caballeros,True,5,2026-08-01T22:45:17.000Z
2026-08-01T22:49:32.128802+00:00,5,Epcot,6701,Meet Anna and Elsa at Royal Sommerhus,False,0,2026-08-01T22:45:17.000Z
2026-08-01T22:49:32.128802+00:00,5,Epcot,10914,Remy's Ratatouille Adventure,True,50,2026-08-01T22:45:17.000Z
2026-08-01T22:49:32.128802+00:00,5,Epcot,10915,Remy's Ratatouille Adventure Single Rider,True,0,2026-08-01T22:45:17.000Z
2026-08-02T02:12:47.273935+00:00,8,Animal Kingdom,657,Festival of the Lion King,True,0,2026-08-02T02:10:25.000Z
2026-08-02T02:12:47.273935+00:00,8,Animal Kingdom,651,Gorilla Falls Exploration Trail,False,0,2026-08-02T02:10:25.000Z
2026-08-02T02:12:47.273935+00:00,8,Animal Kingdom,113,Kilimanjaro Safaris,False,0,2026-08-02T02:10:25.000Z
2026-08-02T02:12:47.273935+00:00,8,Animal Kingdom,655,Wildlife Express Train,False,0,2026-08-02T02:10:25.000Z
2026-08-02T02:12:47.273935+00:00,8,Animal Kingdom,110,Expedition Everest - Legend of the Forbidden Mountain,False,0,2026-08-02T02:10:25.000Z
2026-08-02T02:12:47.273935+00:00,8,Animal Kingdom,14533,Expedition Everest - Legend of the Forbidden Mountain Single Rider,False,0,2026-08-02T02:10:25.000Z
2026-08-02T02:12:47.273935+00:00,8,Animal Kingdom,10921,Feathered Friends in Flight!,True,0,2026-08-02T02:10:25.000Z
2026-08-02T02:12:47.273935+00:00,8,Animal Kingdom,112,Kali River Rapids,False,0,2026-08-02T02:10:25.000Z
2026-08-02T02:12:47.273935+00:00,8,Animal Kingdom,13806,Animal Care at Conservation Station,False,0,2026-08-02T02:10:25.000Z
2026-08-02T02:12:47.273935+00:00,8,Animal Kingdom,16545,Bluey's Wild World at Conservation Station,False,0,2026-08-02T02:10:25.000Z
2026-08-02T02:12:47.273935+00:00,8,Animal Kingdom,10920,Finding Nemo: The Big Blue... and Beyond!,True,0,2026-08-02T02:10:25.000Z
2026-08-02T02:12:47.273935+00:00,8,Animal Kingdom,13811,Discovery Island Trails,False,0,2026-08-02T02:10:25.000Z
2026-08-02T02:12:47.273935+00:00,8,Animal Kingdom,116,Meet Favorite Disney Pals at Adventurers Outpost,False,0,2026-08-02T02:10:25.000Z
2026-08-02T02:12:47.273935+00:00,8,Animal Kingdom,12451,Meet Moana at Character Landing,False,0,2026-08-02T02:10:25.000Z
2026-08-02T02:12:47.273935+00:00,8,Animal Kingdom,13751,Tree of Life,True,0,2026-08-02T02:10:25.000Z
2026-08-02T02:12:47.273935+00:00,8,Animal Kingdom,14943,Zootopia: Better Zoogether!,False,0,2026-08-02T02:10:25.000Z
2026-08-02T02:12:47.273935+00:00,8,Animal Kingdom,4439,Avatar Flight of Passage,False,0,2026-08-02T02:10:25.000Z
2026-08-02T02:12:47.273935+00:00,8,Animal Kingdom,4438,Na'vi River Journey,False,0,2026-08-02T02:10:25.000Z
2026-08-02T02:12:47.273935+00:00,8,Animal Kingdom,13812,The Oasis Exhibits,False,0,2026-08-02T02:10:25.000Z
2026-08-02T02:12:47.273935+00:00,8,Animal Kingdom,13808,Wilderness Explorers,False,0,2026-08-02T02:10:25.000Z
2026-08-02T02:12:47.450264+00:00,7,Disney Hollywood Studios,16641,Disney Jr. Mickey Mouse Clubhouse Live!,True,0,2026-08-02T02:10:18.000Z
2026-08-02T02:12:47.450264+00:00,7,Disney Hollywood Studios,12430,Meet Ariel at Walt Disney Presents,False,0,2026-08-02T02:10:18.000Z
2026-08-02T02:12:47.450264+00:00,7,Disney Hollywood Studios,14859,The Little Mermaid – A Musical Adventure,True,0,2026-08-02T02:10:18.000Z
2026-08-02T02:12:47.450264+00:00,7,Disney Hollywood Studios,5145,Walt Disney Presents,False,0,2026-08-02T02:10:18.000Z
2026-08-02T02:12:47.450264+00:00,7,Disney Hollywood Studios,6704,Meet Disney Stars at Red Carpet Dreams,False,0,2026-08-02T02:10:18.000Z
2026-08-02T02:12:47.450264+00:00,7,Disney Hollywood Studios,1174,For the First Time in Forever: A Frozen Sing-Along Celebration,True,0,2026-08-02T02:10:18.000Z
2026-08-02T02:12:47.450264+00:00,7,Disney Hollywood Studios,6702,Indiana Jones™ Epic Stunt Spectacular!,True,0,2026-08-02T02:10:18.000Z
2026-08-02T02:12:47.450264+00:00,7,Disney Hollywood Studios,6703,Meet Olaf at Celebrity Spotlight,False,0,2026-08-02T02:10:18.000Z
2026-08-02T02:12:47.450264+00:00,7,Disney Hollywood Studios,120,Star Tours – The Adventures Continue,False,0,2026-08-02T02:10:18.000Z
2026-08-02T02:12:47.450264+00:00,7,Disney Hollywood Studios,7333,Vacation Fun - An Original Animated Short with Mickey & Minnie,False,0,2026-08-02T02:10:18.000Z
2026-08-02T02:12:47.450264+00:00,7,Disney Hollywood Studios,6361,Mickey & Minnie's Runaway Railway,False,0,2026-08-02T02:10:18.000Z
2026-08-02T02:12:47.450264+00:00,7,Disney Hollywood Studios,12425,Meet Edna Mode at the Edna Mode Experience,False,0,2026-08-02T02:10:18.000Z
2026-08-02T02:12:47.450264+00:00,7,Disney Hollywood Studios,117,Toy Story Mania!,False,0,2026-08-02T02:10:18.000Z
2026-08-02T02:12:47.450264+00:00,7,Disney Hollywood Studios,6368,Millennium Falcon: Smugglers Run,False,0,2026-08-02T02:10:18.000Z
2026-08-02T02:12:47.450264+00:00,7,Disney Hollywood Studios,10902,Millennium Falcon: Smugglers Run Single Rider,False,0,2026-08-02T02:10:18.000Z
2026-08-02T02:12:47.450264+00:00,7,Disney Hollywood Studios,6369,Star Wars: Rise of the Resistance,False,0,2026-08-02T02:10:18.000Z
2026-08-02T02:12:47.450264+00:00,7,Disney Hollywood Studios,14531,Star Wars: Rise of the Resistance Single Rider,False,0,2026-08-02T02:10:18.000Z
2026-08-02T02:12:47.450264+00:00,7,Disney Hollywood Studios,1176,Beauty and the Beast – Live on Stage,True,0,2026-08-02T02:10:18.000Z
2026-08-02T02:12:47.450264+00:00,7,Disney Hollywood Studios,16343,Rock 'n' Roller Coaster Starring Aerosmith Single Rider,False,0,2026-08-02T02:10:18.000Z
2026-08-02T02:12:47.450264+00:00,7,Disney Hollywood Studios,16342,Rock ’n’ Roller Coaster Starring The Muppets,False,0,2026-08-02T02:10:18.000Z
2026-08-02T02:12:47.450264+00:00,7,Disney Hollywood Studios,123,The Twilight Zone™ Tower of Terror,False,0,2026-08-02T02:10:18.000Z
2026-08-02T02:12:47.450264+00:00,7,Disney Hollywood Studios,5477,Alien Swirling Saucers,False,0,2026-08-02T02:10:18.000Z
2026-08-02T02:12:47.450264+00:00,7,Disney Hollywood Studios,5476,Slinky Dog Dash,False,0,2026-08-02T02:10:18.000Z
2026-08-02T02:12:47.623570+00:00,6,Disney Magic Kingdom,1184,A Pirate's Adventure ~ Treasures of the Seven Seas,False,0,2026-08-02T02:10:18.000Z
2026-08-02T02:12:47.623570+00:00,6,Disney Magic Kingdom,134,Jungle Cruise,True,15,2026-08-02T02:10:18.000Z
2026-08-02T02:12:47.623570+00:00,6,Disney Magic Kingdom,137,Pirates of the Caribbean,True,5,2026-08-02T02:10:18.000Z
2026-08-02T02:12:47.623570+00:00,6,Disney Magic Kingdom,355,Swiss Family Treehouse,True,5,2026-08-02T02:10:18.000Z
2026-08-02T02:12:47.623570+00:00,6,Disney Magic Kingdom,141,The Magic Carpets of Aladdin,True,5,2026-08-02T02:10:18.000Z
2026-08-02T02:12:47.623570+00:00,6,Disney Magic Kingdom,334,Walt Disney's Enchanted Tiki Room,True,10,2026-08-02T02:10:18.000Z
2026-08-02T02:12:47.623570+00:00,6,Disney Magic Kingdom,133,"""it's a small world""",True,10,2026-08-02T02:10:18.000Z
2026-08-02T02:12:47.623570+00:00,6,Disney Magic Kingdom,13764,Casey Jr. Splash 'N' Soak Station,False,0,2026-08-02T02:10:18.000Z
2026-08-02T02:12:47.623570+00:00,6,Disney Magic Kingdom,13763,Cinderella Castle,True,0,2026-08-02T02:10:18.000Z
2026-08-02T02:12:47.623570+00:00,6,Disney Magic Kingdom,132,Dumbo the Flying Elephant,True,5,2026-08-02T02:10:18.000Z
2026-08-02T02:12:47.623570+00:00,6,Disney Magic Kingdom,128,Enchanted Tales with Belle,False,0,2026-08-02T02:10:18.000Z
2026-08-02T02:12:47.623570+00:00,6,Disney Magic Kingdom,135,Mad Tea Party,True,10,2026-08-02T02:10:18.000Z
2026-08-02T02:12:47.623570+00:00,6,Disney Magic Kingdom,147,Meet Ariel at Her Grotto,False,0,2026-08-02T02:10:18.000Z
2026-08-02T02:12:47.623570+00:00,6,Disney Magic Kingdom,6700,Meet Cinderella and a Visiting Princess at Princess Fairytale Hall,False,0,2026-08-02T02:10:18.000Z
2026-08-02T02:12:47.623570+00:00,6,Disney Magic Kingdom,144,Meet Daring Disney Pals as Circus Stars at Pete's Silly Sideshow,False,0,2026-08-02T02:10:18.000Z
2026-08-02T02:12:47.623570+00:00,6,Disney Magic Kingdom,145,Meet Dashing Disney Pals as Circus Stars at Pete's Silly Sideshow,False,0,2026-08-02T02:10:18.000Z
2026-08-02T02:12:47.623570+00:00,6,Disney Magic Kingdom,6699,Meet Princess Tiana and a Visiting Princess at Princess Fairytale Hall,False,0,2026-08-02T02:10:18.000Z
2026-08-02T02:12:47.623570+00:00,6,Disney Magic Kingdom,171,Mickey's PhilharMagic,True,10,2026-08-02T02:10:18.000Z
2026-08-02T02:12:47.623570+00:00,6,Disney Magic Kingdom,136,Peter Pan's Flight,True,15,2026-08-02T02:10:18.000Z
2026-08-02T02:12:47.623570+00:00,6,Disney Magic Kingdom,161,Prince Charming Regal Carrousel,False,0,2026-08-02T02:10:18.000Z
2026-08-02T02:12:47.623570+00:00,6,Disney Magic Kingdom,129,Seven Dwarfs Mine Train,True,30,2026-08-02T02:10:18.000Z
2026-08-02T02:12:47.623570+00:00,6,Disney Magic Kingdom,126,The Barnstormer,True,5,2026-08-02T02:10:18.000Z
2026-08-02T02:12:47.623570+00:00,6,Disney Magic Kingdom,142,The Many Adventures of Winnie the Pooh,True,10,2026-08-02T02:10:18.000Z
2026-08-02T02:12:47.623570+00:00,6,Disney Magic Kingdom,127,Under the Sea - Journey of The Little Mermaid,True,5,2026-08-02T02:10:18.000Z
2026-08-02T02:12:47.623570+00:00,6,Disney Magic Kingdom,1181,Walt Disney World Railroad - Fantasyland,False,0,2026-08-02T02:10:18.000Z
2026-08-02T02:12:47.623570+00:00,6,Disney Magic Kingdom,130,Big Thunder Mountain Railroad,True,25,2026-08-02T02:10:18.000Z
2026-08-02T02:12:47.623570+00:00,6,Disney Magic Kingdom,1214,Country Bear Musical Jamboree,True,10,2026-08-02T02:10:18.000Z
2026-08-02T02:12:47.623570+00:00,6,Disney Magic Kingdom,13630,Tiana's Bayou Adventure,True,15,2026-08-02T02:10:18.000Z
2026-08-02T02:12:47.623570+00:00,6,Disney Magic Kingdom,140,Haunted Mansion,True,10,2026-08-02T02:10:18.000Z
2026-08-02T02:12:47.623570+00:00,6,Disney Magic Kingdom,356,The Hall of Presidents,False,0,2026-08-02T02:10:18.000Z
2026-08-02T02:12:47.623570+00:00,6,Disney Magic Kingdom,1188,Main Street Vehicles,False,0,2026-08-02T02:10:18.000Z
2026-08-02T02:12:47.623570+00:00,6,Disney Magic Kingdom,146,Meet Mickey at Town Square Theater,True,10,2026-08-02T02:10:18.000Z
2026-08-02T02:12:47.623570+00:00,6,Disney Magic Kingdom,1189,"Walt Disney World Railroad - Main Street, U.S.A.",False,0,2026-08-02T02:10:18.000Z
2026-08-02T02:12:47.623570+00:00,6,Disney Magic Kingdom,248,Astro Orbiter,True,10,2026-08-02T02:10:18.000Z
2026-08-02T02:12:47.623570+00:00,6,Disney Magic Kingdom,131,Buzz Lightyear’s Space Ranger Spin,True,15,2026-08-02T02:10:18.000Z
2026-08-02T02:12:47.623570+00:00,6,Disney Magic Kingdom,125,"Monsters, Inc. Laugh Floor",False,0,2026-08-02T02:10:18.000Z
2026-08-02T02:12:47.623570+00:00,6,Disney Magic Kingdom,138,Space Mountain,False,0,2026-08-02T02:10:18.000Z
2026-08-02T02:12:47.623570+00:00,6,Disney Magic Kingdom,143,Tomorrowland Speedway,True,10,2026-08-02T02:10:18.000Z
2026-08-02T02:12:47.623570+00:00,6,Disney Magic Kingdom,1190,Tomorrowland Transit Authority PeopleMover,True,5,2026-08-02T02:10:18.000Z
2026-08-02T02:12:47.623570+00:00,6,Disney Magic Kingdom,11527,TRON Lightcycle / Run,True,90,2026-08-02T02:10:18.000Z
2026-08-02T02:12:47.623570+00:00,6,Disney Magic Kingdom,457,Walt Disney's Carousel of Progress,False,0,2026-08-02T02:10:18.000Z
2026-08-02T02:12:47.787305+00:00,5,Epcot,2495,Disney and Pixar Short Film Festival,False,0,2026-08-02T02:10:10.000Z
2026-08-02T02:12:47.787305+00:00,5,Epcot,155,Journey Into Imagination With Figment,False,0,2026-08-02T02:10:10.000Z
2026-08-02T02:12:47.787305+00:00,5,Epcot,13627,Meet Beloved Disney Pals at Mickey & Friends,False,0,2026-08-02T02:10:10.000Z
2026-08-02T02:12:47.787305+00:00,5,Epcot,159,Spaceship Earth,False,0,2026-08-02T02:10:10.000Z
2026-08-02T02:12:47.787305+00:00,5,Epcot,10916,Guardians of the Galaxy: Cosmic Rewind,False,0,2026-08-02T02:10:10.000Z
2026-08-02T02:12:47.787305+00:00,5,Epcot,158,Mission: SPACE,False,0,2026-08-02T02:10:10.000Z
2026-08-02T02:12:47.787305+00:00,5,Epcot,160,Test Track,False,0,2026-08-02T02:10:10.000Z
2026-08-02T02:12:47.787305+00:00,5,Epcot,10900,Test Track Presented by Chevrolet Single Rider,False,0,2026-08-02T02:10:10.000Z
2026-08-02T02:12:47.787305+00:00,5,Epcot,7323,Awesome Planet,False,0,2026-08-02T02:10:10.000Z
2026-08-02T02:12:47.787305+00:00,5,Epcot,12387,"Journey of Water, Inspired by Moana",False,0,2026-08-02T02:10:10.000Z
2026-08-02T02:12:47.787305+00:00,5,Epcot,156,Living with the Land,False,0,2026-08-02T02:10:10.000Z
2026-08-02T02:12:47.787305+00:00,5,Epcot,13782,SeaBase Aquarium,False,0,2026-08-02T02:10:10.000Z
2026-08-02T02:12:47.787305+00:00,5,Epcot,16467,Soarin' Across America,False,0,2026-08-02T02:10:10.000Z
2026-08-02T02:12:47.787305+00:00,5,Epcot,153,The Seas with Nemo & Friends,False,0,2026-08-02T02:10:10.000Z
2026-08-02T02:12:47.787305+00:00,5,Epcot,152,Turtle Talk With Crush,False,0,2026-08-02T02:10:10.000Z
2026-08-02T02:12:47.787305+00:00,5,Epcot,829,Canada Far and Wide in Circle-Vision 360,False,0,2026-08-02T02:10:10.000Z
2026-08-02T02:12:47.787305+00:00,5,Epcot,2679,Frozen Ever After,False,0,2026-08-02T02:10:10.000Z
2026-08-02T02:12:47.787305+00:00,5,Epcot,466,Gran Fiesta Tour Starring The Three Caballeros,False,0,2026-08-02T02:10:10.000Z
2026-08-02T02:12:47.787305+00:00,5,Epcot,6701,Meet Anna and Elsa at Royal Sommerhus,False,0,2026-08-02T02:10:10.000Z
2026-08-02T02:12:47.787305+00:00,5,Epcot,10914,Remy's Ratatouille Adventure,False,0,2026-08-02T02:10:10.000Z
2026-08-02T02:12:47.787305+00:00,5,Epcot,10915,Remy's Ratatouille Adventure Single Rider,False,0,2026-08-02T02:10:10.000Z
2026-08-02T13:09:01.846757+00:00,8,Animal Kingdom,657,Festival of the Lion King,True,0,2026-08-02T13:05:37.000Z
2026-08-02T13:09:01.846757+00:00,8,Animal Kingdom,651,Gorilla Falls Exploration Trail,True,0,2026-08-02T13:05:37.000Z
2026-08-02T13:09:01.846757+00:00,8,Animal Kingdom,113,Kilimanjaro Safaris,True,15,2026-08-02T13:05:37.000Z
2026-08-02T13:09:01.846757+00:00,8,Animal Kingdom,655,Wildlife Express Train,True,5,2026-08-02T13:05:37.000Z
2026-08-02T13:09:01.846757+00:00,8,Animal Kingdom,110,Expedition Everest - Legend of the Forbidden Mountain,True,20,2026-08-02T13:05:37.000Z
2026-08-02T13:09:01.846757+00:00,8,Animal Kingdom,14533,Expedition Everest - Legend of the Forbidden Mountain Single Rider,True,0,2026-08-02T13:05:37.000Z
2026-08-02T13:09:01.846757+00:00,8,Animal Kingdom,10921,Feathered Friends in Flight!,True,0,2026-08-02T13:05:37.000Z
2026-08-02T13:09:01.846757+00:00,8,Animal Kingdom,112,Kali River Rapids,True,5,2026-08-02T13:05:37.000Z
2026-08-02T13:09:01.846757+00:00,8,Animal Kingdom,13806,Animal Care at Conservation Station,True,0,2026-08-02T13:05:37.000Z
2026-08-02T13:09:01.846757+00:00,8,Animal Kingdom,16545,Bluey's Wild World at Conservation Station,True,5,2026-08-02T13:05:37.000Z
2026-08-02T13:09:01.846757+00:00,8,Animal Kingdom,10920,Finding Nemo: The Big Blue... and Beyond!,True,0,2026-08-02T13:05:37.000Z
2026-08-02T13:09:01.846757+00:00,8,Animal Kingdom,13811,Discovery Island Trails,True,0,2026-08-02T13:05:37.000Z
2026-08-02T13:09:01.846757+00:00,8,Animal Kingdom,116,Meet Favorite Disney Pals at Adventurers Outpost,True,30,2026-08-02T13:05:37.000Z
2026-08-02T13:09:01.846757+00:00,8,Animal Kingdom,12451,Meet Moana at Character Landing,True,0,2026-08-02T13:05:37.000Z
2026-08-02T13:09:01.846757+00:00,8,Animal Kingdom,13751,Tree of Life,True,0,2026-08-02T13:05:37.000Z
2026-08-02T13:09:01.846757+00:00,8,Animal Kingdom,14943,Zootopia: Better Zoogether!,True,10,2026-08-02T13:05:37.000Z
2026-08-02T13:09:01.846757+00:00,8,Animal Kingdom,4439,Avatar Flight of Passage,True,45,2026-08-02T13:05:37.000Z
2026-08-02T13:09:01.846757+00:00,8,Animal Kingdom,4438,Na'vi River Journey,True,15,2026-08-02T13:05:37.000Z
2026-08-02T13:09:01.846757+00:00,8,Animal Kingdom,13812,The Oasis Exhibits,True,0,2026-08-02T13:05:37.000Z
2026-08-02T13:09:01.846757+00:00,8,Animal Kingdom,13808,Wilderness Explorers,True,0,2026-08-02T13:05:37.000Z
2026-08-02T13:09:01.949940+00:00,7,Disney Hollywood Studios,16641,Disney Jr. Mickey Mouse Clubhouse Live!,True,0,2026-08-02T13:05:36.000Z
2026-08-02T13:09:01.949940+00:00,7,Disney Hollywood Studios,12430,Meet Ariel at Walt Disney Presents,True,0,2026-08-02T13:05:36.000Z
2026-08-02T13:09:01.949940+00:00,7,Disney Hollywood Studios,14859,The Little Mermaid – A Musical Adventure,True,0,2026-08-02T13:05:36.000Z
2026-08-02T13:09:01.949940+00:00,7,Disney Hollywood Studios,5145,Walt Disney Presents,True,0,2026-08-02T13:05:36.000Z
2026-08-02T13:09:01.949940+00:00,7,Disney Hollywood Studios,6704,Meet Disney Stars at Red Carpet Dreams,True,5,2026-08-02T13:05:36.000Z
2026-08-02T13:09:01.949940+00:00,7,Disney Hollywood Studios,1174,For the First Time in Forever: A Frozen Sing-Along Celebration,True,0,2026-08-02T13:05:36.000Z
2026-08-02T13:09:01.949940+00:00,7,Disney Hollywood Studios,6702,Indiana Jones™ Epic Stunt Spectacular!,True,0,2026-08-02T13:05:36.000Z
2026-08-02T13:09:01.949940+00:00,7,Disney Hollywood Studios,6703,Meet Olaf at Celebrity Spotlight,True,5,2026-08-02T13:05:36.000Z
2026-08-02T13:09:01.949940+00:00,7,Disney Hollywood Studios,120,Star Tours – The Adventures Continue,True,5,2026-08-02T13:05:36.000Z
2026-08-02T13:09:01.949940+00:00,7,Disney Hollywood Studios,7333,Vacation Fun - An Original Animated Short with Mickey & Minnie,True,10,2026-08-02T13:05:36.000Z
2026-08-02T13:09:01.949940+00:00,7,Disney Hollywood Studios,6361,Mickey & Minnie's Runaway Railway,False,0,2026-08-02T13:05:36.000Z
2026-08-02T13:09:01.949940+00:00,7,Disney Hollywood Studios,12425,Meet Edna Mode at the Edna Mode Experience,True,0,2026-08-02T13:05:36.000Z
2026-08-02T13:09:01.949940+00:00,7,Disney Hollywood Studios,117,Toy Story Mania!,True,30,2026-08-02T13:05:36.000Z
2026-08-02T13:09:01.949940+00:00,7,Disney Hollywood Studios,6368,Millennium Falcon: Smugglers Run,True,15,2026-08-02T13:05:36.000Z
2026-08-02T13:09:01.949940+00:00,7,Disney Hollywood Studios,10902,Millennium Falcon: Smugglers Run Single Rider,True,0,2026-08-02T13:05:36.000Z
2026-08-02T13:09:01.949940+00:00,7,Disney Hollywood Studios,6369,Star Wars: Rise of the Resistance,True,65,2026-08-02T13:05:36.000Z
2026-08-02T13:09:01.949940+00:00,7,Disney Hollywood Studios,14531,Star Wars: Rise of the Resistance Single Rider,True,0,2026-08-02T13:05:36.000Z
2026-08-02T13:09:01.949940+00:00,7,Disney Hollywood Studios,1176,Beauty and the Beast – Live on Stage,True,0,2026-08-02T13:05:36.000Z
2026-08-02T13:09:01.949940+00:00,7,Disney Hollywood Studios,16343,Rock 'n' Roller Coaster Starring Aerosmith Single Rider,False,0,2026-08-02T13:05:36.000Z
2026-08-02T13:09:01.949940+00:00,7,Disney Hollywood Studios,16342,Rock ’n’ Roller Coaster Starring The Muppets,False,0,2026-08-02T13:05:36.000Z
2026-08-02T13:09:01.949940+00:00,7,Disney Hollywood Studios,123,The Twilight Zone™ Tower of Terror,True,50,2026-08-02T13:05:36.000Z
2026-08-02T13:09:01.949940+00:00,7,Disney Hollywood Studios,5477,Alien Swirling Saucers,True,30,2026-08-02T13:05:36.000Z
2026-08-02T13:09:01.949940+00:00,7,Disney Hollywood Studios,5476,Slinky Dog Dash,False,0,2026-08-02T13:05:36.000Z
2026-08-02T13:09:02.057290+00:00,6,Disney Magic Kingdom,1184,A Pirate's Adventure ~ Treasures of the Seven Seas,False,0,2026-08-02T13:05:25.000Z
2026-08-02T13:09:02.057290+00:00,6,Disney Magic Kingdom,134,Jungle Cruise,True,15,2026-08-02T13:05:25.000Z
2026-08-02T13:09:02.057290+00:00,6,Disney Magic Kingdom,137,Pirates of the Caribbean,True,5,2026-08-02T13:05:25.000Z
2026-08-02T13:09:02.057290+00:00,6,Disney Magic Kingdom,355,Swiss Family Treehouse,True,5,2026-08-02T13:05:25.000Z
2026-08-02T13:09:02.057290+00:00,6,Disney Magic Kingdom,141,The Magic Carpets of Aladdin,True,5,2026-08-02T13:05:25.000Z
2026-08-02T13:09:02.057290+00:00,6,Disney Magic Kingdom,334,Walt Disney's Enchanted Tiki Room,True,10,2026-08-02T13:05:25.000Z
2026-08-02T13:09:02.057290+00:00,6,Disney Magic Kingdom,133,"""it's a small world""",True,5,2026-08-02T13:05:25.000Z
2026-08-02T13:09:02.057290+00:00,6,Disney Magic Kingdom,13764,Casey Jr. Splash 'N' Soak Station,True,0,2026-08-02T13:05:25.000Z
2026-08-02T13:09:02.057290+00:00,6,Disney Magic Kingdom,13763,Cinderella Castle,True,0,2026-08-02T13:05:25.000Z
2026-08-02T13:09:02.057290+00:00,6,Disney Magic Kingdom,132,Dumbo the Flying Elephant,True,10,2026-08-02T13:05:25.000Z
2026-08-02T13:09:02.057290+00:00,6,Disney Magic Kingdom,128,Enchanted Tales with Belle,False,0,2026-08-02T13:05:25.000Z
2026-08-02T13:09:02.057290+00:00,6,Disney Magic Kingdom,135,Mad Tea Party,True,5,2026-08-02T13:05:25.000Z
2026-08-02T13:09:02.057290+00:00,6,Disney Magic Kingdom,147,Meet Ariel at Her Grotto,False,0,2026-08-02T13:05:25.000Z
2026-08-02T13:09:02.057290+00:00,6,Disney Magic Kingdom,6700,Meet Cinderella and a Visiting Princess at Princess Fairytale Hall,True,10,2026-08-02T13:05:25.000Z
2026-08-02T13:09:02.057290+00:00,6,Disney Magic Kingdom,144,Meet Daring Disney Pals as Circus Stars at Pete's Silly Sideshow,False,0,2026-08-02T13:05:25.000Z
2026-08-02T13:09:02.057290+00:00,6,Disney Magic Kingdom,145,Meet Dashing Disney Pals as Circus Stars at Pete's Silly Sideshow,False,0,2026-08-02T13:05:25.000Z
2026-08-02T13:09:02.057290+00:00,6,Disney Magic Kingdom,6699,Meet Princess Tiana and a Visiting Princess at Princess Fairytale Hall,True,0,2026-08-02T13:05:25.000Z
2026-08-02T13:09:02.057290+00:00,6,Disney Magic Kingdom,171,Mickey's PhilharMagic,True,10,2026-08-02T13:05:25.000Z
2026-08-02T13:09:02.057290+00:00,6,Disney Magic Kingdom,136,Peter Pan's Flight,True,45,2026-08-02T13:05:25.000Z
2026-08-02T13:09:02.057290+00:00,6,Disney Magic Kingdom,161,Prince Charming Regal Carrousel,True,5,2026-08-02T13:05:25.000Z
2026-08-02T13:09:02.057290+00:00,6,Disney Magic Kingdom,129,Seven Dwarfs Mine Train,True,50,2026-08-02T13:05:25.000Z
2026-08-02T13:09:02.057290+00:00,6,Disney Magic Kingdom,126,The Barnstormer,True,10,2026-08-02T13:05:25.000Z
2026-08-02T13:09:02.057290+00:00,6,Disney Magic Kingdom,142,The Many Adventures of Winnie the Pooh,True,25,2026-08-02T13:05:25.000Z
2026-08-02T13:09:02.057290+00:00,6,Disney Magic Kingdom,127,Under the Sea - Journey of The Little Mermaid,True,5,2026-08-02T13:05:25.000Z
2026-08-02T13:09:02.057290+00:00,6,Disney Magic Kingdom,1181,Walt Disney World Railroad - Fantasyland,True,0,2026-08-02T13:05:25.000Z
2026-08-02T13:09:02.057290+00:00,6,Disney Magic Kingdom,130,Big Thunder Mountain Railroad,True,25,2026-08-02T13:05:25.000Z
2026-08-02T13:09:02.057290+00:00,6,Disney Magic Kingdom,1214,Country Bear Musical Jamboree,True,0,2026-08-02T13:05:25.000Z
2026-08-02T13:09:02.057290+00:00,6,Disney Magic Kingdom,13630,Tiana's Bayou Adventure,False,0,2026-08-02T13:05:25.000Z
2026-08-02T13:09:02.057290+00:00,6,Disney Magic Kingdom,140,Haunted Mansion,True,13,2026-08-02T13:05:25.000Z
2026-08-02T13:09:02.057290+00:00,6,Disney Magic Kingdom,356,The Hall of Presidents,False,0,2026-08-02T13:05:25.000Z
2026-08-02T13:09:02.057290+00:00,6,Disney Magic Kingdom,1188,Main Street Vehicles,True,0,2026-08-02T13:05:25.000Z
2026-08-02T13:09:02.057290+00:00,6,Disney Magic Kingdom,146,Meet Mickey at Town Square Theater,True,10,2026-08-02T13:05:25.000Z
2026-08-02T13:09:02.057290+00:00,6,Disney Magic Kingdom,1189,"Walt Disney World Railroad - Main Street, U.S.A.",True,0,2026-08-02T13:05:25.000Z
2026-08-02T13:09:02.057290+00:00,6,Disney Magic Kingdom,248,Astro Orbiter,True,5,2026-08-02T13:05:25.000Z
2026-08-02T13:09:02.057290+00:00,6,Disney Magic Kingdom,131,Buzz Lightyear’s Space Ranger Spin,True,35,2026-08-02T13:05:25.000Z
2026-08-02T13:09:02.057290+00:00,6,Disney Magic Kingdom,125,"Monsters, Inc. Laugh Floor",True,0,2026-08-02T13:05:25.000Z
2026-08-02T13:09:02.057290+00:00,6,Disney Magic Kingdom,138,Space Mountain,True,45,2026-08-02T13:05:25.000Z
2026-08-02T13:09:02.057290+00:00,6,Disney Magic Kingdom,143,Tomorrowland Speedway,True,10,2026-08-02T13:05:25.000Z
2026-08-02T13:09:02.057290+00:00,6,Disney Magic Kingdom,1190,Tomorrowland Transit Authority PeopleMover,True,5,2026-08-02T13:05:25.000Z
2026-08-02T13:09:02.057290+00:00,6,Disney Magic Kingdom,11527,TRON Lightcycle / Run,True,45,2026-08-02T13:05:25.000Z
2026-08-02T13:09:02.057290+00:00,6,Disney Magic Kingdom,457,Walt Disney's Carousel of Progress,False,0,2026-08-02T13:05:25.000Z
2026-08-02T13:09:02.278191+00:00,5,Epcot,2495,Disney and Pixar Short Film Festival,False,0,2026-08-02T13:05:24.000Z
2026-08-02T13:09:02.278191+00:00,5,Epcot,155,Journey Into Imagination With Figment,True,0,2026-08-02T13:05:24.000Z
2026-08-02T13:09:02.278191+00:00,5,Epcot,13627,Meet Beloved Disney Pals at Mickey & Friends,True,5,2026-08-02T13:05:24.000Z
2026-08-02T13:09:02.278191+00:00,5,Epcot,159,Spaceship Earth,True,5,2026-08-02T13:05:24.000Z
2026-08-02T13:09:02.278191+00:00,5,Epcot,10916,Guardians of the Galaxy: Cosmic Rewind,True,80,2026-08-02T13:05:24.000Z
2026-08-02T13:09:02.278191+00:00,5,Epcot,158,Mission: SPACE,True,15,2026-08-02T13:05:24.000Z
2026-08-02T13:09:02.278191+00:00,5,Epcot,160,Test Track,False,0,2026-08-02T13:05:24.000Z
2026-08-02T13:09:02.278191+00:00,5,Epcot,10900,Test Track Presented by Chevrolet Single Rider,False,0,2026-08-02T13:05:24.000Z
2026-08-02T13:09:02.278191+00:00,5,Epcot,7323,Awesome Planet,True,0,2026-08-02T13:05:24.000Z
2026-08-02T13:09:02.278191+00:00,5,Epcot,12387,"Journey of Water, Inspired by Moana",True,0,2026-08-02T13:05:24.000Z
2026-08-02T13:09:02.278191+00:00,5,Epcot,156,Living with the Land,True,5,2026-08-02T13:05:24.000Z
2026-08-02T13:09:02.278191+00:00,5,Epcot,13782,SeaBase Aquarium,True,0,2026-08-02T13:05:24.000Z
2026-08-02T13:09:02.278191+00:00,5,Epcot,16467,Soarin' Across America,True,10,2026-08-02T13:05:24.000Z
2026-08-02T13:09:02.278191+00:00,5,Epcot,153,The Seas with Nemo & Friends,True,5,2026-08-02T13:05:24.000Z
2026-08-02T13:09:02.278191+00:00,5,Epcot,152,Turtle Talk With Crush,False,0,2026-08-02T13:05:24.000Z
2026-08-02T13:09:02.278191+00:00,5,Epcot,829,Canada Far and Wide in Circle-Vision 360,True,0,2026-08-02T13:05:24.000Z
2026-08-02T13:09:02.278191+00:00,5,Epcot,2679,Frozen Ever After,True,40,2026-08-02T13:05:24.000Z
2026-08-02T13:09:02.278191+00:00,5,Epcot,466,Gran Fiesta Tour Starring The Three Caballeros,True,0,2026-08-02T13:05:24.000Z
2026-08-02T13:09:02.278191+00:00,5,Epcot,6701,Meet Anna and Elsa at Royal Sommerhus,False,0,2026-08-02T13:05:24.000Z
2026-08-02T13:09:02.278191+00:00,5,Epcot,10914,Remy's Ratatouille Adventure,True,35,2026-08-02T13:05:24.000Z
2026-08-02T13:09:02.278191+00:00,5,Epcot,10915,Remy's Ratatouille Adventure Single Rider,True,0,2026-08-02T13:05:24.000Z
2026-08-02T14:57:52.059351+00:00,8,Animal Kingdom,657,Festival of the Lion King,True,0,2026-08-02T14:55:34.000Z
2026-08-02T14:57:52.059351+00:00,8,Animal Kingdom,651,Gorilla Falls Exploration Trail,True,0,2026-08-02T14:55:34.000Z
2026-08-02T14:57:52.059351+00:00,8,Animal Kingdom,113,Kilimanjaro Safaris,True,45,2026-08-02T14:55:34.000Z
2026-08-02T14:57:52.059351+00:00,8,Animal Kingdom,655,Wildlife Express Train,True,10,2026-08-02T14:55:34.000Z
2026-08-02T14:57:52.059351+00:00,8,Animal Kingdom,110,Expedition Everest - Legend of the Forbidden Mountain,True,40,2026-08-02T14:55:34.000Z
2026-08-02T14:57:52.059351+00:00,8,Animal Kingdom,14533,Expedition Everest - Legend of the Forbidden Mountain Single Rider,True,0,2026-08-02T14:55:34.000Z
2026-08-02T14:57:52.059351+00:00,8,Animal Kingdom,10921,Feathered Friends in Flight!,True,0,2026-08-02T14:55:34.000Z
2026-08-02T14:57:52.059351+00:00,8,Animal Kingdom,112,Kali River Rapids,True,10,2026-08-02T14:55:34.000Z
2026-08-02T14:57:52.059351+00:00,8,Animal Kingdom,13806,Animal Care at Conservation Station,True,0,2026-08-02T14:55:34.000Z
2026-08-02T14:57:52.059351+00:00,8,Animal Kingdom,16545,Bluey's Wild World at Conservation Station,True,25,2026-08-02T14:55:34.000Z
2026-08-02T14:57:52.059351+00:00,8,Animal Kingdom,10920,Finding Nemo: The Big Blue... and Beyond!,True,0,2026-08-02T14:55:34.000Z
2026-08-02T14:57:52.059351+00:00,8,Animal Kingdom,13811,Discovery Island Trails,True,0,2026-08-02T14:55:34.000Z
2026-08-02T14:57:52.059351+00:00,8,Animal Kingdom,116,Meet Favorite Disney Pals at Adventurers Outpost,True,20,2026-08-02T14:55:34.000Z
2026-08-02T14:57:52.059351+00:00,8,Animal Kingdom,12451,Meet Moana at Character Landing,True,0,2026-08-02T14:55:34.000Z
2026-08-02T14:57:52.059351+00:00,8,Animal Kingdom,13751,Tree of Life,True,0,2026-08-02T14:55:34.000Z
2026-08-02T14:57:52.059351+00:00,8,Animal Kingdom,14943,Zootopia: Better Zoogether!,True,10,2026-08-02T14:55:34.000Z
2026-08-02T14:57:52.059351+00:00,8,Animal Kingdom,4439,Avatar Flight of Passage,False,0,2026-08-02T14:55:34.000Z
2026-08-02T14:57:52.059351+00:00,8,Animal Kingdom,4438,Na'vi River Journey,True,45,2026-08-02T14:55:34.000Z
2026-08-02T14:57:52.059351+00:00,8,Animal Kingdom,13812,The Oasis Exhibits,True,0,2026-08-02T14:55:34.000Z
2026-08-02T14:57:52.059351+00:00,8,Animal Kingdom,13808,Wilderness Explorers,True,0,2026-08-02T14:55:34.000Z
2026-08-02T14:57:52.164089+00:00,7,Disney Hollywood Studios,16641,Disney Jr. Mickey Mouse Clubhouse Live!,True,0,2026-08-02T14:55:20.000Z
2026-08-02T14:57:52.164089+00:00,7,Disney Hollywood Studios,12430,Meet Ariel at Walt Disney Presents,True,0,2026-08-02T14:55:20.000Z
2026-08-02T14:57:52.164089+00:00,7,Disney Hollywood Studios,14859,The Little Mermaid – A Musical Adventure,True,0,2026-08-02T14:55:20.000Z
2026-08-02T14:57:52.164089+00:00,7,Disney Hollywood Studios,5145,Walt Disney Presents,True,0,2026-08-02T14:55:20.000Z
2026-08-02T14:57:52.164089+00:00,7,Disney Hollywood Studios,6704,Meet Disney Stars at Red Carpet Dreams,True,20,2026-08-02T14:55:20.000Z
2026-08-02T14:57:52.164089+00:00,7,Disney Hollywood Studios,1174,For the First Time in Forever: A Frozen Sing-Along Celebration,True,0,2026-08-02T14:55:20.000Z
2026-08-02T14:57:52.164089+00:00,7,Disney Hollywood Studios,6702,Indiana Jones™ Epic Stunt Spectacular!,True,0,2026-08-02T14:55:20.000Z
2026-08-02T14:57:52.164089+00:00,7,Disney Hollywood Studios,6703,Meet Olaf at Celebrity Spotlight,True,10,2026-08-02T14:55:20.000Z
2026-08-02T14:57:52.164089+00:00,7,Disney Hollywood Studios,120,Star Tours – The Adventures Continue,True,5,2026-08-02T14:55:20.000Z
2026-08-02T14:57:52.164089+00:00,7,Disney Hollywood Studios,7333,Vacation Fun - An Original Animated Short with Mickey & Minnie,True,10,2026-08-02T14:55:20.000Z
2026-08-02T14:57:52.164089+00:00,7,Disney Hollywood Studios,6361,Mickey & Minnie's Runaway Railway,False,0,2026-08-02T14:55:20.000Z
2026-08-02T14:57:52.164089+00:00,7,Disney Hollywood Studios,12425,Meet Edna Mode at the Edna Mode Experience,True,0,2026-08-02T14:55:20.000Z
2026-08-02T14:57:52.164089+00:00,7,Disney Hollywood Studios,117,Toy Story Mania!,True,40,2026-08-02T14:55:20.000Z
2026-08-02T14:57:52.164089+00:00,7,Disney Hollywood Studios,6368,Millennium Falcon: Smugglers Run,True,55,2026-08-02T14:55:20.000Z
2026-08-02T14:57:52.164089+00:00,7,Disney Hollywood Studios,10902,Millennium Falcon: Smugglers Run Single Rider,True,0,2026-08-02T14:55:20.000Z
2026-08-02T14:57:52.164089+00:00,7,Disney Hollywood Studios,6369,Star Wars: Rise of the Resistance,True,70,2026-08-02T14:55:20.000Z
2026-08-02T14:57:52.164089+00:00,7,Disney Hollywood Studios,14531,Star Wars: Rise of the Resistance Single Rider,True,0,2026-08-02T14:55:20.000Z
2026-08-02T14:57:52.164089+00:00,7,Disney Hollywood Studios,1176,Beauty and the Beast – Live on Stage,True,0,2026-08-02T14:55:20.000Z
2026-08-02T14:57:52.164089+00:00,7,Disney Hollywood Studios,16343,Rock 'n' Roller Coaster Starring Aerosmith Single Rider,False,0,2026-08-02T14:55:20.000Z
2026-08-02T14:57:52.164089+00:00,7,Disney Hollywood Studios,16342,Rock ’n’ Roller Coaster Starring The Muppets,False,0,2026-08-02T14:55:20.000Z
2026-08-02T14:57:52.164089+00:00,7,Disney Hollywood Studios,123,The Twilight Zone™ Tower of Terror,True,30,2026-08-02T14:55:20.000Z
2026-08-02T14:57:52.164089+00:00,7,Disney Hollywood Studios,5477,Alien Swirling Saucers,True,35,2026-08-02T14:55:20.000Z
2026-08-02T14:57:52.164089+00:00,7,Disney Hollywood Studios,5476,Slinky Dog Dash,False,0,2026-08-02T14:55:20.000Z
2026-08-02T14:57:52.268987+00:00,6,Disney Magic Kingdom,1184,A Pirate's Adventure ~ Treasures of the Seven Seas,False,0,2026-08-02T14:55:14.000Z
2026-08-02T14:57:52.268987+00:00,6,Disney Magic Kingdom,134,Jungle Cruise,True,25,2026-08-02T14:55:14.000Z
2026-08-02T14:57:52.268987+00:00,6,Disney Magic Kingdom,137,Pirates of the Caribbean,True,15,2026-08-02T14:55:14.000Z
2026-08-02T14:57:52.268987+00:00,6,Disney Magic Kingdom,355,Swiss Family Treehouse,True,5,2026-08-02T14:55:14.000Z
2026-08-02T14:57:52.268987+00:00,6,Disney Magic Kingdom,141,The Magic Carpets of Aladdin,True,15,2026-08-02T14:55:14.000Z
2026-08-02T14:57:52.268987+00:00,6,Disney Magic Kingdom,334,Walt Disney's Enchanted Tiki Room,False,0,2026-08-02T14:55:14.000Z
2026-08-02T14:57:52.268987+00:00,6,Disney Magic Kingdom,133,"""it's a small world""",True,20,2026-08-02T14:55:14.000Z
2026-08-02T14:57:52.268987+00:00,6,Disney Magic Kingdom,13764,Casey Jr. Splash 'N' Soak Station,True,0,2026-08-02T14:55:14.000Z
2026-08-02T14:57:52.268987+00:00,6,Disney Magic Kingdom,13763,Cinderella Castle,True,0,2026-08-02T14:55:14.000Z
2026-08-02T14:57:52.268987+00:00,6,Disney Magic Kingdom,132,Dumbo the Flying Elephant,True,10,2026-08-02T14:55:14.000Z
2026-08-02T14:57:52.268987+00:00,6,Disney Magic Kingdom,128,Enchanted Tales with Belle,True,10,2026-08-02T14:55:14.000Z
2026-08-02T14:57:52.268987+00:00,6,Disney Magic Kingdom,135,Mad Tea Party,True,5,2026-08-02T14:55:14.000Z
2026-08-02T14:57:52.268987+00:00,6,Disney Magic Kingdom,147,Meet Ariel at Her Grotto,True,25,2026-08-02T14:55:14.000Z
2026-08-02T14:57:52.268987+00:00,6,Disney Magic Kingdom,6700,Meet Cinderella and a Visiting Princess at Princess Fairytale Hall,True,10,2026-08-02T14:55:14.000Z
2026-08-02T14:57:52.268987+00:00,6,Disney Magic Kingdom,144,Meet Daring Disney Pals as Circus Stars at Pete's Silly Sideshow,True,10,2026-08-02T14:55:14.000Z
2026-08-02T14:57:52.268987+00:00,6,Disney Magic Kingdom,145,Meet Dashing Disney Pals as Circus Stars at Pete's Silly Sideshow,True,20,2026-08-02T14:55:14.000Z
2026-08-02T14:57:52.268987+00:00,6,Disney Magic Kingdom,6699,Meet Princess Tiana and a Visiting Princess at Princess Fairytale Hall,True,20,2026-08-02T14:55:14.000Z
2026-08-02T14:57:52.268987+00:00,6,Disney Magic Kingdom,171,Mickey's PhilharMagic,True,10,2026-08-02T14:55:14.000Z
2026-08-02T14:57:52.268987+00:00,6,Disney Magic Kingdom,136,Peter Pan's Flight,True,30,2026-08-02T14:55:14.000Z
2026-08-02T14:57:52.268987+00:00,6,Disney Magic Kingdom,161,Prince Charming Regal Carrousel,True,5,2026-08-02T14:55:14.000Z
2026-08-02T14:57:52.268987+00:00,6,Disney Magic Kingdom,129,Seven Dwarfs Mine Train,True,50,2026-08-02T14:55:14.000Z
2026-08-02T14:57:52.268987+00:00,6,Disney Magic Kingdom,126,The Barnstormer,True,15,2026-08-02T14:55:14.000Z
2026-08-02T14:57:52.268987+00:00,6,Disney Magic Kingdom,142,The Many Adventures of Winnie the Pooh,True,30,2026-08-02T14:55:14.000Z
2026-08-02T14:57:52.268987+00:00,6,Disney Magic Kingdom,127,Under the Sea - Journey of The Little Mermaid,True,10,2026-08-02T14:55:14.000Z
2026-08-02T14:57:52.268987+00:00,6,Disney Magic Kingdom,1181,Walt Disney World Railroad - Fantasyland,True,20,2026-08-02T14:55:14.000Z
2026-08-02T14:57:52.268987+00:00,6,Disney Magic Kingdom,130,Big Thunder Mountain Railroad,True,45,2026-08-02T14:55:14.000Z
2026-08-02T14:57:52.268987+00:00,6,Disney Magic Kingdom,1214,Country Bear Musical Jamboree,True,10,2026-08-02T14:55:14.000Z
2026-08-02T14:57:52.268987+00:00,6,Disney Magic Kingdom,13630,Tiana's Bayou Adventure,True,45,2026-08-02T14:55:14.000Z
2026-08-02T14:57:52.268987+00:00,6,Disney Magic Kingdom,140,Haunted Mansion,True,25,2026-08-02T14:55:14.000Z
2026-08-02T14:57:52.268987+00:00,6,Disney Magic Kingdom,356,The Hall of Presidents,True,15,2026-08-02T14:55:14.000Z
2026-08-02T14:57:52.268987+00:00,6,Disney Magic Kingdom,1188,Main Street Vehicles,True,0,2026-08-02T14:55:14.000Z
2026-08-02T14:57:52.268987+00:00,6,Disney Magic Kingdom,146,Meet Mickey at Town Square Theater,True,25,2026-08-02T14:55:14.000Z
2026-08-02T14:57:52.268987+00:00,6,Disney Magic Kingdom,1189,"Walt Disney World Railroad - Main Street, U.S.A.",True,20,2026-08-02T14:55:14.000Z
2026-08-02T14:57:52.268987+00:00,6,Disney Magic Kingdom,248,Astro Orbiter,True,20,2026-08-02T14:55:14.000Z
2026-08-02T14:57:52.268987+00:00,6,Disney Magic Kingdom,131,Buzz Lightyear’s Space Ranger Spin,True,35,2026-08-02T14:55:14.000Z
2026-08-02T14:57:52.268987+00:00,6,Disney Magic Kingdom,125,"Monsters, Inc. Laugh Floor",True,10,2026-08-02T14:55:14.000Z
2026-08-02T14:57:52.268987+00:00,6,Disney Magic Kingdom,138,Space Mountain,True,30,2026-08-02T14:55:14.000Z
2026-08-02T14:57:52.268987+00:00,6,Disney Magic Kingdom,143,Tomorrowland Speedway,True,10,2026-08-02T14:55:14.000Z
2026-08-02T14:57:52.268987+00:00,6,Disney Magic Kingdom,1190,Tomorrowland Transit Authority PeopleMover,True,5,2026-08-02T14:55:14.000Z
2026-08-02T14:57:52.268987+00:00,6,Disney Magic Kingdom,11527,TRON Lightcycle / Run,True,65,2026-08-02T14:55:14.000Z
2026-08-02T14:57:52.268987+00:00,6,Disney Magic Kingdom,457,Walt Disney's Carousel of Progress,False,0,2026-08-02T14:55:14.000Z
2026-08-02T14:57:52.373438+00:00,5,Epcot,2495,Disney and Pixar Short Film Festival,True,0,2026-08-02T14:55:14.000Z
2026-08-02T14:57:52.373438+00:00,5,Epcot,155,Journey Into Imagination With Figment,True,5,2026-08-02T14:55:14.000Z
2026-08-02T14:57:52.373438+00:00,5,Epcot,13627,Meet Beloved Disney Pals at Mickey & Friends,True,15,2026-08-02T14:55:14.000Z
2026-08-02T14:57:52.373438+00:00,5,Epcot,159,Spaceship Earth,True,20,2026-08-02T14:55:14.000Z
2026-08-02T14:57:52.373438+00:00,5,Epcot,10916,Guardians of the Galaxy: Cosmic Rewind,True,70,2026-08-02T14:55:14.000Z
2026-08-02T14:57:52.373438+00:00,5,Epcot,158,Mission: SPACE,True,25,2026-08-02T14:55:14.000Z
2026-08-02T14:57:52.373438+00:00,5,Epcot,160,Test Track,False,0,2026-08-02T14:55:14.000Z
2026-08-02T14:57:52.373438+00:00,5,Epcot,10900,Test Track Presented by Chevrolet Single Rider,False,0,2026-08-02T14:55:14.000Z
2026-08-02T14:57:52.373438+00:00,5,Epcot,7323,Awesome Planet,True,0,2026-08-02T14:55:14.000Z
2026-08-02T14:57:52.373438+00:00,5,Epcot,12387,"Journey of Water, Inspired by Moana",True,0,2026-08-02T14:55:14.000Z
2026-08-02T14:57:52.373438+00:00,5,Epcot,156,Living with the Land,True,10,2026-08-02T14:55:14.000Z
2026-08-02T14:57:52.373438+00:00,5,Epcot,13782,SeaBase Aquarium,True,0,2026-08-02T14:55:14.000Z
2026-08-02T14:57:52.373438+00:00,5,Epcot,16467,Soarin' Across America,True,45,2026-08-02T14:55:14.000Z
2026-08-02T14:57:52.373438+00:00,5,Epcot,153,The Seas with Nemo & Friends,True,5,2026-08-02T14:55:14.000Z
2026-08-02T14:57:52.373438+00:00,5,Epcot,152,Turtle Talk With Crush,True,15,2026-08-02T14:55:14.000Z
2026-08-02T14:57:52.373438+00:00,5,Epcot,829,Canada Far and Wide in Circle-Vision 360,True,15,2026-08-02T14:55:14.000Z
2026-08-02T14:57:52.373438+00:00,5,Epcot,2679,Frozen Ever After,True,45,2026-08-02T14:55:14.000Z
2026-08-02T14:57:52.373438+00:00,5,Epcot,466,Gran Fiesta Tour Starring The Three Caballeros,True,5,2026-08-02T14:55:14.000Z
2026-08-02T14:57:52.373438+00:00,5,Epcot,6701,Meet Anna and Elsa at Royal Sommerhus,True,45,2026-08-02T14:55:14.000Z
2026-08-02T14:57:52.373438+00:00,5,Epcot,10914,Remy's Ratatouille Adventure,True,45,2026-08-02T14:55:14.000Z
2026-08-02T14:57:52.373438+00:00,5,Epcot,10915,Remy's Ratatouille Adventure Single Rider,True,0,2026-08-02T14:55:14.000Z
2026-08-02T16:53:36.806689+00:00,8,Animal Kingdom,657,Festival of the Lion King,True,0,2026-08-02T16:50:42.000Z
2026-08-02T16:53:36.806689+00:00,8,Animal Kingdom,651,Gorilla Falls Exploration Trail,True,0,2026-08-02T16:50:42.000Z
2026-08-02T16:53:36.806689+00:00,8,Animal Kingdom,113,Kilimanjaro Safaris,True,30,2026-08-02T16:50:42.000Z
2026-08-02T16:53:36.806689+00:00,8,Animal Kingdom,655,Wildlife Express Train,True,10,2026-08-02T16:50:42.000Z
2026-08-02T16:53:36.806689+00:00,8,Animal Kingdom,110,Expedition Everest - Legend of the Forbidden Mountain,True,25,2026-08-02T16:50:42.000Z
2026-08-02T16:53:36.806689+00:00,8,Animal Kingdom,14533,Expedition Everest - Legend of the Forbidden Mountain Single Rider,True,0,2026-08-02T16:50:42.000Z
2026-08-02T16:53:36.806689+00:00,8,Animal Kingdom,10921,Feathered Friends in Flight!,True,0,2026-08-02T16:50:42.000Z
2026-08-02T16:53:36.806689+00:00,8,Animal Kingdom,112,Kali River Rapids,True,40,2026-08-02T16:50:42.000Z
2026-08-02T16:53:36.806689+00:00,8,Animal Kingdom,13806,Animal Care at Conservation Station,True,0,2026-08-02T16:50:42.000Z
2026-08-02T16:53:36.806689+00:00,8,Animal Kingdom,16545,Bluey's Wild World at Conservation Station,True,35,2026-08-02T16:50:42.000Z
2026-08-02T16:53:36.806689+00:00,8,Animal Kingdom,10920,Finding Nemo: The Big Blue... and Beyond!,True,0,2026-08-02T16:50:42.000Z
2026-08-02T16:53:36.806689+00:00,8,Animal Kingdom,13811,Discovery Island Trails,True,0,2026-08-02T16:50:42.000Z
2026-08-02T16:53:36.806689+00:00,8,Animal Kingdom,116,Meet Favorite Disney Pals at Adventurers Outpost,True,20,2026-08-02T16:50:42.000Z
2026-08-02T16:53:36.806689+00:00,8,Animal Kingdom,12451,Meet Moana at Character Landing,False,0,2026-08-02T16:50:42.000Z
2026-08-02T16:53:36.806689+00:00,8,Animal Kingdom,13751,Tree of Life,True,0,2026-08-02T16:50:42.000Z
2026-08-02T16:53:36.806689+00:00,8,Animal Kingdom,14943,Zootopia: Better Zoogether!,True,15,2026-08-02T16:50:42.000Z
2026-08-02T16:53:36.806689+00:00,8,Animal Kingdom,4439,Avatar Flight of Passage,True,65,2026-08-02T16:50:42.000Z
2026-08-02T16:53:36.806689+00:00,8,Animal Kingdom,4438,Na'vi River Journey,True,35,2026-08-02T16:50:42.000Z
2026-08-02T16:53:36.806689+00:00,8,Animal Kingdom,13812,The Oasis Exhibits,True,0,2026-08-02T16:50:42.000Z
2026-08-02T16:53:36.806689+00:00,8,Animal Kingdom,13808,Wilderness Explorers,True,0,2026-08-02T16:50:42.000Z
2026-08-02T16:53:36.948837+00:00,7,Disney Hollywood Studios,16641,Disney Jr. Mickey Mouse Clubhouse Live!,True,0,2026-08-02T16:50:33.000Z
2026-08-02T16:53:36.948837+00:00,7,Disney Hollywood Studios,12430,Meet Ariel at Walt Disney Presents,True,0,2026-08-02T16:50:33.000Z
2026-08-02T16:53:36.948837+00:00,7,Disney Hollywood Studios,14859,The Little Mermaid – A Musical Adventure,True,0,2026-08-02T16:50:33.000Z
2026-08-02T16:53:36.948837+00:00,7,Disney Hollywood Studios,5145,Walt Disney Presents,True,0,2026-08-02T16:50:33.000Z
2026-08-02T16:53:36.948837+00:00,7,Disney Hollywood Studios,6704,Meet Disney Stars at Red Carpet Dreams,True,35,2026-08-02T16:50:33.000Z
2026-08-02T16:53:36.948837+00:00,7,Disney Hollywood Studios,1174,For the First Time in Forever: A Frozen Sing-Along Celebration,True,0,2026-08-02T16:50:33.000Z
2026-08-02T16:53:36.948837+00:00,7,Disney Hollywood Studios,6702,Indiana Jones™ Epic Stunt Spectacular!,True,0,2026-08-02T16:50:33.000Z
2026-08-02T16:53:36.948837+00:00,7,Disney Hollywood Studios,6703,Meet Olaf at Celebrity Spotlight,True,15,2026-08-02T16:50:33.000Z
2026-08-02T16:53:36.948837+00:00,7,Disney Hollywood Studios,120,Star Tours – The Adventures Continue,True,10,2026-08-02T16:50:33.000Z
2026-08-02T16:53:36.948837+00:00,7,Disney Hollywood Studios,7333,Vacation Fun - An Original Animated Short with Mickey & Minnie,True,10,2026-08-02T16:50:33.000Z
2026-08-02T16:53:36.948837+00:00,7,Disney Hollywood Studios,6361,Mickey & Minnie's Runaway Railway,False,0,2026-08-02T16:50:33.000Z
2026-08-02T16:53:36.948837+00:00,7,Disney Hollywood Studios,12425,Meet Edna Mode at the Edna Mode Experience,True,0,2026-08-02T16:50:33.000Z
2026-08-02T16:53:36.948837+00:00,7,Disney Hollywood Studios,117,Toy Story Mania!,True,55,2026-08-02T16:50:33.000Z
2026-08-02T16:53:36.948837+00:00,7,Disney Hollywood Studios,6368,Millennium Falcon: Smugglers Run,True,60,2026-08-02T16:50:33.000Z
2026-08-02T16:53:36.948837+00:00,7,Disney Hollywood Studios,10902,Millennium Falcon: Smugglers Run Single Rider,True,0,2026-08-02T16:50:33.000Z
2026-08-02T16:53:36.948837+00:00,7,Disney Hollywood Studios,6369,Star Wars: Rise of the Resistance,True,65,2026-08-02T16:50:33.000Z
2026-08-02T16:53:36.948837+00:00,7,Disney Hollywood Studios,14531,Star Wars: Rise of the Resistance Single Rider,True,0,2026-08-02T16:50:33.000Z
2026-08-02T16:53:36.948837+00:00,7,Disney Hollywood Studios,1176,Beauty and the Beast – Live on Stage,True,0,2026-08-02T16:50:33.000Z
2026-08-02T16:53:36.948837+00:00,7,Disney Hollywood Studios,16343,Rock 'n' Roller Coaster Starring Aerosmith Single Rider,True,0,2026-08-02T16:50:33.000Z
2026-08-02T16:53:36.948837+00:00,7,Disney Hollywood Studios,16342,Rock ’n’ Roller Coaster Starring The Muppets,True,80,2026-08-02T16:50:33.000Z
2026-08-02T16:53:36.948837+00:00,7,Disney Hollywood Studios,123,The Twilight Zone™ Tower of Terror,True,50,2026-08-02T16:50:33.000Z
2026-08-02T16:53:36.948837+00:00,7,Disney Hollywood Studios,5477,Alien Swirling Saucers,True,65,2026-08-02T16:50:33.000Z
2026-08-02T16:53:36.948837+00:00,7,Disney Hollywood Studios,5476,Slinky Dog Dash,True,120,2026-08-02T16:50:33.000Z
2026-08-02T16:53:37.104599+00:00,6,Disney Magic Kingdom,1184,A Pirate's Adventure ~ Treasures of the Seven Seas,True,0,2026-08-02T16:50:32.000Z
2026-08-02T16:53:37.104599+00:00,6,Disney Magic Kingdom,134,Jungle Cruise,True,40,2026-08-02T16:50:32.000Z
2026-08-02T16:53:37.104599+00:00,6,Disney Magic Kingdom,137,Pirates of the Caribbean,True,25,2026-08-02T16:50:32.000Z
2026-08-02T16:53:37.104599+00:00,6,Disney Magic Kingdom,355,Swiss Family Treehouse,True,5,2026-08-02T16:50:32.000Z
2026-08-02T16:53:37.104599+00:00,6,Disney Magic Kingdom,141,The Magic Carpets of Aladdin,True,15,2026-08-02T16:50:32.000Z
2026-08-02T16:53:37.104599+00:00,6,Disney Magic Kingdom,334,Walt Disney's Enchanted Tiki Room,True,10,2026-08-02T16:50:32.000Z
2026-08-02T16:53:37.104599+00:00,6,Disney Magic Kingdom,133,"""it's a small world""",True,25,2026-08-02T16:50:32.000Z
2026-08-02T16:53:37.104599+00:00,6,Disney Magic Kingdom,13764,Casey Jr. Splash 'N' Soak Station,True,0,2026-08-02T16:50:32.000Z
2026-08-02T16:53:37.104599+00:00,6,Disney Magic Kingdom,13763,Cinderella Castle,True,0,2026-08-02T16:50:32.000Z
2026-08-02T16:53:37.104599+00:00,6,Disney Magic Kingdom,132,Dumbo the Flying Elephant,True,10,2026-08-02T16:50:32.000Z
2026-08-02T16:53:37.104599+00:00,6,Disney Magic Kingdom,128,Enchanted Tales with Belle,True,15,2026-08-02T16:50:32.000Z
2026-08-02T16:53:37.104599+00:00,6,Disney Magic Kingdom,135,Mad Tea Party,True,10,2026-08-02T16:50:32.000Z
2026-08-02T16:53:37.104599+00:00,6,Disney Magic Kingdom,147,Meet Ariel at Her Grotto,True,25,2026-08-02T16:50:32.000Z
2026-08-02T16:53:37.104599+00:00,6,Disney Magic Kingdom,6700,Meet Cinderella and a Visiting Princess at Princess Fairytale Hall,True,10,2026-08-02T16:50:32.000Z
2026-08-02T16:53:37.104599+00:00,6,Disney Magic Kingdom,144,Meet Daring Disney Pals as Circus Stars at Pete's Silly Sideshow,True,25,2026-08-02T16:50:32.000Z
2026-08-02T16:53:37.104599+00:00,6,Disney Magic Kingdom,145,Meet Dashing Disney Pals as Circus Stars at Pete's Silly Sideshow,True,25,2026-08-02T16:50:32.000Z
2026-08-02T16:53:37.104599+00:00,6,Disney Magic Kingdom,6699,Meet Princess Tiana and a Visiting Princess at Princess Fairytale Hall,True,25,2026-08-02T16:50:32.000Z
2026-08-02T16:53:37.104599+00:00,6,Disney Magic Kingdom,171,Mickey's PhilharMagic,True,10,2026-08-02T16:50:32.000Z
2026-08-02T16:53:37.104599+00:00,6,Disney Magic Kingdom,136,Peter Pan's Flight,True,45,2026-08-02T16:50:32.000Z
2026-08-02T16:53:37.104599+00:00,6,Disney Magic Kingdom,161,Prince Charming Regal Carrousel,True,10,2026-08-02T16:50:32.000Z
2026-08-02T16:53:37.104599+00:00,6,Disney Magic Kingdom,129,Seven Dwarfs Mine Train,True,65,2026-08-02T16:50:32.000Z
2026-08-02T16:53:37.104599+00:00,6,Disney Magic Kingdom,126,The Barnstormer,True,15,2026-08-02T16:50:32.000Z
2026-08-02T16:53:37.104599+00:00,6,Disney Magic Kingdom,142,The Many Adventures of Winnie the Pooh,True,35,2026-08-02T16:50:32.000Z
2026-08-02T16:53:37.104599+00:00,6,Disney Magic Kingdom,127,Under the Sea - Journey of The Little Mermaid,True,15,2026-08-02T16:50:32.000Z
2026-08-02T16:53:37.104599+00:00,6,Disney Magic Kingdom,1181,Walt Disney World Railroad - Fantasyland,True,15,2026-08-02T16:50:32.000Z
2026-08-02T16:53:37.104599+00:00,6,Disney Magic Kingdom,130,Big Thunder Mountain Railroad,True,30,2026-08-02T16:50:32.000Z
2026-08-02T16:53:37.104599+00:00,6,Disney Magic Kingdom,1214,Country Bear Musical Jamboree,True,10,2026-08-02T16:50:32.000Z
2026-08-02T16:53:37.104599+00:00,6,Disney Magic Kingdom,13630,Tiana's Bayou Adventure,True,35,2026-08-02T16:50:32.000Z
2026-08-02T16:53:37.104599+00:00,6,Disney Magic Kingdom,140,Haunted Mansion,True,20,2026-08-02T16:50:32.000Z
2026-08-02T16:53:37.104599+00:00,6,Disney Magic Kingdom,356,The Hall of Presidents,True,15,2026-08-02T16:50:32.000Z
2026-08-02T16:53:37.104599+00:00,6,Disney Magic Kingdom,1188,Main Street Vehicles,True,0,2026-08-02T16:50:32.000Z
2026-08-02T16:53:37.104599+00:00,6,Disney Magic Kingdom,146,Meet Mickey at Town Square Theater,True,25,2026-08-02T16:50:32.000Z
2026-08-02T16:53:37.104599+00:00,6,Disney Magic Kingdom,1189,"Walt Disney World Railroad - Main Street, U.S.A.",True,15,2026-08-02T16:50:32.000Z
2026-08-02T16:53:37.104599+00:00,6,Disney Magic Kingdom,248,Astro Orbiter,True,15,2026-08-02T16:50:32.000Z
2026-08-02T16:53:37.104599+00:00,6,Disney Magic Kingdom,131,Buzz Lightyear’s Space Ranger Spin,True,45,2026-08-02T16:50:32.000Z
2026-08-02T16:53:37.104599+00:00,6,Disney Magic Kingdom,125,"Monsters, Inc. Laugh Floor",True,10,2026-08-02T16:50:32.000Z
2026-08-02T16:53:37.104599+00:00,6,Disney Magic Kingdom,138,Space Mountain,True,45,2026-08-02T16:50:32.000Z
2026-08-02T16:53:37.104599+00:00,6,Disney Magic Kingdom,143,Tomorrowland Speedway,True,5,2026-08-02T16:50:32.000Z
2026-08-02T16:53:37.104599+00:00,6,Disney Magic Kingdom,1190,Tomorrowland Transit Authority PeopleMover,True,15,2026-08-02T16:50:32.000Z
2026-08-02T16:53:37.104599+00:00,6,Disney Magic Kingdom,11527,TRON Lightcycle / Run,True,55,2026-08-02T16:50:32.000Z
2026-08-02T16:53:37.104599+00:00,6,Disney Magic Kingdom,457,Walt Disney's Carousel of Progress,False,0,2026-08-02T16:50:32.000Z
2026-08-02T16:53:37.257980+00:00,5,Epcot,2495,Disney and Pixar Short Film Festival,True,0,2026-08-02T16:50:30.000Z
2026-08-02T16:53:37.257980+00:00,5,Epcot,155,Journey Into Imagination With Figment,True,5,2026-08-02T16:50:30.000Z
2026-08-02T16:53:37.257980+00:00,5,Epcot,13627,Meet Beloved Disney Pals at Mickey & Friends,True,15,2026-08-02T16:50:30.000Z
2026-08-02T16:53:37.257980+00:00,5,Epcot,159,Spaceship Earth,True,20,2026-08-02T16:50:30.000Z
2026-08-02T16:53:37.257980+00:00,5,Epcot,10916,Guardians of the Galaxy: Cosmic Rewind,True,85,2026-08-02T16:50:30.000Z
2026-08-02T16:53:37.257980+00:00,5,Epcot,158,Mission: SPACE,True,15,2026-08-02T16:50:30.000Z
2026-08-02T16:53:37.257980+00:00,5,Epcot,160,Test Track,True,75,2026-08-02T16:50:30.000Z
2026-08-02T16:53:37.257980+00:00,5,Epcot,10900,Test Track Presented by Chevrolet Single Rider,True,0,2026-08-02T16:50:30.000Z
2026-08-02T16:53:37.257980+00:00,5,Epcot,7323,Awesome Planet,True,0,2026-08-02T16:50:30.000Z
2026-08-02T16:53:37.257980+00:00,5,Epcot,12387,"Journey of Water, Inspired by Moana",True,0,2026-08-02T16:50:30.000Z
2026-08-02T16:53:37.257980+00:00,5,Epcot,156,Living with the Land,True,5,2026-08-02T16:50:30.000Z
2026-08-02T16:53:37.257980+00:00,5,Epcot,13782,SeaBase Aquarium,True,0,2026-08-02T16:50:30.000Z
2026-08-02T16:53:37.257980+00:00,5,Epcot,16467,Soarin' Across America,True,40,2026-08-02T16:50:30.000Z
2026-08-02T16:53:37.257980+00:00,5,Epcot,153,The Seas with Nemo & Friends,True,5,2026-08-02T16:50:30.000Z
2026-08-02T16:53:37.257980+00:00,5,Epcot,152,Turtle Talk With Crush,True,15,2026-08-02T16:50:30.000Z
2026-08-02T16:53:37.257980+00:00,5,Epcot,829,Canada Far and Wide in Circle-Vision 360,True,15,2026-08-02T16:50:30.000Z
2026-08-02T16:53:37.257980+00:00,5,Epcot,2679,Frozen Ever After,True,45,2026-08-02T16:50:30.000Z
2026-08-02T16:53:37.257980+00:00,5,Epcot,466,Gran Fiesta Tour Starring The Three Caballeros,True,5,2026-08-02T16:50:30.000Z
2026-08-02T16:53:37.257980+00:00,5,Epcot,6701,Meet Anna and Elsa at Royal Sommerhus,True,20,2026-08-02T16:50:30.000Z
2026-08-02T16:53:37.257980+00:00,5,Epcot,10914,Remy's Ratatouille Adventure,True,50,2026-08-02T16:50:30.000Z
2026-08-02T16:53:37.257980+00:00,5,Epcot,10915,Remy's Ratatouille Adventure Single Rider,True,0,2026-08-02T16:50:30.000Z
2026-08-02T19:02:02.429700+00:00,8,Animal Kingdom,657,Festival of the Lion King,True,0,2026-08-02T19:00:32.000Z
2026-08-02T19:02:02.429700+00:00,8,Animal Kingdom,651,Gorilla Falls Exploration Trail,True,5,2026-08-02T19:00:32.000Z
2026-08-02T19:02:02.429700+00:00,8,Animal Kingdom,113,Kilimanjaro Safaris,True,10,2026-08-02T19:00:32.000Z
2026-08-02T19:02:02.429700+00:00,8,Animal Kingdom,655,Wildlife Express Train,True,10,2026-08-02T19:00:32.000Z
2026-08-02T19:02:02.429700+00:00,8,Animal Kingdom,110,Expedition Everest - Legend of the Forbidden Mountain,True,30,2026-08-02T19:00:32.000Z
2026-08-02T19:02:02.429700+00:00,8,Animal Kingdom,14533,Expedition Everest - Legend of the Forbidden Mountain Single Rider,True,0,2026-08-02T19:00:32.000Z
2026-08-02T19:02:02.429700+00:00,8,Animal Kingdom,10921,Feathered Friends in Flight!,True,0,2026-08-02T19:00:32.000Z
2026-08-02T19:02:02.429700+00:00,8,Animal Kingdom,112,Kali River Rapids,True,45,2026-08-02T19:00:32.000Z
2026-08-02T19:02:02.429700+00:00,8,Animal Kingdom,13806,Animal Care at Conservation Station,True,0,2026-08-02T19:00:32.000Z
2026-08-02T19:02:02.429700+00:00,8,Animal Kingdom,16545,Bluey's Wild World at Conservation Station,True,20,2026-08-02T19:00:32.000Z
2026-08-02T19:02:02.429700+00:00,8,Animal Kingdom,10920,Finding Nemo: The Big Blue... and Beyond!,True,0,2026-08-02T19:00:32.000Z
2026-08-02T19:02:02.429700+00:00,8,Animal Kingdom,13811,Discovery Island Trails,True,0,2026-08-02T19:00:32.000Z
2026-08-02T19:02:02.429700+00:00,8,Animal Kingdom,116,Meet Favorite Disney Pals at Adventurers Outpost,True,10,2026-08-02T19:00:32.000Z
2026-08-02T19:02:02.429700+00:00,8,Animal Kingdom,12451,Meet Moana at Character Landing,True,0,2026-08-02T19:00:32.000Z
2026-08-02T19:02:02.429700+00:00,8,Animal Kingdom,13751,Tree of Life,True,0,2026-08-02T19:00:32.000Z
2026-08-02T19:02:02.429700+00:00,8,Animal Kingdom,14943,Zootopia: Better Zoogether!,True,10,2026-08-02T19:00:32.000Z
2026-08-02T19:02:02.429700+00:00,8,Animal Kingdom,4439,Avatar Flight of Passage,True,55,2026-08-02T19:00:32.000Z
2026-08-02T19:02:02.429700+00:00,8,Animal Kingdom,4438,Na'vi River Journey,True,40,2026-08-02T19:00:32.000Z
2026-08-02T19:02:02.429700+00:00,8,Animal Kingdom,13812,The Oasis Exhibits,True,0,2026-08-02T19:00:32.000Z
2026-08-02T19:02:02.429700+00:00,8,Animal Kingdom,13808,Wilderness Explorers,True,0,2026-08-02T19:00:32.000Z
2026-08-02T19:02:02.533048+00:00,7,Disney Hollywood Studios,16641,Disney Jr. Mickey Mouse Clubhouse Live!,True,0,2026-08-02T19:00:31.000Z
2026-08-02T19:02:02.533048+00:00,7,Disney Hollywood Studios,12430,Meet Ariel at Walt Disney Presents,True,0,2026-08-02T19:00:31.000Z
2026-08-02T19:02:02.533048+00:00,7,Disney Hollywood Studios,14859,The Little Mermaid – A Musical Adventure,True,0,2026-08-02T19:00:31.000Z
2026-08-02T19:02:02.533048+00:00,7,Disney Hollywood Studios,5145,Walt Disney Presents,True,0,2026-08-02T19:00:31.000Z
2026-08-02T19:02:02.533048+00:00,7,Disney Hollywood Studios,6704,Meet Disney Stars at Red Carpet Dreams,True,25,2026-08-02T19:00:31.000Z
2026-08-02T19:02:02.533048+00:00,7,Disney Hollywood Studios,1174,For the First Time in Forever: A Frozen Sing-Along Celebration,True,0,2026-08-02T19:00:31.000Z
2026-08-02T19:02:02.533048+00:00,7,Disney Hollywood Studios,6702,Indiana Jones™ Epic Stunt Spectacular!,True,0,2026-08-02T19:00:31.000Z
2026-08-02T19:02:02.533048+00:00,7,Disney Hollywood Studios,6703,Meet Olaf at Celebrity Spotlight,True,5,2026-08-02T19:00:31.000Z
2026-08-02T19:02:02.533048+00:00,7,Disney Hollywood Studios,120,Star Tours – The Adventures Continue,True,5,2026-08-02T19:00:31.000Z
2026-08-02T19:02:02.533048+00:00,7,Disney Hollywood Studios,7333,Vacation Fun - An Original Animated Short with Mickey & Minnie,True,10,2026-08-02T19:00:31.000Z
2026-08-02T19:02:02.533048+00:00,7,Disney Hollywood Studios,6361,Mickey & Minnie's Runaway Railway,False,0,2026-08-02T19:00:31.000Z
2026-08-02T19:02:02.533048+00:00,7,Disney Hollywood Studios,12425,Meet Edna Mode at the Edna Mode Experience,True,0,2026-08-02T19:00:31.000Z
2026-08-02T19:02:02.533048+00:00,7,Disney Hollywood Studios,117,Toy Story Mania!,True,40,2026-08-02T19:00:31.000Z
2026-08-02T19:02:02.533048+00:00,7,Disney Hollywood Studios,6368,Millennium Falcon: Smugglers Run,True,35,2026-08-02T19:00:31.000Z
2026-08-02T19:02:02.533048+00:00,7,Disney Hollywood Studios,10902,Millennium Falcon: Smugglers Run Single Rider,True,0,2026-08-02T19:00:31.000Z
2026-08-02T19:02:02.533048+00:00,7,Disney Hollywood Studios,6369,Star Wars: Rise of the Resistance,True,65,2026-08-02T19:00:31.000Z
2026-08-02T19:02:02.533048+00:00,7,Disney Hollywood Studios,14531,Star Wars: Rise of the Resistance Single Rider,True,0,2026-08-02T19:00:31.000Z
2026-08-02T19:02:02.533048+00:00,7,Disney Hollywood Studios,1176,Beauty and the Beast – Live on Stage,True,0,2026-08-02T19:00:31.000Z
2026-08-02T19:02:02.533048+00:00,7,Disney Hollywood Studios,16343,Rock 'n' Roller Coaster Starring Aerosmith Single Rider,True,0,2026-08-02T19:00:31.000Z
2026-08-02T19:02:02.533048+00:00,7,Disney Hollywood Studios,16342,Rock ’n’ Roller Coaster Starring The Muppets,True,110,2026-08-02T19:00:31.000Z
2026-08-02T19:02:02.533048+00:00,7,Disney Hollywood Studios,123,The Twilight Zone™ Tower of Terror,True,40,2026-08-02T19:00:31.000Z
2026-08-02T19:02:02.533048+00:00,7,Disney Hollywood Studios,5477,Alien Swirling Saucers,True,35,2026-08-02T19:00:31.000Z
2026-08-02T19:02:02.533048+00:00,7,Disney Hollywood Studios,5476,Slinky Dog Dash,True,90,2026-08-02T19:00:31.000Z
2026-08-02T19:02:02.634669+00:00,6,Disney Magic Kingdom,1184,A Pirate's Adventure ~ Treasures of the Seven Seas,True,0,2026-08-02T19:00:31.000Z
2026-08-02T19:02:02.634669+00:00,6,Disney Magic Kingdom,134,Jungle Cruise,True,25,2026-08-02T19:00:31.000Z
2026-08-02T19:02:02.634669+00:00,6,Disney Magic Kingdom,137,Pirates of the Caribbean,True,20,2026-08-02T19:00:31.000Z
2026-08-02T19:02:02.634669+00:00,6,Disney Magic Kingdom,355,Swiss Family Treehouse,True,5,2026-08-02T19:00:31.000Z
2026-08-02T19:02:02.634669+00:00,6,Disney Magic Kingdom,141,The Magic Carpets of Aladdin,True,5,2026-08-02T19:00:31.000Z
2026-08-02T19:02:02.634669+00:00,6,Disney Magic Kingdom,334,Walt Disney's Enchanted Tiki Room,True,10,2026-08-02T19:00:31.000Z
2026-08-02T19:02:02.634669+00:00,6,Disney Magic Kingdom,133,"""it's a small world""",True,10,2026-08-02T19:00:31.000Z
2026-08-02T19:02:02.634669+00:00,6,Disney Magic Kingdom,13764,Casey Jr. Splash 'N' Soak Station,True,0,2026-08-02T19:00:31.000Z
2026-08-02T19:02:02.634669+00:00,6,Disney Magic Kingdom,13763,Cinderella Castle,True,0,2026-08-02T19:00:31.000Z
2026-08-02T19:02:02.634669+00:00,6,Disney Magic Kingdom,132,Dumbo the Flying Elephant,True,5,2026-08-02T19:00:31.000Z
2026-08-02T19:02:02.634669+00:00,6,Disney Magic Kingdom,128,Enchanted Tales with Belle,True,10,2026-08-02T19:00:31.000Z
2026-08-02T19:02:02.634669+00:00,6,Disney Magic Kingdom,135,Mad Tea Party,True,5,2026-08-02T19:00:31.000Z
2026-08-02T19:02:02.634669+00:00,6,Disney Magic Kingdom,147,Meet Ariel at Her Grotto,True,20,2026-08-02T19:00:31.000Z
2026-08-02T19:02:02.634669+00:00,6,Disney Magic Kingdom,6700,Meet Cinderella and a Visiting Princess at Princess Fairytale Hall,True,30,2026-08-02T19:00:31.000Z
2026-08-02T19:02:02.634669+00:00,6,Disney Magic Kingdom,144,Meet Daring Disney Pals as Circus Stars at Pete's Silly Sideshow,True,15,2026-08-02T19:00:31.000Z
2026-08-02T19:02:02.634669+00:00,6,Disney Magic Kingdom,145,Meet Dashing Disney Pals as Circus Stars at Pete's Silly Sideshow,True,25,2026-08-02T19:00:31.000Z
2026-08-02T19:02:02.634669+00:00,6,Disney Magic Kingdom,6699,Meet Princess Tiana and a Visiting Princess at Princess Fairytale Hall,True,30,2026-08-02T19:00:31.000Z
2026-08-02T19:02:02.634669+00:00,6,Disney Magic Kingdom,171,Mickey's PhilharMagic,True,10,2026-08-02T19:00:31.000Z
2026-08-02T19:02:02.634669+00:00,6,Disney Magic Kingdom,136,Peter Pan's Flight,True,45,2026-08-02T19:00:31.000Z
2026-08-02T19:02:02.634669+00:00,6,Disney Magic Kingdom,161,Prince Charming Regal Carrousel,True,10,2026-08-02T19:00:31.000Z
2026-08-02T19:02:02.634669+00:00,6,Disney Magic Kingdom,129,Seven Dwarfs Mine Train,True,50,2026-08-02T19:00:31.000Z
2026-08-02T19:02:02.634669+00:00,6,Disney Magic Kingdom,126,The Barnstormer,True,20,2026-08-02T19:00:31.000Z
2026-08-02T19:02:02.634669+00:00,6,Disney Magic Kingdom,142,The Many Adventures of Winnie the Pooh,True,20,2026-08-02T19:00:31.000Z
2026-08-02T19:02:02.634669+00:00,6,Disney Magic Kingdom,127,Under the Sea - Journey of The Little Mermaid,True,25,2026-08-02T19:00:31.000Z
2026-08-02T19:02:02.634669+00:00,6,Disney Magic Kingdom,1181,Walt Disney World Railroad - Fantasyland,True,15,2026-08-02T19:00:31.000Z
2026-08-02T19:02:02.634669+00:00,6,Disney Magic Kingdom,130,Big Thunder Mountain Railroad,True,30,2026-08-02T19:00:31.000Z
2026-08-02T19:02:02.634669+00:00,6,Disney Magic Kingdom,1214,Country Bear Musical Jamboree,True,10,2026-08-02T19:00:31.000Z
2026-08-02T19:02:02.634669+00:00,6,Disney Magic Kingdom,13630,Tiana's Bayou Adventure,True,60,2026-08-02T19:00:31.000Z
2026-08-02T19:02:02.634669+00:00,6,Disney Magic Kingdom,140,Haunted Mansion,True,20,2026-08-02T19:00:31.000Z
2026-08-02T19:02:02.634669+00:00,6,Disney Magic Kingdom,356,The Hall of Presidents,True,15,2026-08-02T19:00:31.000Z
2026-08-02T19:02:02.634669+00:00,6,Disney Magic Kingdom,1188,Main Street Vehicles,True,0,2026-08-02T19:00:31.000Z
2026-08-02T19:02:02.634669+00:00,6,Disney Magic Kingdom,146,Meet Mickey at Town Square Theater,True,15,2026-08-02T19:00:31.000Z
2026-08-02T19:02:02.634669+00:00,6,Disney Magic Kingdom,1189,"Walt Disney World Railroad - Main Street, U.S.A.",True,15,2026-08-02T19:00:31.000Z
2026-08-02T19:02:02.634669+00:00,6,Disney Magic Kingdom,248,Astro Orbiter,True,10,2026-08-02T19:00:31.000Z
2026-08-02T19:02:02.634669+00:00,6,Disney Magic Kingdom,131,Buzz Lightyear’s Space Ranger Spin,True,20,2026-08-02T19:00:31.000Z
2026-08-02T19:02:02.634669+00:00,6,Disney Magic Kingdom,125,"Monsters, Inc. Laugh Floor",True,10,2026-08-02T19:00:31.000Z
2026-08-02T19:02:02.634669+00:00,6,Disney Magic Kingdom,138,Space Mountain,True,40,2026-08-02T19:00:31.000Z
2026-08-02T19:02:02.634669+00:00,6,Disney Magic Kingdom,143,Tomorrowland Speedway,True,5,2026-08-02T19:00:31.000Z
2026-08-02T19:02:02.634669+00:00,6,Disney Magic Kingdom,1190,Tomorrowland Transit Authority PeopleMover,True,15,2026-08-02T19:00:31.000Z
2026-08-02T19:02:02.634669+00:00,6,Disney Magic Kingdom,11527,TRON Lightcycle / Run,True,50,2026-08-02T19:00:31.000Z
2026-08-02T19:02:02.634669+00:00,6,Disney Magic Kingdom,457,Walt Disney's Carousel of Progress,False,0,2026-08-02T19:00:31.000Z
2026-08-02T19:02:02.741285+00:00,5,Epcot,2495,Disney and Pixar Short Film Festival,True,0,2026-08-02T19:00:20.000Z
2026-08-02T19:02:02.741285+00:00,5,Epcot,155,Journey Into Imagination With Figment,True,5,2026-08-02T19:00:20.000Z
2026-08-02T19:02:02.741285+00:00,5,Epcot,13627,Meet Beloved Disney Pals at Mickey & Friends,True,15,2026-08-02T19:00:20.000Z
2026-08-02T19:02:02.741285+00:00,5,Epcot,159,Spaceship Earth,True,10,2026-08-02T19:00:20.000Z
2026-08-02T19:02:02.741285+00:00,5,Epcot,10916,Guardians of the Galaxy: Cosmic Rewind,True,60,2026-08-02T19:00:20.000Z
2026-08-02T19:02:02.741285+00:00,5,Epcot,158,Mission: SPACE,True,15,2026-08-02T19:00:20.000Z
2026-08-02T19:02:02.741285+00:00,5,Epcot,160,Test Track,True,85,2026-08-02T19:00:20.000Z
2026-08-02T19:02:02.741285+00:00,5,Epcot,10900,Test Track Presented by Chevrolet Single Rider,True,0,2026-08-02T19:00:20.000Z
2026-08-02T19:02:02.741285+00:00,5,Epcot,7323,Awesome Planet,True,0,2026-08-02T19:00:20.000Z
2026-08-02T19:02:02.741285+00:00,5,Epcot,12387,"Journey of Water, Inspired by Moana",True,0,2026-08-02T19:00:20.000Z
2026-08-02T19:02:02.741285+00:00,5,Epcot,156,Living with the Land,True,5,2026-08-02T19:00:20.000Z
2026-08-02T19:02:02.741285+00:00,5,Epcot,13782,SeaBase Aquarium,True,0,2026-08-02T19:00:20.000Z
2026-08-02T19:02:02.741285+00:00,5,Epcot,16467,Soarin' Across America,True,25,2026-08-02T19:00:20.000Z
2026-08-02T19:02:02.741285+00:00,5,Epcot,153,The Seas with Nemo & Friends,True,5,2026-08-02T19:00:20.000Z
2026-08-02T19:02:02.741285+00:00,5,Epcot,152,Turtle Talk With Crush,True,15,2026-08-02T19:00:20.000Z
2026-08-02T19:02:02.741285+00:00,5,Epcot,829,Canada Far and Wide in Circle-Vision 360,True,15,2026-08-02T19:00:20.000Z
2026-08-02T19:02:02.741285+00:00,5,Epcot,2679,Frozen Ever After,True,55,2026-08-02T19:00:20.000Z
2026-08-02T19:02:02.741285+00:00,5,Epcot,466,Gran Fiesta Tour Starring The Three Caballeros,True,5,2026-08-02T19:00:20.000Z
2026-08-02T19:02:02.741285+00:00,5,Epcot,6701,Meet Anna and Elsa at Royal Sommerhus,True,20,2026-08-02T19:00:20.000Z
2026-08-02T19:02:02.741285+00:00,5,Epcot,10914,Remy's Ratatouille Adventure,True,50,2026-08-02T19:00:20.000Z
2026-08-02T19:02:02.741285+00:00,5,Epcot,10915,Remy's Ratatouille Adventure Single Rider,True,0,2026-08-02T19:00:20.000Z
2026-08-02T20:47:42.724818+00:00,8,Animal Kingdom,657,Festival of the Lion King,True,0,2026-08-02T20:45:36.000Z
2026-08-02T20:47:42.724818+00:00,8,Animal Kingdom,651,Gorilla Falls Exploration Trail,True,5,2026-08-02T20:45:36.000Z
2026-08-02T20:47:42.724818+00:00,8,Animal Kingdom,113,Kilimanjaro Safaris,True,10,2026-08-02T20:45:36.000Z
2026-08-02T20:47:42.724818+00:00,8,Animal Kingdom,655,Wildlife Express Train,True,5,2026-08-02T20:45:36.000Z
2026-08-02T20:47:42.724818+00:00,8,Animal Kingdom,110,Expedition Everest - Legend of the Forbidden Mountain,True,30,2026-08-02T20:45:36.000Z
2026-08-02T20:47:42.724818+00:00,8,Animal Kingdom,14533,Expedition Everest - Legend of the Forbidden Mountain Single Rider,True,0,2026-08-02T20:45:36.000Z
2026-08-02T20:47:42.724818+00:00,8,Animal Kingdom,10921,Feathered Friends in Flight!,True,0,2026-08-02T20:45:36.000Z
2026-08-02T20:47:42.724818+00:00,8,Animal Kingdom,112,Kali River Rapids,True,30,2026-08-02T20:45:36.000Z
2026-08-02T20:47:42.724818+00:00,8,Animal Kingdom,13806,Animal Care at Conservation Station,True,0,2026-08-02T20:45:36.000Z
2026-08-02T20:47:42.724818+00:00,8,Animal Kingdom,16545,Bluey's Wild World at Conservation Station,False,0,2026-08-02T20:45:36.000Z
2026-08-02T20:47:42.724818+00:00,8,Animal Kingdom,10920,Finding Nemo: The Big Blue... and Beyond!,True,0,2026-08-02T20:45:36.000Z
2026-08-02T20:47:42.724818+00:00,8,Animal Kingdom,13811,Discovery Island Trails,True,0,2026-08-02T20:45:36.000Z
2026-08-02T20:47:42.724818+00:00,8,Animal Kingdom,116,Meet Favorite Disney Pals at Adventurers Outpost,True,15,2026-08-02T20:45:36.000Z
2026-08-02T20:47:42.724818+00:00,8,Animal Kingdom,12451,Meet Moana at Character Landing,False,0,2026-08-02T20:45:36.000Z
2026-08-02T20:47:42.724818+00:00,8,Animal Kingdom,13751,Tree of Life,True,0,2026-08-02T20:45:36.000Z
2026-08-02T20:47:42.724818+00:00,8,Animal Kingdom,14943,Zootopia: Better Zoogether!,True,10,2026-08-02T20:45:36.000Z
2026-08-02T20:47:42.724818+00:00,8,Animal Kingdom,4439,Avatar Flight of Passage,True,55,2026-08-02T20:45:36.000Z
2026-08-02T20:47:42.724818+00:00,8,Animal Kingdom,4438,Na'vi River Journey,True,35,2026-08-02T20:45:36.000Z
2026-08-02T20:47:42.724818+00:00,8,Animal Kingdom,13812,The Oasis Exhibits,True,0,2026-08-02T20:45:36.000Z
2026-08-02T20:47:42.724818+00:00,8,Animal Kingdom,13808,Wilderness Explorers,True,0,2026-08-02T20:45:36.000Z
2026-08-02T20:47:42.883068+00:00,7,Disney Hollywood Studios,16641,Disney Jr. Mickey Mouse Clubhouse Live!,True,0,2026-08-02T20:45:36.000Z
2026-08-02T20:47:42.883068+00:00,7,Disney Hollywood Studios,12430,Meet Ariel at Walt Disney Presents,False,0,2026-08-02T20:45:36.000Z
2026-08-02T20:47:42.883068+00:00,7,Disney Hollywood Studios,14859,The Little Mermaid – A Musical Adventure,True,0,2026-08-02T20:45:36.000Z
2026-08-02T20:47:42.883068+00:00,7,Disney Hollywood Studios,5145,Walt Disney Presents,True,0,2026-08-02T20:45:36.000Z
2026-08-02T20:47:42.883068+00:00,7,Disney Hollywood Studios,6704,Meet Disney Stars at Red Carpet Dreams,True,40,2026-08-02T20:45:36.000Z
2026-08-02T20:47:42.883068+00:00,7,Disney Hollywood Studios,1174,For the First Time in Forever: A Frozen Sing-Along Celebration,True,0,2026-08-02T20:45:36.000Z
2026-08-02T20:47:42.883068+00:00,7,Disney Hollywood Studios,6702,Indiana Jones™ Epic Stunt Spectacular!,True,0,2026-08-02T20:45:36.000Z
2026-08-02T20:47:42.883068+00:00,7,Disney Hollywood Studios,6703,Meet Olaf at Celebrity Spotlight,True,10,2026-08-02T20:45:36.000Z
2026-08-02T20:47:42.883068+00:00,7,Disney Hollywood Studios,120,Star Tours – The Adventures Continue,True,5,2026-08-02T20:45:36.000Z
2026-08-02T20:47:42.883068+00:00,7,Disney Hollywood Studios,7333,Vacation Fun - An Original Animated Short with Mickey & Minnie,True,10,2026-08-02T20:45:36.000Z
2026-08-02T20:47:42.883068+00:00,7,Disney Hollywood Studios,6361,Mickey & Minnie's Runaway Railway,True,55,2026-08-02T20:45:36.000Z
2026-08-02T20:47:42.883068+00:00,7,Disney Hollywood Studios,12425,Meet Edna Mode at the Edna Mode Experience,False,0,2026-08-02T20:45:36.000Z
2026-08-02T20:47:42.883068+00:00,7,Disney Hollywood Studios,117,Toy Story Mania!,True,35,2026-08-02T20:45:36.000Z
2026-08-02T20:47:42.883068+00:00,7,Disney Hollywood Studios,6368,Millennium Falcon: Smugglers Run,True,25,2026-08-02T20:45:36.000Z
2026-08-02T20:47:42.883068+00:00,7,Disney Hollywood Studios,10902,Millennium Falcon: Smugglers Run Single Rider,True,0,2026-08-02T20:45:36.000Z
2026-08-02T20:47:42.883068+00:00,7,Disney Hollywood Studios,6369,Star Wars: Rise of the Resistance,True,40,2026-08-02T20:45:36.000Z
2026-08-02T20:47:42.883068+00:00,7,Disney Hollywood Studios,14531,Star Wars: Rise of the Resistance Single Rider,True,0,2026-08-02T20:45:36.000Z
2026-08-02T20:47:42.883068+00:00,7,Disney Hollywood Studios,1176,Beauty and the Beast – Live on Stage,True,0,2026-08-02T20:45:36.000Z
2026-08-02T20:47:42.883068+00:00,7,Disney Hollywood Studios,16343,Rock 'n' Roller Coaster Starring Aerosmith Single Rider,True,0,2026-08-02T20:45:36.000Z
2026-08-02T20:47:42.883068+00:00,7,Disney Hollywood Studios,16342,Rock ’n’ Roller Coaster Starring The Muppets,True,75,2026-08-02T20:45:36.000Z
2026-08-02T20:47:42.883068+00:00,7,Disney Hollywood Studios,123,The Twilight Zone™ Tower of Terror,True,75,2026-08-02T20:45:36.000Z
2026-08-02T20:47:42.883068+00:00,7,Disney Hollywood Studios,5477,Alien Swirling Saucers,True,20,2026-08-02T20:45:36.000Z
2026-08-02T20:47:42.883068+00:00,7,Disney Hollywood Studios,5476,Slinky Dog Dash,True,90,2026-08-02T20:45:36.000Z
2026-08-02T20:47:43.048516+00:00,6,Disney Magic Kingdom,1184,A Pirate's Adventure ~ Treasures of the Seven Seas,True,0,2026-08-02T20:45:36.000Z
2026-08-02T20:47:43.048516+00:00,6,Disney Magic Kingdom,134,Jungle Cruise,True,35,2026-08-02T20:45:36.000Z
2026-08-02T20:47:43.048516+00:00,6,Disney Magic Kingdom,137,Pirates of the Caribbean,True,15,2026-08-02T20:45:36.000Z
2026-08-02T20:47:43.048516+00:00,6,Disney Magic Kingdom,355,Swiss Family Treehouse,True,5,2026-08-02T20:45:36.000Z
2026-08-02T20:47:43.048516+00:00,6,Disney Magic Kingdom,141,The Magic Carpets of Aladdin,True,10,2026-08-02T20:45:36.000Z
2026-08-02T20:47:43.048516+00:00,6,Disney Magic Kingdom,334,Walt Disney's Enchanted Tiki Room,True,10,2026-08-02T20:45:36.000Z
2026-08-02T20:47:43.048516+00:00,6,Disney Magic Kingdom,133,"""it's a small world""",True,10,2026-08-02T20:45:36.000Z
2026-08-02T20:47:43.048516+00:00,6,Disney Magic Kingdom,13764,Casey Jr. Splash 'N' Soak Station,True,0,2026-08-02T20:45:36.000Z
2026-08-02T20:47:43.048516+00:00,6,Disney Magic Kingdom,13763,Cinderella Castle,True,0,2026-08-02T20:45:36.000Z
2026-08-02T20:47:43.048516+00:00,6,Disney Magic Kingdom,132,Dumbo the Flying Elephant,True,5,2026-08-02T20:45:36.000Z
2026-08-02T20:47:43.048516+00:00,6,Disney Magic Kingdom,128,Enchanted Tales with Belle,True,10,2026-08-02T20:45:36.000Z
2026-08-02T20:47:43.048516+00:00,6,Disney Magic Kingdom,135,Mad Tea Party,True,5,2026-08-02T20:45:36.000Z
2026-08-02T20:47:43.048516+00:00,6,Disney Magic Kingdom,147,Meet Ariel at Her Grotto,True,25,2026-08-02T20:45:36.000Z
2026-08-02T20:47:43.048516+00:00,6,Disney Magic Kingdom,6700,Meet Cinderella and a Visiting Princess at Princess Fairytale Hall,True,25,2026-08-02T20:45:36.000Z
2026-08-02T20:47:43.048516+00:00,6,Disney Magic Kingdom,144,Meet Daring Disney Pals as Circus Stars at Pete's Silly Sideshow,True,15,2026-08-02T20:45:36.000Z
2026-08-02T20:47:43.048516+00:00,6,Disney Magic Kingdom,145,Meet Dashing Disney Pals as Circus Stars at Pete's Silly Sideshow,True,20,2026-08-02T20:45:36.000Z
2026-08-02T20:47:43.048516+00:00,6,Disney Magic Kingdom,6699,Meet Princess Tiana and a Visiting Princess at Princess Fairytale Hall,True,25,2026-08-02T20:45:36.000Z
2026-08-02T20:47:43.048516+00:00,6,Disney Magic Kingdom,171,Mickey's PhilharMagic,True,10,2026-08-02T20:45:36.000Z
2026-08-02T20:47:43.048516+00:00,6,Disney Magic Kingdom,136,Peter Pan's Flight,True,40,2026-08-02T20:45:36.000Z
2026-08-02T20:47:43.048516+00:00,6,Disney Magic Kingdom,161,Prince Charming Regal Carrousel,True,10,2026-08-02T20:45:36.000Z
2026-08-02T20:47:43.048516+00:00,6,Disney Magic Kingdom,129,Seven Dwarfs Mine Train,True,50,2026-08-02T20:45:36.000Z
2026-08-02T20:47:43.048516+00:00,6,Disney Magic Kingdom,126,The Barnstormer,True,15,2026-08-02T20:45:36.000Z
2026-08-02T20:47:43.048516+00:00,6,Disney Magic Kingdom,142,The Many Adventures of Winnie the Pooh,True,30,2026-08-02T20:45:36.000Z
2026-08-02T20:47:43.048516+00:00,6,Disney Magic Kingdom,127,Under the Sea - Journey of The Little Mermaid,True,10,2026-08-02T20:45:36.000Z
2026-08-02T20:47:43.048516+00:00,6,Disney Magic Kingdom,1181,Walt Disney World Railroad - Fantasyland,True,15,2026-08-02T20:45:36.000Z
2026-08-02T20:47:43.048516+00:00,6,Disney Magic Kingdom,130,Big Thunder Mountain Railroad,True,35,2026-08-02T20:45:36.000Z
2026-08-02T20:47:43.048516+00:00,6,Disney Magic Kingdom,1214,Country Bear Musical Jamboree,True,10,2026-08-02T20:45:36.000Z
2026-08-02T20:47:43.048516+00:00,6,Disney Magic Kingdom,13630,Tiana's Bayou Adventure,True,50,2026-08-02T20:45:36.000Z
2026-08-02T20:47:43.048516+00:00,6,Disney Magic Kingdom,140,Haunted Mansion,True,30,2026-08-02T20:45:36.000Z
2026-08-02T20:47:43.048516+00:00,6,Disney Magic Kingdom,356,The Hall of Presidents,True,15,2026-08-02T20:45:36.000Z
2026-08-02T20:47:43.048516+00:00,6,Disney Magic Kingdom,1188,Main Street Vehicles,False,0,2026-08-02T20:45:36.000Z
2026-08-02T20:47:43.048516+00:00,6,Disney Magic Kingdom,146,Meet Mickey at Town Square Theater,True,15,2026-08-02T20:45:36.000Z
2026-08-02T20:47:43.048516+00:00,6,Disney Magic Kingdom,1189,"Walt Disney World Railroad - Main Street, U.S.A.",True,15,2026-08-02T20:45:36.000Z
2026-08-02T20:47:43.048516+00:00,6,Disney Magic Kingdom,248,Astro Orbiter,True,20,2026-08-02T20:45:36.000Z
2026-08-02T20:47:43.048516+00:00,6,Disney Magic Kingdom,131,Buzz Lightyear’s Space Ranger Spin,True,35,2026-08-02T20:45:36.000Z
2026-08-02T20:47:43.048516+00:00,6,Disney Magic Kingdom,125,"Monsters, Inc. Laugh Floor",True,10,2026-08-02T20:45:36.000Z
2026-08-02T20:47:43.048516+00:00,6,Disney Magic Kingdom,138,Space Mountain,True,35,2026-08-02T20:45:36.000Z
2026-08-02T20:47:43.048516+00:00,6,Disney Magic Kingdom,143,Tomorrowland Speedway,True,15,2026-08-02T20:45:36.000Z
2026-08-02T20:47:43.048516+00:00,6,Disney Magic Kingdom,1190,Tomorrowland Transit Authority PeopleMover,True,15,2026-08-02T20:45:36.000Z
2026-08-02T20:47:43.048516+00:00,6,Disney Magic Kingdom,11527,TRON Lightcycle / Run,True,55,2026-08-02T20:45:36.000Z
2026-08-02T20:47:43.048516+00:00,6,Disney Magic Kingdom,457,Walt Disney's Carousel of Progress,False,0,2026-08-02T20:45:36.000Z
2026-08-02T20:47:43.201212+00:00,5,Epcot,2495,Disney and Pixar Short Film Festival,True,0,2026-08-02T20:45:23.000Z
2026-08-02T20:47:43.201212+00:00,5,Epcot,155,Journey Into Imagination With Figment,True,15,2026-08-02T20:45:23.000Z
2026-08-02T20:47:43.201212+00:00,5,Epcot,13627,Meet Beloved Disney Pals at Mickey & Friends,True,15,2026-08-02T20:45:23.000Z
2026-08-02T20:47:43.201212+00:00,5,Epcot,159,Spaceship Earth,True,10,2026-08-02T20:45:23.000Z
2026-08-02T20:47:43.201212+00:00,5,Epcot,10916,Guardians of the Galaxy: Cosmic Rewind,True,70,2026-08-02T20:45:23.000Z
2026-08-02T20:47:43.201212+00:00,5,Epcot,158,Mission: SPACE,True,15,2026-08-02T20:45:23.000Z
2026-08-02T20:47:43.201212+00:00,5,Epcot,160,Test Track,True,105,2026-08-02T20:45:23.000Z
2026-08-02T20:47:43.201212+00:00,5,Epcot,10900,Test Track Presented by Chevrolet Single Rider,True,0,2026-08-02T20:45:23.000Z
2026-08-02T20:47:43.201212+00:00,5,Epcot,7323,Awesome Planet,True,0,2026-08-02T20:45:23.000Z
2026-08-02T20:47:43.201212+00:00,5,Epcot,12387,"Journey of Water, Inspired by Moana",True,0,2026-08-02T20:45:23.000Z
2026-08-02T20:47:43.201212+00:00,5,Epcot,156,Living with the Land,True,5,2026-08-02T20:45:23.000Z
2026-08-02T20:47:43.201212+00:00,5,Epcot,13782,SeaBase Aquarium,True,0,2026-08-02T20:45:23.000Z
2026-08-02T20:47:43.201212+00:00,5,Epcot,16467,Soarin' Across America,True,25,2026-08-02T20:45:23.000Z
2026-08-02T20:47:43.201212+00:00,5,Epcot,153,The Seas with Nemo & Friends,True,5,2026-08-02T20:45:23.000Z
2026-08-02T20:47:43.201212+00:00,5,Epcot,152,Turtle Talk With Crush,True,15,2026-08-02T20:45:23.000Z
2026-08-02T20:47:43.201212+00:00,5,Epcot,829,Canada Far and Wide in Circle-Vision 360,True,15,2026-08-02T20:45:23.000Z
2026-08-02T20:47:43.201212+00:00,5,Epcot,2679,Frozen Ever After,True,45,2026-08-02T20:45:23.000Z
2026-08-02T20:47:43.201212+00:00,5,Epcot,466,Gran Fiesta Tour Starring The Three Caballeros,True,5,2026-08-02T20:45:23.000Z
2026-08-02T20:47:43.201212+00:00,5,Epcot,6701,Meet Anna and Elsa at Royal Sommerhus,True,30,2026-08-02T20:45:23.000Z
2026-08-02T20:47:43.201212+00:00,5,Epcot,10914,Remy's Ratatouille Adventure,True,35,2026-08-02T20:45:23.000Z
2026-08-02T20:47:43.201212+00:00,5,Epcot,10915,Remy's Ratatouille Adventure Single Rider,True,0,2026-08-02T20:45:23.000Z
2026-08-02T22:51:08.189892+00:00,8,Animal Kingdom,657,Festival of the Lion King,True,0,2026-08-02T22:50:35.000Z
2026-08-02T22:51:08.189892+00:00,8,Animal Kingdom,651,Gorilla Falls Exploration Trail,False,0,2026-08-02T22:50:35.000Z
2026-08-02T22:51:08.189892+00:00,8,Animal Kingdom,113,Kilimanjaro Safaris,True,5,2026-08-02T22:50:35.000Z
2026-08-02T22:51:08.189892+00:00,8,Animal Kingdom,655,Wildlife Express Train,False,0,2026-08-02T22:50:35.000Z
2026-08-02T22:51:08.189892+00:00,8,Animal Kingdom,110,Expedition Everest - Legend of the Forbidden Mountain,True,5,2026-08-02T22:50:35.000Z
2026-08-02T22:51:08.189892+00:00,8,Animal Kingdom,14533,Expedition Everest - Legend of the Forbidden Mountain Single Rider,True,0,2026-08-02T22:50:35.000Z
2026-08-02T22:51:08.189892+00:00,8,Animal Kingdom,10921,Feathered Friends in Flight!,True,0,2026-08-02T22:50:35.000Z
2026-08-02T22:51:08.189892+00:00,8,Animal Kingdom,112,Kali River Rapids,True,5,2026-08-02T22:50:35.000Z
2026-08-02T22:51:08.189892+00:00,8,Animal Kingdom,13806,Animal Care at Conservation Station,False,0,2026-08-02T22:50:35.000Z
2026-08-02T22:51:08.189892+00:00,8,Animal Kingdom,16545,Bluey's Wild World at Conservation Station,False,0,2026-08-02T22:50:35.000Z
2026-08-02T22:51:08.189892+00:00,8,Animal Kingdom,10920,Finding Nemo: The Big Blue... and Beyond!,True,0,2026-08-02T22:50:35.000Z
2026-08-02T22:51:08.189892+00:00,8,Animal Kingdom,13811,Discovery Island Trails,True,0,2026-08-02T22:50:35.000Z
2026-08-02T22:51:08.189892+00:00,8,Animal Kingdom,116,Meet Favorite Disney Pals at Adventurers Outpost,False,0,2026-08-02T22:50:35.000Z
2026-08-02T22:51:08.189892+00:00,8,Animal Kingdom,12451,Meet Moana at Character Landing,False,0,2026-08-02T22:50:35.000Z
2026-08-02T22:51:08.189892+00:00,8,Animal Kingdom,13751,Tree of Life,True,0,2026-08-02T22:50:35.000Z
2026-08-02T22:51:08.189892+00:00,8,Animal Kingdom,14943,Zootopia: Better Zoogether!,True,10,2026-08-02T22:50:35.000Z
2026-08-02T22:51:08.189892+00:00,8,Animal Kingdom,4439,Avatar Flight of Passage,True,45,2026-08-02T22:50:35.000Z
2026-08-02T22:51:08.189892+00:00,8,Animal Kingdom,4438,Na'vi River Journey,True,10,2026-08-02T22:50:35.000Z
2026-08-02T22:51:08.189892+00:00,8,Animal Kingdom,13812,The Oasis Exhibits,True,0,2026-08-02T22:50:35.000Z
2026-08-02T22:51:08.189892+00:00,8,Animal Kingdom,13808,Wilderness Explorers,False,0,2026-08-02T22:50:35.000Z
2026-08-02T22:51:08.389584+00:00,7,Disney Hollywood Studios,16641,Disney Jr. Mickey Mouse Clubhouse Live!,True,0,2026-08-02T22:50:35.000Z
2026-08-02T22:51:08.389584+00:00,7,Disney Hollywood Studios,12430,Meet Ariel at Walt Disney Presents,False,0,2026-08-02T22:50:35.000Z
2026-08-02T22:51:08.389584+00:00,7,Disney Hollywood Studios,14859,The Little Mermaid – A Musical Adventure,True,0,2026-08-02T22:50:35.000Z
2026-08-02T22:51:08.389584+00:00,7,Disney Hollywood Studios,5145,Walt Disney Presents,True,0,2026-08-02T22:50:35.000Z
2026-08-02T22:51:08.389584+00:00,7,Disney Hollywood Studios,6704,Meet Disney Stars at Red Carpet Dreams,True,40,2026-08-02T22:50:35.000Z
2026-08-02T22:51:08.389584+00:00,7,Disney Hollywood Studios,1174,For the First Time in Forever: A Frozen Sing-Along Celebration,True,0,2026-08-02T22:50:35.000Z
2026-08-02T22:51:08.389584+00:00,7,Disney Hollywood Studios,6702,Indiana Jones™ Epic Stunt Spectacular!,True,0,2026-08-02T22:50:35.000Z
2026-08-02T22:51:08.389584+00:00,7,Disney Hollywood Studios,6703,Meet Olaf at Celebrity Spotlight,False,0,2026-08-02T22:50:35.000Z
2026-08-02T22:51:08.389584+00:00,7,Disney Hollywood Studios,120,Star Tours – The Adventures Continue,True,5,2026-08-02T22:50:35.000Z
2026-08-02T22:51:08.389584+00:00,7,Disney Hollywood Studios,7333,Vacation Fun - An Original Animated Short with Mickey & Minnie,True,10,2026-08-02T22:50:35.000Z
2026-08-02T22:51:08.389584+00:00,7,Disney Hollywood Studios,6361,Mickey & Minnie's Runaway Railway,True,55,2026-08-02T22:50:35.000Z
2026-08-02T22:51:08.389584+00:00,7,Disney Hollywood Studios,12425,Meet Edna Mode at the Edna Mode Experience,False,0,2026-08-02T22:50:35.000Z
2026-08-02T22:51:08.389584+00:00,7,Disney Hollywood Studios,117,Toy Story Mania!,True,40,2026-08-02T22:50:35.000Z
2026-08-02T22:51:08.389584+00:00,7,Disney Hollywood Studios,6368,Millennium Falcon: Smugglers Run,True,15,2026-08-02T22:50:35.000Z
2026-08-02T22:51:08.389584+00:00,7,Disney Hollywood Studios,10902,Millennium Falcon: Smugglers Run Single Rider,True,0,2026-08-02T22:50:35.000Z
2026-08-02T22:51:08.389584+00:00,7,Disney Hollywood Studios,6369,Star Wars: Rise of the Resistance,True,35,2026-08-02T22:50:35.000Z
2026-08-02T22:51:08.389584+00:00,7,Disney Hollywood Studios,14531,Star Wars: Rise of the Resistance Single Rider,True,0,2026-08-02T22:50:35.000Z
2026-08-02T22:51:08.389584+00:00,7,Disney Hollywood Studios,1176,Beauty and the Beast – Live on Stage,True,0,2026-08-02T22:50:35.000Z
2026-08-02T22:51:08.389584+00:00,7,Disney Hollywood Studios,16343,Rock 'n' Roller Coaster Starring Aerosmith Single Rider,True,0,2026-08-02T22:50:35.000Z
2026-08-02T22:51:08.389584+00:00,7,Disney Hollywood Studios,16342,Rock ’n’ Roller Coaster Starring The Muppets,True,70,2026-08-02T22:50:35.000Z
2026-08-02T22:51:08.389584+00:00,7,Disney Hollywood Studios,123,The Twilight Zone™ Tower of Terror,True,40,2026-08-02T22:50:35.000Z
2026-08-02T22:51:08.389584+00:00,7,Disney Hollywood Studios,5477,Alien Swirling Saucers,True,25,2026-08-02T22:50:35.000Z
2026-08-02T22:51:08.389584+00:00,7,Disney Hollywood Studios,5476,Slinky Dog Dash,True,90,2026-08-02T22:50:35.000Z
2026-08-02T22:51:08.855341+00:00,6,Disney Magic Kingdom,1184,A Pirate's Adventure ~ Treasures of the Seven Seas,False,0,2026-08-02T22:45:23.000Z
2026-08-02T22:51:08.855341+00:00,6,Disney Magic Kingdom,134,Jungle Cruise,True,40,2026-08-02T22:45:23.000Z
2026-08-02T22:51:08.855341+00:00,6,Disney Magic Kingdom,137,Pirates of the Caribbean,True,5,2026-08-02T22:45:23.000Z
2026-08-02T22:51:08.855341+00:00,6,Disney Magic Kingdom,355,Swiss Family Treehouse,True,5,2026-08-02T22:45:23.000Z
2026-08-02T22:51:08.855341+00:00,6,Disney Magic Kingdom,141,The Magic Carpets of Aladdin,True,10,2026-08-02T22:45:23.000Z
2026-08-02T22:51:08.855341+00:00,6,Disney Magic Kingdom,334,Walt Disney's Enchanted Tiki Room,True,10,2026-08-02T22:45:23.000Z
2026-08-02T22:51:08.855341+00:00,6,Disney Magic Kingdom,133,"""it's a small world""",True,5,2026-08-02T22:45:23.000Z
2026-08-02T22:51:08.855341+00:00,6,Disney Magic Kingdom,13764,Casey Jr. Splash 'N' Soak Station,False,0,2026-08-02T22:45:23.000Z
2026-08-02T22:51:08.855341+00:00,6,Disney Magic Kingdom,13763,Cinderella Castle,True,0,2026-08-02T22:45:23.000Z
2026-08-02T22:51:08.855341+00:00,6,Disney Magic Kingdom,132,Dumbo the Flying Elephant,True,5,2026-08-02T22:45:23.000Z
2026-08-02T22:51:08.855341+00:00,6,Disney Magic Kingdom,128,Enchanted Tales with Belle,True,10,2026-08-02T22:45:23.000Z
2026-08-02T22:51:08.855341+00:00,6,Disney Magic Kingdom,135,Mad Tea Party,True,5,2026-08-02T22:45:23.000Z
2026-08-02T22:51:08.855341+00:00,6,Disney Magic Kingdom,147,Meet Ariel at Her Grotto,True,35,2026-08-02T22:45:23.000Z
2026-08-02T22:51:08.855341+00:00,6,Disney Magic Kingdom,6700,Meet Cinderella and a Visiting Princess at Princess Fairytale Hall,True,15,2026-08-02T22:45:23.000Z
2026-08-02T22:51:08.855341+00:00,6,Disney Magic Kingdom,144,Meet Daring Disney Pals as Circus Stars at Pete's Silly Sideshow,True,25,2026-08-02T22:45:23.000Z
2026-08-02T22:51:08.855341+00:00,6,Disney Magic Kingdom,145,Meet Dashing Disney Pals as Circus Stars at Pete's Silly Sideshow,True,25,2026-08-02T22:45:23.000Z
2026-08-02T22:51:08.855341+00:00,6,Disney Magic Kingdom,6699,Meet Princess Tiana and a Visiting Princess at Princess Fairytale Hall,True,35,2026-08-02T22:45:23.000Z
2026-08-02T22:51:08.855341+00:00,6,Disney Magic Kingdom,171,Mickey's PhilharMagic,True,10,2026-08-02T22:45:23.000Z
2026-08-02T22:51:08.855341+00:00,6,Disney Magic Kingdom,136,Peter Pan's Flight,True,40,2026-08-02T22:45:23.000Z
2026-08-02T22:51:08.855341+00:00,6,Disney Magic Kingdom,161,Prince Charming Regal Carrousel,False,0,2026-08-02T22:45:23.000Z
2026-08-02T22:51:08.855341+00:00,6,Disney Magic Kingdom,129,Seven Dwarfs Mine Train,True,55,2026-08-02T22:45:23.000Z
2026-08-02T22:51:08.855341+00:00,6,Disney Magic Kingdom,126,The Barnstormer,False,0,2026-08-02T22:45:23.000Z
2026-08-02T22:51:08.855341+00:00,6,Disney Magic Kingdom,142,The Many Adventures of Winnie the Pooh,True,35,2026-08-02T22:45:23.000Z
2026-08-02T22:51:08.855341+00:00,6,Disney Magic Kingdom,127,Under the Sea - Journey of The Little Mermaid,True,15,2026-08-02T22:45:23.000Z
2026-08-02T22:51:08.855341+00:00,6,Disney Magic Kingdom,1181,Walt Disney World Railroad - Fantasyland,True,15,2026-08-02T22:45:23.000Z
2026-08-02T22:51:08.855341+00:00,6,Disney Magic Kingdom,130,Big Thunder Mountain Railroad,True,30,2026-08-02T22:45:23.000Z
2026-08-02T22:51:08.855341+00:00,6,Disney Magic Kingdom,1214,Country Bear Musical Jamboree,True,10,2026-08-02T22:45:23.000Z
2026-08-02T22:51:08.855341+00:00,6,Disney Magic Kingdom,13630,Tiana's Bayou Adventure,True,35,2026-08-02T22:45:23.000Z
2026-08-02T22:51:08.855341+00:00,6,Disney Magic Kingdom,140,Haunted Mansion,True,25,2026-08-02T22:45:23.000Z
2026-08-02T22:51:08.855341+00:00,6,Disney Magic Kingdom,356,The Hall of Presidents,True,15,2026-08-02T22:45:23.000Z
2026-08-02T22:51:08.855341+00:00,6,Disney Magic Kingdom,1188,Main Street Vehicles,False,0,2026-08-02T22:45:23.000Z
2026-08-02T22:51:08.855341+00:00,6,Disney Magic Kingdom,146,Meet Mickey at Town Square Theater,True,25,2026-08-02T22:45:23.000Z
2026-08-02T22:51:08.855341+00:00,6,Disney Magic Kingdom,1189,"Walt Disney World Railroad - Main Street, U.S.A.",True,15,2026-08-02T22:45:23.000Z
2026-08-02T22:51:08.855341+00:00,6,Disney Magic Kingdom,248,Astro Orbiter,True,20,2026-08-02T22:45:23.000Z
2026-08-02T22:51:08.855341+00:00,6,Disney Magic Kingdom,131,Buzz Lightyear’s Space Ranger Spin,True,30,2026-08-02T22:45:23.000Z
2026-08-02T22:51:08.855341+00:00,6,Disney Magic Kingdom,125,"Monsters, Inc. Laugh Floor",True,10,2026-08-02T22:45:23.000Z
2026-08-02T22:51:08.855341+00:00,6,Disney Magic Kingdom,138,Space Mountain,True,35,2026-08-02T22:45:23.000Z
2026-08-02T22:51:08.855341+00:00,6,Disney Magic Kingdom,143,Tomorrowland Speedway,True,15,2026-08-02T22:45:23.000Z
2026-08-02T22:51:08.855341+00:00,6,Disney Magic Kingdom,1190,Tomorrowland Transit Authority PeopleMover,True,5,2026-08-02T22:45:23.000Z
2026-08-02T22:51:08.855341+00:00,6,Disney Magic Kingdom,11527,TRON Lightcycle / Run,True,75,2026-08-02T22:45:23.000Z
2026-08-02T22:51:08.855341+00:00,6,Disney Magic Kingdom,457,Walt Disney's Carousel of Progress,False,0,2026-08-02T22:45:23.000Z
2026-08-02T22:51:09.038787+00:00,5,Epcot,2495,Disney and Pixar Short Film Festival,True,0,2026-08-02T22:50:23.000Z
2026-08-02T22:51:09.038787+00:00,5,Epcot,155,Journey Into Imagination With Figment,True,5,2026-08-02T22:50:23.000Z
2026-08-02T22:51:09.038787+00:00,5,Epcot,13627,Meet Beloved Disney Pals at Mickey & Friends,True,30,2026-08-02T22:50:23.000Z
2026-08-02T22:51:09.038787+00:00,5,Epcot,159,Spaceship Earth,True,5,2026-08-02T22:50:23.000Z
2026-08-02T22:51:09.038787+00:00,5,Epcot,10916,Guardians of the Galaxy: Cosmic Rewind,True,75,2026-08-02T22:50:23.000Z
2026-08-02T22:51:09.038787+00:00,5,Epcot,158,Mission: SPACE,True,15,2026-08-02T22:50:23.000Z
2026-08-02T22:51:09.038787+00:00,5,Epcot,160,Test Track,True,55,2026-08-02T22:50:23.000Z
2026-08-02T22:51:09.038787+00:00,5,Epcot,10900,Test Track Presented by Chevrolet Single Rider,True,0,2026-08-02T22:50:23.000Z
2026-08-02T22:51:09.038787+00:00,5,Epcot,7323,Awesome Planet,True,0,2026-08-02T22:50:23.000Z
2026-08-02T22:51:09.038787+00:00,5,Epcot,12387,"Journey of Water, Inspired by Moana",True,0,2026-08-02T22:50:23.000Z
2026-08-02T22:51:09.038787+00:00,5,Epcot,156,Living with the Land,True,5,2026-08-02T22:50:23.000Z
2026-08-02T22:51:09.038787+00:00,5,Epcot,13782,SeaBase Aquarium,True,0,2026-08-02T22:50:23.000Z
2026-08-02T22:51:09.038787+00:00,5,Epcot,16467,Soarin' Across America,True,15,2026-08-02T22:50:23.000Z
2026-08-02T22:51:09.038787+00:00,5,Epcot,153,The Seas with Nemo & Friends,True,5,2026-08-02T22:50:23.000Z
2026-08-02T22:51:09.038787+00:00,5,Epcot,152,Turtle Talk With Crush,True,15,2026-08-02T22:50:23.000Z
2026-08-02T22:51:09.038787+00:00,5,Epcot,829,Canada Far and Wide in Circle-Vision 360,True,15,2026-08-02T22:50:23.000Z
2026-08-02T22:51:09.038787+00:00,5,Epcot,2679,Frozen Ever After,True,45,2026-08-02T22:50:23.000Z
2026-08-02T22:51:09.038787+00:00,5,Epcot,466,Gran Fiesta Tour Starring The Three Caballeros,True,5,2026-08-02T22:50:23.000Z
2026-08-02T22:51:09.038787+00:00,5,Epcot,6701,Meet Anna and Elsa at Royal Sommerhus,False,0,2026-08-02T22:50:23.000Z
2026-08-02T22:51:09.038787+00:00,5,Epcot,10914,Remy's Ratatouille Adventure,True,35,2026-08-02T22:50:23.000Z
2026-08-02T22:51:09.038787+00:00,5,Epcot,10915,Remy's Ratatouille Adventure Single Rider,True,0,2026-08-02T22:50:23.000Z
2026-08-03T02:19:55.911295+00:00,8,Animal Kingdom,657,Festival of the Lion King,True,0,2026-08-03T02:15:26.000Z
2026-08-03T02:19:55.911295+00:00,8,Animal Kingdom,651,Gorilla Falls Exploration Trail,False,0,2026-08-03T02:15:26.000Z
2026-08-03T02:19:55.911295+00:00,8,Animal Kingdom,113,Kilimanjaro Safaris,False,0,2026-08-03T02:15:26.000Z
2026-08-03T02:19:55.911295+00:00,8,Animal Kingdom,655,Wildlife Express Train,False,0,2026-08-03T02:15:26.000Z
2026-08-03T02:19:55.911295+00:00,8,Animal Kingdom,110,Expedition Everest - Legend of the Forbidden Mountain,False,0,2026-08-03T02:15:26.000Z
2026-08-03T02:19:55.911295+00:00,8,Animal Kingdom,14533,Expedition Everest - Legend of the Forbidden Mountain Single Rider,False,0,2026-08-03T02:15:26.000Z
2026-08-03T02:19:55.911295+00:00,8,Animal Kingdom,10921,Feathered Friends in Flight!,True,0,2026-08-03T02:15:26.000Z
2026-08-03T02:19:55.911295+00:00,8,Animal Kingdom,112,Kali River Rapids,False,0,2026-08-03T02:15:26.000Z
2026-08-03T02:19:55.911295+00:00,8,Animal Kingdom,13806,Animal Care at Conservation Station,False,0,2026-08-03T02:15:26.000Z
2026-08-03T02:19:55.911295+00:00,8,Animal Kingdom,16545,Bluey's Wild World at Conservation Station,False,0,2026-08-03T02:15:26.000Z
2026-08-03T02:19:55.911295+00:00,8,Animal Kingdom,10920,Finding Nemo: The Big Blue... and Beyond!,True,0,2026-08-03T02:15:26.000Z
2026-08-03T02:19:55.911295+00:00,8,Animal Kingdom,13811,Discovery Island Trails,False,0,2026-08-03T02:15:26.000Z
2026-08-03T02:19:55.911295+00:00,8,Animal Kingdom,116,Meet Favorite Disney Pals at Adventurers Outpost,False,0,2026-08-03T02:15:26.000Z
2026-08-03T02:19:55.911295+00:00,8,Animal Kingdom,12451,Meet Moana at Character Landing,False,0,2026-08-03T02:15:26.000Z
2026-08-03T02:19:55.911295+00:00,8,Animal Kingdom,13751,Tree of Life,True,0,2026-08-03T02:15:26.000Z
2026-08-03T02:19:55.911295+00:00,8,Animal Kingdom,14943,Zootopia: Better Zoogether!,False,0,2026-08-03T02:15:26.000Z
2026-08-03T02:19:55.911295+00:00,8,Animal Kingdom,4439,Avatar Flight of Passage,False,0,2026-08-03T02:15:26.000Z
2026-08-03T02:19:55.911295+00:00,8,Animal Kingdom,4438,Na'vi River Journey,False,0,2026-08-03T02:15:26.000Z
2026-08-03T02:19:55.911295+00:00,8,Animal Kingdom,13812,The Oasis Exhibits,False,0,2026-08-03T02:15:26.000Z
2026-08-03T02:19:55.911295+00:00,8,Animal Kingdom,13808,Wilderness Explorers,False,0,2026-08-03T02:15:26.000Z
2026-08-03T02:19:56.081198+00:00,7,Disney Hollywood Studios,16641,Disney Jr. Mickey Mouse Clubhouse Live!,True,0,2026-08-03T02:15:26.000Z
2026-08-03T02:19:56.081198+00:00,7,Disney Hollywood Studios,12430,Meet Ariel at Walt Disney Presents,False,0,2026-08-03T02:15:26.000Z
2026-08-03T02:19:56.081198+00:00,7,Disney Hollywood Studios,14859,The Little Mermaid – A Musical Adventure,True,0,2026-08-03T02:15:26.000Z
2026-08-03T02:19:56.081198+00:00,7,Disney Hollywood Studios,5145,Walt Disney Presents,False,0,2026-08-03T02:15:26.000Z
2026-08-03T02:19:56.081198+00:00,7,Disney Hollywood Studios,6704,Meet Disney Stars at Red Carpet Dreams,False,0,2026-08-03T02:15:26.000Z
2026-08-03T02:19:56.081198+00:00,7,Disney Hollywood Studios,1174,For the First Time in Forever: A Frozen Sing-Along Celebration,True,0,2026-08-03T02:15:26.000Z
2026-08-03T02:19:56.081198+00:00,7,Disney Hollywood Studios,6702,Indiana Jones™ Epic Stunt Spectacular!,True,0,2026-08-03T02:15:26.000Z
2026-08-03T02:19:56.081198+00:00,7,Disney Hollywood Studios,6703,Meet Olaf at Celebrity Spotlight,False,0,2026-08-03T02:15:26.000Z
2026-08-03T02:19:56.081198+00:00,7,Disney Hollywood Studios,120,Star Tours – The Adventures Continue,False,0,2026-08-03T02:15:26.000Z
2026-08-03T02:19:56.081198+00:00,7,Disney Hollywood Studios,7333,Vacation Fun - An Original Animated Short with Mickey & Minnie,False,0,2026-08-03T02:15:26.000Z
2026-08-03T02:19:56.081198+00:00,7,Disney Hollywood Studios,6361,Mickey & Minnie's Runaway Railway,False,0,2026-08-03T02:15:26.000Z
2026-08-03T02:19:56.081198+00:00,7,Disney Hollywood Studios,12425,Meet Edna Mode at the Edna Mode Experience,False,0,2026-08-03T02:15:26.000Z
2026-08-03T02:19:56.081198+00:00,7,Disney Hollywood Studios,117,Toy Story Mania!,False,0,2026-08-03T02:15:26.000Z
2026-08-03T02:19:56.081198+00:00,7,Disney Hollywood Studios,6368,Millennium Falcon: Smugglers Run,False,0,2026-08-03T02:15:26.000Z
2026-08-03T02:19:56.081198+00:00,7,Disney Hollywood Studios,10902,Millennium Falcon: Smugglers Run Single Rider,False,0,2026-08-03T02:15:26.000Z
2026-08-03T02:19:56.081198+00:00,7,Disney Hollywood Studios,6369,Star Wars: Rise of the Resistance,False,0,2026-08-03T02:15:26.000Z
2026-08-03T02:19:56.081198+00:00,7,Disney Hollywood Studios,14531,Star Wars: Rise of the Resistance Single Rider,False,0,2026-08-03T02:15:26.000Z
2026-08-03T02:19:56.081198+00:00,7,Disney Hollywood Studios,1176,Beauty and the Beast – Live on Stage,True,0,2026-08-03T02:15:26.000Z
2026-08-03T02:19:56.081198+00:00,7,Disney Hollywood Studios,16343,Rock 'n' Roller Coaster Starring Aerosmith Single Rider,False,0,2026-08-03T02:15:26.000Z
2026-08-03T02:19:56.081198+00:00,7,Disney Hollywood Studios,16342,Rock ’n’ Roller Coaster Starring The Muppets,False,0,2026-08-03T02:15:26.000Z
2026-08-03T02:19:56.081198+00:00,7,Disney Hollywood Studios,123,The Twilight Zone™ Tower of Terror,False,0,2026-08-03T02:15:26.000Z
2026-08-03T02:19:56.081198+00:00,7,Disney Hollywood Studios,5477,Alien Swirling Saucers,False,0,2026-08-03T02:15:26.000Z
2026-08-03T02:19:56.081198+00:00,7,Disney Hollywood Studios,5476,Slinky Dog Dash,False,0,2026-08-03T02:15:26.000Z
2026-08-03T02:19:56.237717+00:00,6,Disney Magic Kingdom,1184,A Pirate's Adventure ~ Treasures of the Seven Seas,False,0,2026-08-03T02:15:26.000Z
2026-08-03T02:19:56.237717+00:00,6,Disney Magic Kingdom,134,Jungle Cruise,True,5,2026-08-03T02:15:26.000Z
2026-08-03T02:19:56.237717+00:00,6,Disney Magic Kingdom,137,Pirates of the Caribbean,True,5,2026-08-03T02:15:26.000Z
2026-08-03T02:19:56.237717+00:00,6,Disney Magic Kingdom,355,Swiss Family Treehouse,True,5,2026-08-03T02:15:26.000Z
2026-08-03T02:19:56.237717+00:00,6,Disney Magic Kingdom,141,The Magic Carpets of Aladdin,True,5,2026-08-03T02:15:26.000Z
2026-08-03T02:19:56.237717+00:00,6,Disney Magic Kingdom,334,Walt Disney's Enchanted Tiki Room,True,10,2026-08-03T02:15:26.000Z
2026-08-03T02:19:56.237717+00:00,6,Disney Magic Kingdom,133,"""it's a small world""",True,5,2026-08-03T02:15:26.000Z
2026-08-03T02:19:56.237717+00:00,6,Disney Magic Kingdom,13764,Casey Jr. Splash 'N' Soak Station,False,0,2026-08-03T02:15:26.000Z
2026-08-03T02:19:56.237717+00:00,6,Disney Magic Kingdom,13763,Cinderella Castle,True,0,2026-08-03T02:15:26.000Z
2026-08-03T02:19:56.237717+00:00,6,Disney Magic Kingdom,132,Dumbo the Flying Elephant,True,5,2026-08-03T02:15:26.000Z
2026-08-03T02:19:56.237717+00:00,6,Disney Magic Kingdom,128,Enchanted Tales with Belle,False,0,2026-08-03T02:15:26.000Z
2026-08-03T02:19:56.237717+00:00,6,Disney Magic Kingdom,135,Mad Tea Party,True,5,2026-08-03T02:15:26.000Z
2026-08-03T02:19:56.237717+00:00,6,Disney Magic Kingdom,147,Meet Ariel at Her Grotto,False,0,2026-08-03T02:15:26.000Z
2026-08-03T02:19:56.237717+00:00,6,Disney Magic Kingdom,6700,Meet Cinderella and a Visiting Princess at Princess Fairytale Hall,False,0,2026-08-03T02:15:26.000Z
2026-08-03T02:19:56.237717+00:00,6,Disney Magic Kingdom,144,Meet Daring Disney Pals as Circus Stars at Pete's Silly Sideshow,False,0,2026-08-03T02:15:26.000Z
2026-08-03T02:19:56.237717+00:00,6,Disney Magic Kingdom,145,Meet Dashing Disney Pals as Circus Stars at Pete's Silly Sideshow,False,0,2026-08-03T02:15:26.000Z
2026-08-03T02:19:56.237717+00:00,6,Disney Magic Kingdom,6699,Meet Princess Tiana and a Visiting Princess at Princess Fairytale Hall,False,0,2026-08-03T02:15:26.000Z
2026-08-03T02:19:56.237717+00:00,6,Disney Magic Kingdom,171,Mickey's PhilharMagic,True,10,2026-08-03T02:15:26.000Z
2026-08-03T02:19:56.237717+00:00,6,Disney Magic Kingdom,136,Peter Pan's Flight,True,20,2026-08-03T02:15:26.000Z
2026-08-03T02:19:56.237717+00:00,6,Disney Magic Kingdom,161,Prince Charming Regal Carrousel,False,0,2026-08-03T02:15:26.000Z
2026-08-03T02:19:56.237717+00:00,6,Disney Magic Kingdom,129,Seven Dwarfs Mine Train,True,20,2026-08-03T02:15:26.000Z
2026-08-03T02:19:56.237717+00:00,6,Disney Magic Kingdom,126,The Barnstormer,True,5,2026-08-03T02:15:26.000Z
2026-08-03T02:19:56.237717+00:00,6,Disney Magic Kingdom,142,The Many Adventures of Winnie the Pooh,True,5,2026-08-03T02:15:26.000Z
2026-08-03T02:19:56.237717+00:00,6,Disney Magic Kingdom,127,Under the Sea - Journey of The Little Mermaid,True,5,2026-08-03T02:15:26.000Z
2026-08-03T02:19:56.237717+00:00,6,Disney Magic Kingdom,1181,Walt Disney World Railroad - Fantasyland,False,0,2026-08-03T02:15:26.000Z
2026-08-03T02:19:56.237717+00:00,6,Disney Magic Kingdom,130,Big Thunder Mountain Railroad,True,15,2026-08-03T02:15:26.000Z
2026-08-03T02:19:56.237717+00:00,6,Disney Magic Kingdom,1214,Country Bear Musical Jamboree,True,10,2026-08-03T02:15:26.000Z
2026-08-03T02:19:56.237717+00:00,6,Disney Magic Kingdom,13630,Tiana's Bayou Adventure,True,20,2026-08-03T02:15:26.000Z
2026-08-03T02:19:56.237717+00:00,6,Disney Magic Kingdom,140,Haunted Mansion,True,13,2026-08-03T02:15:26.000Z
2026-08-03T02:19:56.237717+00:00,6,Disney Magic Kingdom,356,The Hall of Presidents,False,0,2026-08-03T02:15:26.000Z
2026-08-03T02:19:56.237717+00:00,6,Disney Magic Kingdom,1188,Main Street Vehicles,False,0,2026-08-03T02:15:26.000Z
2026-08-03T02:19:56.237717+00:00,6,Disney Magic Kingdom,146,Meet Mickey at Town Square Theater,True,5,2026-08-03T02:15:26.000Z
2026-08-03T02:19:56.237717+00:00,6,Disney Magic Kingdom,1189,"Walt Disney World Railroad - Main Street, U.S.A.",False,0,2026-08-03T02:15:26.000Z
2026-08-03T02:19:56.237717+00:00,6,Disney Magic Kingdom,248,Astro Orbiter,True,10,2026-08-03T02:15:26.000Z
2026-08-03T02:19:56.237717+00:00,6,Disney Magic Kingdom,131,Buzz Lightyear’s Space Ranger Spin,True,10,2026-08-03T02:15:26.000Z
2026-08-03T02:19:56.237717+00:00,6,Disney Magic Kingdom,125,"Monsters, Inc. Laugh Floor",False,0,2026-08-03T02:15:26.000Z
2026-08-03T02:19:56.237717+00:00,6,Disney Magic Kingdom,138,Space Mountain,True,15,2026-08-03T02:15:26.000Z
2026-08-03T02:19:56.237717+00:00,6,Disney Magic Kingdom,143,Tomorrowland Speedway,True,5,2026-08-03T02:15:26.000Z
2026-08-03T02:19:56.237717+00:00,6,Disney Magic Kingdom,1190,Tomorrowland Transit Authority PeopleMover,True,5,2026-08-03T02:15:26.000Z
2026-08-03T02:19:56.237717+00:00,6,Disney Magic Kingdom,11527,TRON Lightcycle / Run,True,60,2026-08-03T02:15:26.000Z
2026-08-03T02:19:56.237717+00:00,6,Disney Magic Kingdom,457,Walt Disney's Carousel of Progress,False,0,2026-08-03T02:15:26.000Z
2026-08-03T02:19:56.401313+00:00,5,Epcot,2495,Disney and Pixar Short Film Festival,False,0,2026-08-03T02:15:13.000Z
2026-08-03T02:19:56.401313+00:00,5,Epcot,155,Journey Into Imagination With Figment,False,0,2026-08-03T02:15:13.000Z
2026-08-03T02:19:56.401313+00:00,5,Epcot,13627,Meet Beloved Disney Pals at Mickey & Friends,False,0,2026-08-03T02:15:13.000Z
2026-08-03T02:19:56.401313+00:00,5,Epcot,159,Spaceship Earth,False,0,2026-08-03T02:15:13.000Z
2026-08-03T02:19:56.401313+00:00,5,Epcot,10916,Guardians of the Galaxy: Cosmic Rewind,False,0,2026-08-03T02:15:13.000Z
2026-08-03T02:19:56.401313+00:00,5,Epcot,158,Mission: SPACE,False,0,2026-08-03T02:15:13.000Z
2026-08-03T02:19:56.401313+00:00,5,Epcot,160,Test Track,False,0,2026-08-03T02:15:13.000Z
2026-08-03T02:19:56.401313+00:00,5,Epcot,10900,Test Track Presented by Chevrolet Single Rider,False,0,2026-08-03T02:15:13.000Z
2026-08-03T02:19:56.401313+00:00,5,Epcot,7323,Awesome Planet,False,0,2026-08-03T02:15:13.000Z
2026-08-03T02:19:56.401313+00:00,5,Epcot,12387,"Journey of Water, Inspired by Moana",False,0,2026-08-03T02:15:13.000Z
2026-08-03T02:19:56.401313+00:00,5,Epcot,156,Living with the Land,False,0,2026-08-03T02:15:13.000Z
2026-08-03T02:19:56.401313+00:00,5,Epcot,13782,SeaBase Aquarium,False,0,2026-08-03T02:15:13.000Z
2026-08-03T02:19:56.401313+00:00,5,Epcot,16467,Soarin' Across America,False,0,2026-08-03T02:15:13.000Z
2026-08-03T02:19:56.401313+00:00,5,Epcot,153,The Seas with Nemo & Friends,False,0,2026-08-03T02:15:13.000Z
2026-08-03T02:19:56.401313+00:00,5,Epcot,152,Turtle Talk With Crush,False,0,2026-08-03T02:15:13.000Z
2026-08-03T02:19:56.401313+00:00,5,Epcot,829,Canada Far and Wide in Circle-Vision 360,False,0,2026-08-03T02:15:13.000Z
2026-08-03T02:19:56.401313+00:00,5,Epcot,2679,Frozen Ever After,False,0,2026-08-03T02:15:13.000Z
2026-08-03T02:19:56.401313+00:00,5,Epcot,466,Gran Fiesta Tour Starring The Three Caballeros,False,0,2026-08-03T02:15:13.000Z
2026-08-03T02:19:56.401313+00:00,5,Epcot,6701,Meet Anna and Elsa at Royal Sommerhus,False,0,2026-08-03T02:15:13.000Z
2026-08-03T02:19:56.401313+00:00,5,Epcot,10914,Remy's Ratatouille Adventure,False,0,2026-08-03T02:15:13.000Z
2026-08-03T02:19:56.401313+00:00,5,Epcot,10915,Remy's Ratatouille Adventure Single Rider,False,0,2026-08-03T02:15:13.000Z
2026-08-03T14:27:20.002195+00:00,8,Animal Kingdom,657,Festival of the Lion King,True,0,2026-08-03T14:25:32.000Z
2026-08-03T14:27:20.002195+00:00,8,Animal Kingdom,651,Gorilla Falls Exploration Trail,True,5,2026-08-03T14:25:32.000Z
2026-08-03T14:27:20.002195+00:00,8,Animal Kingdom,113,Kilimanjaro Safaris,True,60,2026-08-03T14:25:32.000Z
2026-08-03T14:27:20.002195+00:00,8,Animal Kingdom,655,Wildlife Express Train,True,15,2026-08-03T14:25:32.000Z
2026-08-03T14:27:20.002195+00:00,8,Animal Kingdom,110,Expedition Everest - Legend of the Forbidden Mountain,False,0,2026-08-03T14:25:32.000Z
2026-08-03T14:27:20.002195+00:00,8,Animal Kingdom,14533,Expedition Everest - Legend of the Forbidden Mountain Single Rider,False,0,2026-08-03T14:25:32.000Z
2026-08-03T14:27:20.002195+00:00,8,Animal Kingdom,10921,Feathered Friends in Flight!,True,0,2026-08-03T14:25:32.000Z
2026-08-03T14:27:20.002195+00:00,8,Animal Kingdom,112,Kali River Rapids,True,50,2026-08-03T14:25:32.000Z
2026-08-03T14:27:20.002195+00:00,8,Animal Kingdom,13806,Animal Care at Conservation Station,True,0,2026-08-03T14:25:32.000Z
2026-08-03T14:27:20.002195+00:00,8,Animal Kingdom,16545,Bluey's Wild World at Conservation Station,True,25,2026-08-03T14:25:32.000Z
2026-08-03T14:27:20.002195+00:00,8,Animal Kingdom,10920,Finding Nemo: The Big Blue... and Beyond!,True,0,2026-08-03T14:25:32.000Z
2026-08-03T14:27:20.002195+00:00,8,Animal Kingdom,13811,Discovery Island Trails,True,0,2026-08-03T14:25:32.000Z
2026-08-03T14:27:20.002195+00:00,8,Animal Kingdom,116,Meet Favorite Disney Pals at Adventurers Outpost,True,25,2026-08-03T14:25:32.000Z
2026-08-03T14:27:20.002195+00:00,8,Animal Kingdom,12451,Meet Moana at Character Landing,True,0,2026-08-03T14:25:32.000Z
2026-08-03T14:27:20.002195+00:00,8,Animal Kingdom,13751,Tree of Life,True,0,2026-08-03T14:25:32.000Z
2026-08-03T14:27:20.002195+00:00,8,Animal Kingdom,14943,Zootopia: Better Zoogether!,True,15,2026-08-03T14:25:32.000Z
2026-08-03T14:27:20.002195+00:00,8,Animal Kingdom,4439,Avatar Flight of Passage,True,95,2026-08-03T14:25:32.000Z
2026-08-03T14:27:20.002195+00:00,8,Animal Kingdom,4438,Na'vi River Journey,True,55,2026-08-03T14:25:32.000Z
2026-08-03T14:27:20.002195+00:00,8,Animal Kingdom,13812,The Oasis Exhibits,True,0,2026-08-03T14:25:32.000Z
2026-08-03T14:27:20.002195+00:00,8,Animal Kingdom,13808,Wilderness Explorers,True,0,2026-08-03T14:25:32.000Z
2026-08-03T14:27:20.205924+00:00,7,Disney Hollywood Studios,16641,Disney Jr. Mickey Mouse Clubhouse Live!,True,0,2026-08-03T14:25:32.000Z
2026-08-03T14:27:20.205924+00:00,7,Disney Hollywood Studios,12430,Meet Ariel at Walt Disney Presents,True,0,2026-08-03T14:25:32.000Z
2026-08-03T14:27:20.205924+00:00,7,Disney Hollywood Studios,14859,The Little Mermaid – A Musical Adventure,True,0,2026-08-03T14:25:32.000Z
2026-08-03T14:27:20.205924+00:00,7,Disney Hollywood Studios,5145,Walt Disney Presents,True,0,2026-08-03T14:25:32.000Z
2026-08-03T14:27:20.205924+00:00,7,Disney Hollywood Studios,6704,Meet Disney Stars at Red Carpet Dreams,True,30,2026-08-03T14:25:32.000Z
2026-08-03T14:27:20.205924+00:00,7,Disney Hollywood Studios,1174,For the First Time in Forever: A Frozen Sing-Along Celebration,True,0,2026-08-03T14:25:32.000Z
2026-08-03T14:27:20.205924+00:00,7,Disney Hollywood Studios,6702,Indiana Jones™ Epic Stunt Spectacular!,True,0,2026-08-03T14:25:32.000Z
2026-08-03T14:27:20.205924+00:00,7,Disney Hollywood Studios,6703,Meet Olaf at Celebrity Spotlight,True,15,2026-08-03T14:25:32.000Z
2026-08-03T14:27:20.205924+00:00,7,Disney Hollywood Studios,120,Star Tours – The Adventures Continue,True,20,2026-08-03T14:25:32.000Z
2026-08-03T14:27:20.205924+00:00,7,Disney Hollywood Studios,7333,Vacation Fun - An Original Animated Short with Mickey & Minnie,True,10,2026-08-03T14:25:32.000Z
2026-08-03T14:27:20.205924+00:00,7,Disney Hollywood Studios,6361,Mickey & Minnie's Runaway Railway,True,45,2026-08-03T14:25:32.000Z
2026-08-03T14:27:20.205924+00:00,7,Disney Hollywood Studios,12425,Meet Edna Mode at the Edna Mode Experience,True,0,2026-08-03T14:25:32.000Z
2026-08-03T14:27:20.205924+00:00,7,Disney Hollywood Studios,117,Toy Story Mania!,True,90,2026-08-03T14:25:32.000Z
2026-08-03T14:27:20.205924+00:00,7,Disney Hollywood Studios,6368,Millennium Falcon: Smugglers Run,True,40,2026-08-03T14:25:32.000Z
2026-08-03T14:27:20.205924+00:00,7,Disney Hollywood Studios,10902,Millennium Falcon: Smugglers Run Single Rider,True,0,2026-08-03T14:25:32.000Z
2026-08-03T14:27:20.205924+00:00,7,Disney Hollywood Studios,6369,Star Wars: Rise of the Resistance,True,50,2026-08-03T14:25:32.000Z
2026-08-03T14:27:20.205924+00:00,7,Disney Hollywood Studios,14531,Star Wars: Rise of the Resistance Single Rider,True,0,2026-08-03T14:25:32.000Z
2026-08-03T14:27:20.205924+00:00,7,Disney Hollywood Studios,1176,Beauty and the Beast – Live on Stage,True,0,2026-08-03T14:25:32.000Z
2026-08-03T14:27:20.205924+00:00,7,Disney Hollywood Studios,16343,Rock 'n' Roller Coaster Starring Aerosmith Single Rider,True,0,2026-08-03T14:25:32.000Z
2026-08-03T14:27:20.205924+00:00,7,Disney Hollywood Studios,16342,Rock ’n’ Roller Coaster Starring The Muppets,True,45,2026-08-03T14:25:32.000Z
2026-08-03T14:27:20.205924+00:00,7,Disney Hollywood Studios,123,The Twilight Zone™ Tower of Terror,True,40,2026-08-03T14:25:32.000Z
2026-08-03T14:27:20.205924+00:00,7,Disney Hollywood Studios,5477,Alien Swirling Saucers,True,25,2026-08-03T14:25:32.000Z
2026-08-03T14:27:20.205924+00:00,7,Disney Hollywood Studios,5476,Slinky Dog Dash,True,80,2026-08-03T14:25:32.000Z
2026-08-03T14:27:20.685581+00:00,6,Disney Magic Kingdom,1184,A Pirate's Adventure ~ Treasures of the Seven Seas,False,0,2026-08-03T14:25:20.000Z
2026-08-03T14:27:20.685581+00:00,6,Disney Magic Kingdom,134,Jungle Cruise,True,35,2026-08-03T14:25:20.000Z
2026-08-03T14:27:20.685581+00:00,6,Disney Magic Kingdom,137,Pirates of the Caribbean,True,20,2026-08-03T14:25:20.000Z
2026-08-03T14:27:20.685581+00:00,6,Disney Magic Kingdom,355,Swiss Family Treehouse,True,5,2026-08-03T14:25:20.000Z
2026-08-03T14:27:20.685581+00:00,6,Disney Magic Kingdom,141,The Magic Carpets of Aladdin,True,15,2026-08-03T14:25:20.000Z
2026-08-03T14:27:20.685581+00:00,6,Disney Magic Kingdom,334,Walt Disney's Enchanted Tiki Room,True,10,2026-08-03T14:25:20.000Z
2026-08-03T14:27:20.685581+00:00,6,Disney Magic Kingdom,133,"""it's a small world""",True,5,2026-08-03T14:25:20.000Z
2026-08-03T14:27:20.685581+00:00,6,Disney Magic Kingdom,13764,Casey Jr. Splash 'N' Soak Station,True,0,2026-08-03T14:25:20.000Z
2026-08-03T14:27:20.685581+00:00,6,Disney Magic Kingdom,13763,Cinderella Castle,True,0,2026-08-03T14:25:20.000Z
2026-08-03T14:27:20.685581+00:00,6,Disney Magic Kingdom,132,Dumbo the Flying Elephant,True,5,2026-08-03T14:25:20.000Z
2026-08-03T14:27:20.685581+00:00,6,Disney Magic Kingdom,128,Enchanted Tales with Belle,False,0,2026-08-03T14:25:20.000Z
2026-08-03T14:27:20.685581+00:00,6,Disney Magic Kingdom,135,Mad Tea Party,True,10,2026-08-03T14:25:20.000Z
2026-08-03T14:27:20.685581+00:00,6,Disney Magic Kingdom,147,Meet Ariel at Her Grotto,True,25,2026-08-03T14:25:20.000Z
2026-08-03T14:27:20.685581+00:00,6,Disney Magic Kingdom,6700,Meet Cinderella and a Visiting Princess at Princess Fairytale Hall,True,15,2026-08-03T14:25:20.000Z
2026-08-03T14:27:20.685581+00:00,6,Disney Magic Kingdom,144,Meet Daring Disney Pals as Circus Stars at Pete's Silly Sideshow,True,10,2026-08-03T14:25:20.000Z
2026-08-03T14:27:20.685581+00:00,6,Disney Magic Kingdom,145,Meet Dashing Disney Pals as Circus Stars at Pete's Silly Sideshow,True,20,2026-08-03T14:25:20.000Z
2026-08-03T14:27:20.685581+00:00,6,Disney Magic Kingdom,6699,Meet Princess Tiana and a Visiting Princess at Princess Fairytale Hall,True,20,2026-08-03T14:25:20.000Z
2026-08-03T14:27:20.685581+00:00,6,Disney Magic Kingdom,171,Mickey's PhilharMagic,True,10,2026-08-03T14:25:20.000Z
2026-08-03T14:27:20.685581+00:00,6,Disney Magic Kingdom,136,Peter Pan's Flight,True,35,2026-08-03T14:25:20.000Z
2026-08-03T14:27:20.685581+00:00,6,Disney Magic Kingdom,161,Prince Charming Regal Carrousel,True,5,2026-08-03T14:25:20.000Z
2026-08-03T14:27:20.685581+00:00,6,Disney Magic Kingdom,129,Seven Dwarfs Mine Train,True,45,2026-08-03T14:25:20.000Z
2026-08-03T14:27:20.685581+00:00,6,Disney Magic Kingdom,126,The Barnstormer,True,5,2026-08-03T14:25:20.000Z
2026-08-03T14:27:20.685581+00:00,6,Disney Magic Kingdom,142,The Many Adventures of Winnie the Pooh,True,35,2026-08-03T14:25:20.000Z
2026-08-03T14:27:20.685581+00:00,6,Disney Magic Kingdom,127,Under the Sea - Journey of The Little Mermaid,True,5,2026-08-03T14:25:20.000Z
2026-08-03T14:27:20.685581+00:00,6,Disney Magic Kingdom,1181,Walt Disney World Railroad - Fantasyland,True,20,2026-08-03T14:25:20.000Z
2026-08-03T14:27:20.685581+00:00,6,Disney Magic Kingdom,130,Big Thunder Mountain Railroad,True,25,2026-08-03T14:25:20.000Z
2026-08-03T14:27:20.685581+00:00,6,Disney Magic Kingdom,1214,Country Bear Musical Jamboree,True,10,2026-08-03T14:25:20.000Z
2026-08-03T14:27:20.685581+00:00,6,Disney Magic Kingdom,13630,Tiana's Bayou Adventure,True,30,2026-08-03T14:25:20.000Z
2026-08-03T14:27:20.685581+00:00,6,Disney Magic Kingdom,140,Haunted Mansion,True,15,2026-08-03T14:25:20.000Z
2026-08-03T14:27:20.685581+00:00,6,Disney Magic Kingdom,356,The Hall of Presidents,True,0,2026-08-03T14:25:20.000Z
2026-08-03T14:27:20.685581+00:00,6,Disney Magic Kingdom,1188,Main Street Vehicles,True,0,2026-08-03T14:25:20.000Z
2026-08-03T14:27:20.685581+00:00,6,Disney Magic Kingdom,146,Meet Mickey at Town Square Theater,True,30,2026-08-03T14:25:20.000Z
2026-08-03T14:27:20.685581+00:00,6,Disney Magic Kingdom,1189,"Walt Disney World Railroad - Main Street, U.S.A.",True,20,2026-08-03T14:25:20.000Z
2026-08-03T14:27:20.685581+00:00,6,Disney Magic Kingdom,248,Astro Orbiter,True,15,2026-08-03T14:25:20.000Z
2026-08-03T14:27:20.685581+00:00,6,Disney Magic Kingdom,131,Buzz Lightyear’s Space Ranger Spin,True,35,2026-08-03T14:25:20.000Z
2026-08-03T14:27:20.685581+00:00,6,Disney Magic Kingdom,125,"Monsters, Inc. Laugh Floor",True,10,2026-08-03T14:25:20.000Z
2026-08-03T14:27:20.685581+00:00,6,Disney Magic Kingdom,138,Space Mountain,False,0,2026-08-03T14:25:20.000Z
2026-08-03T14:27:20.685581+00:00,6,Disney Magic Kingdom,143,Tomorrowland Speedway,True,20,2026-08-03T14:25:20.000Z
2026-08-03T14:27:20.685581+00:00,6,Disney Magic Kingdom,1190,Tomorrowland Transit Authority PeopleMover,True,5,2026-08-03T14:25:20.000Z
2026-08-03T14:27:20.685581+00:00,6,Disney Magic Kingdom,11527,TRON Lightcycle / Run,True,65,2026-08-03T14:25:20.000Z
2026-08-03T14:27:20.685581+00:00,6,Disney Magic Kingdom,457,Walt Disney's Carousel of Progress,False,0,2026-08-03T14:25:20.000Z
2026-08-03T14:27:20.685581+00:00,6,Disney Magic Kingdom,14927,Meet Mickey Mouse and Minnie Mouse at Mickey's Not-So-Scary Halloween Party,False,0,2026-08-03T14:25:20.000Z
2026-08-03T14:27:20.888886+00:00,5,Epcot,2495,Disney and Pixar Short Film Festival,True,0,2026-08-03T14:25:12.000Z
2026-08-03T14:27:20.888886+00:00,5,Epcot,155,Journey Into Imagination With Figment,True,15,2026-08-03T14:25:12.000Z
2026-08-03T14:27:20.888886+00:00,5,Epcot,13627,Meet Beloved Disney Pals at Mickey & Friends,True,20,2026-08-03T14:25:12.000Z
2026-08-03T14:27:20.888886+00:00,5,Epcot,159,Spaceship Earth,True,30,2026-08-03T14:25:12.000Z
2026-08-03T14:27:20.888886+00:00,5,Epcot,10916,Guardians of the Galaxy: Cosmic Rewind,True,80,2026-08-03T14:25:12.000Z
2026-08-03T14:27:20.888886+00:00,5,Epcot,158,Mission: SPACE,True,20,2026-08-03T14:25:12.000Z
2026-08-03T14:27:20.888886+00:00,5,Epcot,160,Test Track,True,75,2026-08-03T14:25:12.000Z
2026-08-03T14:27:20.888886+00:00,5,Epcot,10900,Test Track Presented by Chevrolet Single Rider,True,0,2026-08-03T14:25:12.000Z
2026-08-03T14:27:20.888886+00:00,5,Epcot,7323,Awesome Planet,True,0,2026-08-03T14:25:12.000Z
2026-08-03T14:27:20.888886+00:00,5,Epcot,12387,"Journey of Water, Inspired by Moana",True,0,2026-08-03T14:25:12.000Z
2026-08-03T14:27:20.888886+00:00,5,Epcot,156,Living with the Land,True,15,2026-08-03T14:25:12.000Z
2026-08-03T14:27:20.888886+00:00,5,Epcot,13782,SeaBase Aquarium,True,0,2026-08-03T14:25:12.000Z
2026-08-03T14:27:20.888886+00:00,5,Epcot,16467,Soarin' Across America,True,20,2026-08-03T14:25:12.000Z
2026-08-03T14:27:20.888886+00:00,5,Epcot,153,The Seas with Nemo & Friends,True,20,2026-08-03T14:25:12.000Z
2026-08-03T14:27:20.888886+00:00,5,Epcot,152,Turtle Talk With Crush,True,15,2026-08-03T14:25:12.000Z
2026-08-03T14:27:20.888886+00:00,5,Epcot,829,Canada Far and Wide in Circle-Vision 360,True,15,2026-08-03T14:25:12.000Z
2026-08-03T14:27:20.888886+00:00,5,Epcot,2679,Frozen Ever After,True,55,2026-08-03T14:25:12.000Z
2026-08-03T14:27:20.888886+00:00,5,Epcot,466,Gran Fiesta Tour Starring The Three Caballeros,True,5,2026-08-03T14:25:12.000Z
2026-08-03T14:27:20.888886+00:00,5,Epcot,6701,Meet Anna and Elsa at Royal Sommerhus,True,45,2026-08-03T14:25:12.000Z
2026-08-03T14:27:20.888886+00:00,5,Epcot,10914,Remy's Ratatouille Adventure,True,55,2026-08-03T14:25:12.000Z
2026-08-03T14:27:20.888886+00:00,5,Epcot,10915,Remy's Ratatouille Adventure Single Rider,True,0,2026-08-03T14:25:12.000Z
2026-08-03T17:46:28.466750+00:00,8,Animal Kingdom,657,Festival of the Lion King,True,0,2026-08-03T17:45:30.000Z
2026-08-03T17:46:28.466750+00:00,8,Animal Kingdom,651,Gorilla Falls Exploration Trail,True,5,2026-08-03T17:45:30.000Z
2026-08-03T17:46:28.466750+00:00,8,Animal Kingdom,113,Kilimanjaro Safaris,True,30,2026-08-03T17:45:30.000Z
2026-08-03T17:46:28.466750+00:00,8,Animal Kingdom,655,Wildlife Express Train,True,5,2026-08-03T17:45:30.000Z
2026-08-03T17:46:28.466750+00:00,8,Animal Kingdom,110,Expedition Everest - Legend of the Forbidden Mountain,False,0,2026-08-03T17:45:30.000Z
2026-08-03T17:46:28.466750+00:00,8,Animal Kingdom,14533,Expedition Everest - Legend of the Forbidden Mountain Single Rider,False,0,2026-08-03T17:45:30.000Z
2026-08-03T17:46:28.466750+00:00,8,Animal Kingdom,10921,Feathered Friends in Flight!,True,0,2026-08-03T17:45:30.000Z
2026-08-03T17:46:28.466750+00:00,8,Animal Kingdom,112,Kali River Rapids,True,60,2026-08-03T17:45:30.000Z
2026-08-03T17:46:28.466750+00:00,8,Animal Kingdom,13806,Animal Care at Conservation Station,True,0,2026-08-03T17:45:30.000Z
2026-08-03T17:46:28.466750+00:00,8,Animal Kingdom,16545,Bluey's Wild World at Conservation Station,True,10,2026-08-03T17:45:30.000Z
2026-08-03T17:46:28.466750+00:00,8,Animal Kingdom,10920,Finding Nemo: The Big Blue... and Beyond!,True,0,2026-08-03T17:45:30.000Z
2026-08-03T17:46:28.466750+00:00,8,Animal Kingdom,13811,Discovery Island Trails,True,0,2026-08-03T17:45:30.000Z
2026-08-03T17:46:28.466750+00:00,8,Animal Kingdom,116,Meet Favorite Disney Pals at Adventurers Outpost,True,25,2026-08-03T17:45:30.000Z
2026-08-03T17:46:28.466750+00:00,8,Animal Kingdom,12451,Meet Moana at Character Landing,False,0,2026-08-03T17:45:30.000Z
2026-08-03T17:46:28.466750+00:00,8,Animal Kingdom,13751,Tree of Life,True,0,2026-08-03T17:45:30.000Z
2026-08-03T17:46:28.466750+00:00,8,Animal Kingdom,14943,Zootopia: Better Zoogether!,True,10,2026-08-03T17:45:30.000Z
2026-08-03T17:46:28.466750+00:00,8,Animal Kingdom,4439,Avatar Flight of Passage,True,105,2026-08-03T17:45:30.000Z
2026-08-03T17:46:28.466750+00:00,8,Animal Kingdom,4438,Na'vi River Journey,True,40,2026-08-03T17:45:30.000Z
2026-08-03T17:46:28.466750+00:00,8,Animal Kingdom,13812,The Oasis Exhibits,True,0,2026-08-03T17:45:30.000Z
2026-08-03T17:46:28.466750+00:00,8,Animal Kingdom,13808,Wilderness Explorers,True,0,2026-08-03T17:45:30.000Z
2026-08-03T17:46:28.595614+00:00,7,Disney Hollywood Studios,16641,Disney Jr. Mickey Mouse Clubhouse Live!,True,0,2026-08-03T17:45:30.000Z
2026-08-03T17:46:28.595614+00:00,7,Disney Hollywood Studios,12430,Meet Ariel at Walt Disney Presents,True,0,2026-08-03T17:45:30.000Z
2026-08-03T17:46:28.595614+00:00,7,Disney Hollywood Studios,14859,The Little Mermaid – A Musical Adventure,True,0,2026-08-03T17:45:30.000Z
2026-08-03T17:46:28.595614+00:00,7,Disney Hollywood Studios,5145,Walt Disney Presents,True,0,2026-08-03T17:45:30.000Z
2026-08-03T17:46:28.595614+00:00,7,Disney Hollywood Studios,6704,Meet Disney Stars at Red Carpet Dreams,True,15,2026-08-03T17:45:30.000Z
2026-08-03T17:46:28.595614+00:00,7,Disney Hollywood Studios,1174,For the First Time in Forever: A Frozen Sing-Along Celebration,True,0,2026-08-03T17:45:30.000Z
2026-08-03T17:46:28.595614+00:00,7,Disney Hollywood Studios,6702,Indiana Jones™ Epic Stunt Spectacular!,True,0,2026-08-03T17:45:30.000Z
2026-08-03T17:46:28.595614+00:00,7,Disney Hollywood Studios,6703,Meet Olaf at Celebrity Spotlight,True,20,2026-08-03T17:45:30.000Z
2026-08-03T17:46:28.595614+00:00,7,Disney Hollywood Studios,120,Star Tours – The Adventures Continue,True,15,2026-08-03T17:45:30.000Z
2026-08-03T17:46:28.595614+00:00,7,Disney Hollywood Studios,7333,Vacation Fun - An Original Animated Short with Mickey & Minnie,True,10,2026-08-03T17:45:30.000Z
2026-08-03T17:46:28.595614+00:00,7,Disney Hollywood Studios,6361,Mickey & Minnie's Runaway Railway,True,45,2026-08-03T17:45:30.000Z
2026-08-03T17:46:28.595614+00:00,7,Disney Hollywood Studios,12425,Meet Edna Mode at the Edna Mode Experience,False,0,2026-08-03T17:45:30.000Z
2026-08-03T17:46:28.595614+00:00,7,Disney Hollywood Studios,117,Toy Story Mania!,False,0,2026-08-03T17:45:30.000Z
2026-08-03T17:46:28.595614+00:00,7,Disney Hollywood Studios,6368,Millennium Falcon: Smugglers Run,True,55,2026-08-03T17:45:30.000Z
2026-08-03T17:46:28.595614+00:00,7,Disney Hollywood Studios,10902,Millennium Falcon: Smugglers Run Single Rider,True,0,2026-08-03T17:45:30.000Z
2026-08-03T17:46:28.595614+00:00,7,Disney Hollywood Studios,6369,Star Wars: Rise of the Resistance,True,60,2026-08-03T17:45:30.000Z
2026-08-03T17:46:28.595614+00:00,7,Disney Hollywood Studios,14531,Star Wars: Rise of the Resistance Single Rider,True,0,2026-08-03T17:45:30.000Z
2026-08-03T17:46:28.595614+00:00,7,Disney Hollywood Studios,1176,Beauty and the Beast – Live on Stage,True,0,2026-08-03T17:45:30.000Z
2026-08-03T17:46:28.595614+00:00,7,Disney Hollywood Studios,16343,Rock 'n' Roller Coaster Starring Aerosmith Single Rider,True,0,2026-08-03T17:45:30.000Z
2026-08-03T17:46:28.595614+00:00,7,Disney Hollywood Studios,16342,Rock ’n’ Roller Coaster Starring The Muppets,True,65,2026-08-03T17:45:30.000Z
2026-08-03T17:46:28.595614+00:00,7,Disney Hollywood Studios,123,The Twilight Zone™ Tower of Terror,True,55,2026-08-03T17:45:30.000Z
2026-08-03T17:46:28.595614+00:00,7,Disney Hollywood Studios,5477,Alien Swirling Saucers,True,20,2026-08-03T17:45:30.000Z
2026-08-03T17:46:28.595614+00:00,7,Disney Hollywood Studios,5476,Slinky Dog Dash,True,75,2026-08-03T17:45:30.000Z
2026-08-03T17:46:28.728236+00:00,6,Disney Magic Kingdom,1184,A Pirate's Adventure ~ Treasures of the Seven Seas,True,0,2026-08-03T17:45:19.000Z
2026-08-03T17:46:28.728236+00:00,6,Disney Magic Kingdom,134,Jungle Cruise,True,45,2026-08-03T17:45:19.000Z
2026-08-03T17:46:28.728236+00:00,6,Disney Magic Kingdom,137,Pirates of the Caribbean,True,25,2026-08-03T17:45:19.000Z
2026-08-03T17:46:28.728236+00:00,6,Disney Magic Kingdom,355,Swiss Family Treehouse,True,5,2026-08-03T17:45:19.000Z
2026-08-03T17:46:28.728236+00:00,6,Disney Magic Kingdom,141,The Magic Carpets of Aladdin,True,15,2026-08-03T17:45:19.000Z
2026-08-03T17:46:28.728236+00:00,6,Disney Magic Kingdom,334,Walt Disney's Enchanted Tiki Room,True,10,2026-08-03T17:45:19.000Z
2026-08-03T17:46:28.728236+00:00,6,Disney Magic Kingdom,133,"""it's a small world""",True,30,2026-08-03T17:45:19.000Z
2026-08-03T17:46:28.728236+00:00,6,Disney Magic Kingdom,13764,Casey Jr. Splash 'N' Soak Station,True,0,2026-08-03T17:45:19.000Z
2026-08-03T17:46:28.728236+00:00,6,Disney Magic Kingdom,13763,Cinderella Castle,True,0,2026-08-03T17:45:19.000Z
2026-08-03T17:46:28.728236+00:00,6,Disney Magic Kingdom,132,Dumbo the Flying Elephant,True,15,2026-08-03T17:45:19.000Z
2026-08-03T17:46:28.728236+00:00,6,Disney Magic Kingdom,128,Enchanted Tales with Belle,True,15,2026-08-03T17:45:19.000Z
2026-08-03T17:46:28.728236+00:00,6,Disney Magic Kingdom,135,Mad Tea Party,True,20,2026-08-03T17:45:19.000Z
2026-08-03T17:46:28.728236+00:00,6,Disney Magic Kingdom,147,Meet Ariel at Her Grotto,True,30,2026-08-03T17:45:19.000Z
2026-08-03T17:46:28.728236+00:00,6,Disney Magic Kingdom,6700,Meet Cinderella and a Visiting Princess at Princess Fairytale Hall,True,45,2026-08-03T17:45:19.000Z
2026-08-03T17:46:28.728236+00:00,6,Disney Magic Kingdom,144,Meet Daring Disney Pals as Circus Stars at Pete's Silly Sideshow,True,40,2026-08-03T17:45:19.000Z
2026-08-03T17:46:28.728236+00:00,6,Disney Magic Kingdom,145,Meet Dashing Disney Pals as Circus Stars at Pete's Silly Sideshow,True,35,2026-08-03T17:45:19.000Z
2026-08-03T17:46:28.728236+00:00,6,Disney Magic Kingdom,6699,Meet Princess Tiana and a Visiting Princess at Princess Fairytale Hall,True,35,2026-08-03T17:45:19.000Z
2026-08-03T17:46:28.728236+00:00,6,Disney Magic Kingdom,171,Mickey's PhilharMagic,True,15,2026-08-03T17:45:19.000Z
2026-08-03T17:46:28.728236+00:00,6,Disney Magic Kingdom,136,Peter Pan's Flight,True,65,2026-08-03T17:45:19.000Z
2026-08-03T17:46:28.728236+00:00,6,Disney Magic Kingdom,161,Prince Charming Regal Carrousel,True,10,2026-08-03T17:45:19.000Z
2026-08-03T17:46:28.728236+00:00,6,Disney Magic Kingdom,129,Seven Dwarfs Mine Train,True,65,2026-08-03T17:45:19.000Z
2026-08-03T17:46:28.728236+00:00,6,Disney Magic Kingdom,126,The Barnstormer,True,30,2026-08-03T17:45:19.000Z
2026-08-03T17:46:28.728236+00:00,6,Disney Magic Kingdom,142,The Many Adventures of Winnie the Pooh,True,35,2026-08-03T17:45:19.000Z
2026-08-03T17:46:28.728236+00:00,6,Disney Magic Kingdom,127,Under the Sea - Journey of The Little Mermaid,True,15,2026-08-03T17:45:19.000Z
2026-08-03T17:46:28.728236+00:00,6,Disney Magic Kingdom,1181,Walt Disney World Railroad - Fantasyland,True,20,2026-08-03T17:45:19.000Z
2026-08-03T17:46:28.728236+00:00,6,Disney Magic Kingdom,130,Big Thunder Mountain Railroad,True,40,2026-08-03T17:45:19.000Z
2026-08-03T17:46:28.728236+00:00,6,Disney Magic Kingdom,1214,Country Bear Musical Jamboree,True,10,2026-08-03T17:45:19.000Z
2026-08-03T17:46:28.728236+00:00,6,Disney Magic Kingdom,13630,Tiana's Bayou Adventure,True,55,2026-08-03T17:45:19.000Z
2026-08-03T17:46:28.728236+00:00,6,Disney Magic Kingdom,140,Haunted Mansion,True,40,2026-08-03T17:45:19.000Z
2026-08-03T17:46:28.728236+00:00,6,Disney Magic Kingdom,356,The Hall of Presidents,True,0,2026-08-03T17:45:19.000Z
2026-08-03T17:46:28.728236+00:00,6,Disney Magic Kingdom,1188,Main Street Vehicles,True,0,2026-08-03T17:45:19.000Z
2026-08-03T17:46:28.728236+00:00,6,Disney Magic Kingdom,146,Meet Mickey at Town Square Theater,True,25,2026-08-03T17:45:19.000Z
2026-08-03T17:46:28.728236+00:00,6,Disney Magic Kingdom,1189,"Walt Disney World Railroad - Main Street, U.S.A.",True,20,2026-08-03T17:45:19.000Z
2026-08-03T17:46:28.728236+00:00,6,Disney Magic Kingdom,248,Astro Orbiter,True,20,2026-08-03T17:45:19.000Z
2026-08-03T17:46:28.728236+00:00,6,Disney Magic Kingdom,131,Buzz Lightyear’s Space Ranger Spin,True,50,2026-08-03T17:45:19.000Z
2026-08-03T17:46:28.728236+00:00,6,Disney Magic Kingdom,125,"Monsters, Inc. Laugh Floor",True,10,2026-08-03T17:45:19.000Z
2026-08-03T17:46:28.728236+00:00,6,Disney Magic Kingdom,138,Space Mountain,False,0,2026-08-03T17:45:19.000Z
2026-08-03T17:46:28.728236+00:00,6,Disney Magic Kingdom,143,Tomorrowland Speedway,True,20,2026-08-03T17:45:19.000Z
2026-08-03T17:46:28.728236+00:00,6,Disney Magic Kingdom,1190,Tomorrowland Transit Authority PeopleMover,True,10,2026-08-03T17:45:19.000Z
2026-08-03T17:46:28.728236+00:00,6,Disney Magic Kingdom,11527,TRON Lightcycle / Run,True,75,2026-08-03T17:45:19.000Z
2026-08-03T17:46:28.728236+00:00,6,Disney Magic Kingdom,457,Walt Disney's Carousel of Progress,False,0,2026-08-03T17:45:19.000Z
2026-08-03T17:46:28.728236+00:00,6,Disney Magic Kingdom,14927,Meet Mickey Mouse and Minnie Mouse at Mickey's Not-So-Scary Halloween Party,False,0,2026-08-03T17:45:19.000Z
2026-08-03T17:46:28.961140+00:00,5,Epcot,2495,Disney and Pixar Short Film Festival,True,0,2026-08-03T17:45:18.000Z
2026-08-03T17:46:28.961140+00:00,5,Epcot,155,Journey Into Imagination With Figment,True,10,2026-08-03T17:45:18.000Z
2026-08-03T17:46:28.961140+00:00,5,Epcot,13627,Meet Beloved Disney Pals at Mickey & Friends,True,10,2026-08-03T17:45:18.000Z
2026-08-03T17:46:28.961140+00:00,5,Epcot,159,Spaceship Earth,True,25,2026-08-03T17:45:18.000Z
2026-08-03T17:46:28.961140+00:00,5,Epcot,10916,Guardians of the Galaxy: Cosmic Rewind,True,85,2026-08-03T17:45:18.000Z
2026-08-03T17:46:28.961140+00:00,5,Epcot,158,Mission: SPACE,True,15,2026-08-03T17:45:18.000Z
2026-08-03T17:46:28.961140+00:00,5,Epcot,160,Test Track,True,95,2026-08-03T17:45:18.000Z
2026-08-03T17:46:28.961140+00:00,5,Epcot,10900,Test Track Presented by Chevrolet Single Rider,True,0,2026-08-03T17:45:18.000Z
2026-08-03T17:46:28.961140+00:00,5,Epcot,7323,Awesome Planet,True,0,2026-08-03T17:45:18.000Z
2026-08-03T17:46:28.961140+00:00,5,Epcot,12387,"Journey of Water, Inspired by Moana",True,0,2026-08-03T17:45:18.000Z
2026-08-03T17:46:28.961140+00:00,5,Epcot,156,Living with the Land,True,10,2026-08-03T17:45:18.000Z
2026-08-03T17:46:28.961140+00:00,5,Epcot,13782,SeaBase Aquarium,True,0,2026-08-03T17:45:18.000Z
2026-08-03T17:46:28.961140+00:00,5,Epcot,16467,Soarin' Across America,True,45,2026-08-03T17:45:18.000Z
2026-08-03T17:46:28.961140+00:00,5,Epcot,153,The Seas with Nemo & Friends,True,25,2026-08-03T17:45:18.000Z
2026-08-03T17:46:28.961140+00:00,5,Epcot,152,Turtle Talk With Crush,True,15,2026-08-03T17:45:18.000Z
2026-08-03T17:46:28.961140+00:00,5,Epcot,829,Canada Far and Wide in Circle-Vision 360,True,15,2026-08-03T17:45:18.000Z
2026-08-03T17:46:28.961140+00:00,5,Epcot,2679,Frozen Ever After,True,55,2026-08-03T17:45:18.000Z
2026-08-03T17:46:28.961140+00:00,5,Epcot,466,Gran Fiesta Tour Starring The Three Caballeros,True,10,2026-08-03T17:45:18.000Z
2026-08-03T17:46:28.961140+00:00,5,Epcot,6701,Meet Anna and Elsa at Royal Sommerhus,True,35,2026-08-03T17:45:18.000Z
2026-08-03T17:46:28.961140+00:00,5,Epcot,10914,Remy's Ratatouille Adventure,True,55,2026-08-03T17:45:18.000Z
2026-08-03T17:46:28.961140+00:00,5,Epcot,10915,Remy's Ratatouille Adventure Single Rider,True,0,2026-08-03T17:45:18.000Z
2026-08-03T19:24:17.468939+00:00,8,Animal Kingdom,657,Festival of the Lion King,True,0,2026-08-03T19:20:27.000Z
2026-08-03T19:24:17.468939+00:00,8,Animal Kingdom,651,Gorilla Falls Exploration Trail,True,5,2026-08-03T19:20:27.000Z
2026-08-03T19:24:17.468939+00:00,8,Animal Kingdom,113,Kilimanjaro Safaris,True,30,2026-08-03T19:20:27.000Z
2026-08-03T19:24:17.468939+00:00,8,Animal Kingdom,655,Wildlife Express Train,True,5,2026-08-03T19:20:27.000Z
2026-08-03T19:24:17.468939+00:00,8,Animal Kingdom,110,Expedition Everest - Legend of the Forbidden Mountain,True,35,2026-08-03T19:20:27.000Z
2026-08-03T19:24:17.468939+00:00,8,Animal Kingdom,14533,Expedition Everest - Legend of the Forbidden Mountain Single Rider,True,0,2026-08-03T19:20:27.000Z
2026-08-03T19:24:17.468939+00:00,8,Animal Kingdom,10921,Feathered Friends in Flight!,True,0,2026-08-03T19:20:27.000Z
2026-08-03T19:24:17.468939+00:00,8,Animal Kingdom,112,Kali River Rapids,True,55,2026-08-03T19:20:27.000Z
2026-08-03T19:24:17.468939+00:00,8,Animal Kingdom,13806,Animal Care at Conservation Station,True,0,2026-08-03T19:20:27.000Z
2026-08-03T19:24:17.468939+00:00,8,Animal Kingdom,16545,Bluey's Wild World at Conservation Station,True,5,2026-08-03T19:20:27.000Z
2026-08-03T19:24:17.468939+00:00,8,Animal Kingdom,10920,Finding Nemo: The Big Blue... and Beyond!,True,0,2026-08-03T19:20:27.000Z
2026-08-03T19:24:17.468939+00:00,8,Animal Kingdom,13811,Discovery Island Trails,True,0,2026-08-03T19:20:27.000Z
2026-08-03T19:24:17.468939+00:00,8,Animal Kingdom,116,Meet Favorite Disney Pals at Adventurers Outpost,True,30,2026-08-03T19:20:27.000Z
2026-08-03T19:24:17.468939+00:00,8,Animal Kingdom,12451,Meet Moana at Character Landing,True,0,2026-08-03T19:20:27.000Z
2026-08-03T19:24:17.468939+00:00,8,Animal Kingdom,13751,Tree of Life,True,0,2026-08-03T19:20:27.000Z
2026-08-03T19:24:17.468939+00:00,8,Animal Kingdom,14943,Zootopia: Better Zoogether!,True,10,2026-08-03T19:20:27.000Z
2026-08-03T19:24:17.468939+00:00,8,Animal Kingdom,4439,Avatar Flight of Passage,True,90,2026-08-03T19:20:27.000Z
2026-08-03T19:24:17.468939+00:00,8,Animal Kingdom,4438,Na'vi River Journey,True,45,2026-08-03T19:20:27.000Z
2026-08-03T19:24:17.468939+00:00,8,Animal Kingdom,13812,The Oasis Exhibits,True,0,2026-08-03T19:20:27.000Z
2026-08-03T19:24:17.468939+00:00,8,Animal Kingdom,13808,Wilderness Explorers,True,0,2026-08-03T19:20:27.000Z
2026-08-03T19:24:17.847357+00:00,7,Disney Hollywood Studios,16641,Disney Jr. Mickey Mouse Clubhouse Live!,True,0,2026-08-03T19:20:27.000Z
2026-08-03T19:24:17.847357+00:00,7,Disney Hollywood Studios,12430,Meet Ariel at Walt Disney Presents,True,0,2026-08-03T19:20:27.000Z
2026-08-03T19:24:17.847357+00:00,7,Disney Hollywood Studios,14859,The Little Mermaid – A Musical Adventure,True,0,2026-08-03T19:20:27.000Z
2026-08-03T19:24:17.847357+00:00,7,Disney Hollywood Studios,5145,Walt Disney Presents,True,0,2026-08-03T19:20:27.000Z
2026-08-03T19:24:17.847357+00:00,7,Disney Hollywood Studios,6704,Meet Disney Stars at Red Carpet Dreams,True,20,2026-08-03T19:20:27.000Z
2026-08-03T19:24:17.847357+00:00,7,Disney Hollywood Studios,1174,For the First Time in Forever: A Frozen Sing-Along Celebration,True,0,2026-08-03T19:20:27.000Z
2026-08-03T19:24:17.847357+00:00,7,Disney Hollywood Studios,6702,Indiana Jones™ Epic Stunt Spectacular!,True,0,2026-08-03T19:20:27.000Z
2026-08-03T19:24:17.847357+00:00,7,Disney Hollywood Studios,6703,Meet Olaf at Celebrity Spotlight,True,10,2026-08-03T19:20:27.000Z
2026-08-03T19:24:17.847357+00:00,7,Disney Hollywood Studios,120,Star Tours – The Adventures Continue,True,5,2026-08-03T19:20:27.000Z
2026-08-03T19:24:17.847357+00:00,7,Disney Hollywood Studios,7333,Vacation Fun - An Original Animated Short with Mickey & Minnie,True,10,2026-08-03T19:20:27.000Z
2026-08-03T19:24:17.847357+00:00,7,Disney Hollywood Studios,6361,Mickey & Minnie's Runaway Railway,True,50,2026-08-03T19:20:27.000Z
2026-08-03T19:24:17.847357+00:00,7,Disney Hollywood Studios,12425,Meet Edna Mode at the Edna Mode Experience,True,0,2026-08-03T19:20:27.000Z
2026-08-03T19:24:17.847357+00:00,7,Disney Hollywood Studios,117,Toy Story Mania!,True,60,2026-08-03T19:20:27.000Z
2026-08-03T19:24:17.847357+00:00,7,Disney Hollywood Studios,6368,Millennium Falcon: Smugglers Run,True,40,2026-08-03T19:20:27.000Z
2026-08-03T19:24:17.847357+00:00,7,Disney Hollywood Studios,10902,Millennium Falcon: Smugglers Run Single Rider,True,0,2026-08-03T19:20:27.000Z
2026-08-03T19:24:17.847357+00:00,7,Disney Hollywood Studios,6369,Star Wars: Rise of the Resistance,True,35,2026-08-03T19:20:27.000Z
2026-08-03T19:24:17.847357+00:00,7,Disney Hollywood Studios,14531,Star Wars: Rise of the Resistance Single Rider,True,0,2026-08-03T19:20:27.000Z
2026-08-03T19:24:17.847357+00:00,7,Disney Hollywood Studios,1176,Beauty and the Beast – Live on Stage,True,0,2026-08-03T19:20:27.000Z
2026-08-03T19:24:17.847357+00:00,7,Disney Hollywood Studios,16343,Rock 'n' Roller Coaster Starring Aerosmith Single Rider,True,0,2026-08-03T19:20:27.000Z
2026-08-03T19:24:17.847357+00:00,7,Disney Hollywood Studios,16342,Rock ’n’ Roller Coaster Starring The Muppets,True,55,2026-08-03T19:20:27.000Z
2026-08-03T19:24:17.847357+00:00,7,Disney Hollywood Studios,123,The Twilight Zone™ Tower of Terror,True,35,2026-08-03T19:20:27.000Z
2026-08-03T19:24:17.847357+00:00,7,Disney Hollywood Studios,5477,Alien Swirling Saucers,True,35,2026-08-03T19:20:27.000Z
2026-08-03T19:24:17.847357+00:00,7,Disney Hollywood Studios,5476,Slinky Dog Dash,True,75,2026-08-03T19:20:27.000Z
2026-08-03T19:24:18.190013+00:00,6,Disney Magic Kingdom,1184,A Pirate's Adventure ~ Treasures of the Seven Seas,True,0,2026-08-03T19:20:19.000Z
2026-08-03T19:24:18.190013+00:00,6,Disney Magic Kingdom,134,Jungle Cruise,True,50,2026-08-03T19:20:19.000Z
2026-08-03T19:24:18.190013+00:00,6,Disney Magic Kingdom,137,Pirates of the Caribbean,True,15,2026-08-03T19:20:19.000Z
2026-08-03T19:24:18.190013+00:00,6,Disney Magic Kingdom,355,Swiss Family Treehouse,True,5,2026-08-03T19:20:19.000Z
2026-08-03T19:24:18.190013+00:00,6,Disney Magic Kingdom,141,The Magic Carpets of Aladdin,True,5,2026-08-03T19:20:19.000Z
2026-08-03T19:24:18.190013+00:00,6,Disney Magic Kingdom,334,Walt Disney's Enchanted Tiki Room,True,10,2026-08-03T19:20:19.000Z
2026-08-03T19:24:18.190013+00:00,6,Disney Magic Kingdom,133,"""it's a small world""",True,25,2026-08-03T19:20:19.000Z
2026-08-03T19:24:18.190013+00:00,6,Disney Magic Kingdom,13764,Casey Jr. Splash 'N' Soak Station,True,0,2026-08-03T19:20:19.000Z
2026-08-03T19:24:18.190013+00:00,6,Disney Magic Kingdom,13763,Cinderella Castle,True,0,2026-08-03T19:20:19.000Z
2026-08-03T19:24:18.190013+00:00,6,Disney Magic Kingdom,132,Dumbo the Flying Elephant,True,5,2026-08-03T19:20:19.000Z
2026-08-03T19:24:18.190013+00:00,6,Disney Magic Kingdom,128,Enchanted Tales with Belle,True,15,2026-08-03T19:20:19.000Z
2026-08-03T19:24:18.190013+00:00,6,Disney Magic Kingdom,135,Mad Tea Party,True,10,2026-08-03T19:20:19.000Z
2026-08-03T19:24:18.190013+00:00,6,Disney Magic Kingdom,147,Meet Ariel at Her Grotto,True,30,2026-08-03T19:20:19.000Z
2026-08-03T19:24:18.190013+00:00,6,Disney Magic Kingdom,6700,Meet Cinderella and a Visiting Princess at Princess Fairytale Hall,True,35,2026-08-03T19:20:19.000Z
2026-08-03T19:24:18.190013+00:00,6,Disney Magic Kingdom,144,Meet Daring Disney Pals as Circus Stars at Pete's Silly Sideshow,True,10,2026-08-03T19:20:19.000Z
2026-08-03T19:24:18.190013+00:00,6,Disney Magic Kingdom,145,Meet Dashing Disney Pals as Circus Stars at Pete's Silly Sideshow,True,10,2026-08-03T19:20:19.000Z
2026-08-03T19:24:18.190013+00:00,6,Disney Magic Kingdom,6699,Meet Princess Tiana and a Visiting Princess at Princess Fairytale Hall,True,45,2026-08-03T19:20:19.000Z
2026-08-03T19:24:18.190013+00:00,6,Disney Magic Kingdom,171,Mickey's PhilharMagic,True,10,2026-08-03T19:20:19.000Z
2026-08-03T19:24:18.190013+00:00,6,Disney Magic Kingdom,136,Peter Pan's Flight,True,60,2026-08-03T19:20:19.000Z
2026-08-03T19:24:18.190013+00:00,6,Disney Magic Kingdom,161,Prince Charming Regal Carrousel,True,10,2026-08-03T19:20:19.000Z
2026-08-03T19:24:18.190013+00:00,6,Disney Magic Kingdom,129,Seven Dwarfs Mine Train,True,65,2026-08-03T19:20:19.000Z
2026-08-03T19:24:18.190013+00:00,6,Disney Magic Kingdom,126,The Barnstormer,True,20,2026-08-03T19:20:19.000Z
2026-08-03T19:24:18.190013+00:00,6,Disney Magic Kingdom,142,The Many Adventures of Winnie the Pooh,True,30,2026-08-03T19:20:19.000Z
2026-08-03T19:24:18.190013+00:00,6,Disney Magic Kingdom,127,Under the Sea - Journey of The Little Mermaid,True,15,2026-08-03T19:20:19.000Z
2026-08-03T19:24:18.190013+00:00,6,Disney Magic Kingdom,1181,Walt Disney World Railroad - Fantasyland,True,20,2026-08-03T19:20:19.000Z
2026-08-03T19:24:18.190013+00:00,6,Disney Magic Kingdom,130,Big Thunder Mountain Railroad,True,45,2026-08-03T19:20:19.000Z
2026-08-03T19:24:18.190013+00:00,6,Disney Magic Kingdom,1214,Country Bear Musical Jamboree,True,10,2026-08-03T19:20:19.000Z
2026-08-03T19:24:18.190013+00:00,6,Disney Magic Kingdom,13630,Tiana's Bayou Adventure,True,60,2026-08-03T19:20:19.000Z
2026-08-03T19:24:18.190013+00:00,6,Disney Magic Kingdom,140,Haunted Mansion,True,40,2026-08-03T19:20:19.000Z
2026-08-03T19:24:18.190013+00:00,6,Disney Magic Kingdom,356,The Hall of Presidents,True,0,2026-08-03T19:20:19.000Z
2026-08-03T19:24:18.190013+00:00,6,Disney Magic Kingdom,1188,Main Street Vehicles,True,0,2026-08-03T19:20:19.000Z
2026-08-03T19:24:18.190013+00:00,6,Disney Magic Kingdom,146,Meet Mickey at Town Square Theater,True,25,2026-08-03T19:20:19.000Z
2026-08-03T19:24:18.190013+00:00,6,Disney Magic Kingdom,1189,"Walt Disney World Railroad - Main Street, U.S.A.",True,20,2026-08-03T19:20:19.000Z
2026-08-03T19:24:18.190013+00:00,6,Disney Magic Kingdom,248,Astro Orbiter,True,10,2026-08-03T19:20:19.000Z
2026-08-03T19:24:18.190013+00:00,6,Disney Magic Kingdom,131,Buzz Lightyear’s Space Ranger Spin,True,30,2026-08-03T19:20:19.000Z
2026-08-03T19:24:18.190013+00:00,6,Disney Magic Kingdom,125,"Monsters, Inc. Laugh Floor",True,10,2026-08-03T19:20:19.000Z
2026-08-03T19:24:18.190013+00:00,6,Disney Magic Kingdom,138,Space Mountain,False,0,2026-08-03T19:20:19.000Z
2026-08-03T19:24:18.190013+00:00,6,Disney Magic Kingdom,143,Tomorrowland Speedway,True,35,2026-08-03T19:20:19.000Z
2026-08-03T19:24:18.190013+00:00,6,Disney Magic Kingdom,1190,Tomorrowland Transit Authority PeopleMover,True,5,2026-08-03T19:20:19.000Z
2026-08-03T19:24:18.190013+00:00,6,Disney Magic Kingdom,11527,TRON Lightcycle / Run,True,65,2026-08-03T19:20:19.000Z
2026-08-03T19:24:18.190013+00:00,6,Disney Magic Kingdom,457,Walt Disney's Carousel of Progress,False,0,2026-08-03T19:20:19.000Z
2026-08-03T19:24:18.190013+00:00,6,Disney Magic Kingdom,14927,Meet Mickey Mouse and Minnie Mouse at Mickey's Not-So-Scary Halloween Party,False,0,2026-08-03T19:20:19.000Z
2026-08-03T19:24:18.544409+00:00,5,Epcot,2495,Disney and Pixar Short Film Festival,True,0,2026-08-03T19:20:19.000Z
2026-08-03T19:24:18.544409+00:00,5,Epcot,155,Journey Into Imagination With Figment,True,20,2026-08-03T19:20:19.000Z
2026-08-03T19:24:18.544409+00:00,5,Epcot,13627,Meet Beloved Disney Pals at Mickey & Friends,True,15,2026-08-03T19:20:19.000Z
2026-08-03T19:24:18.544409+00:00,5,Epcot,159,Spaceship Earth,True,15,2026-08-03T19:20:19.000Z
2026-08-03T19:24:18.544409+00:00,5,Epcot,10916,Guardians of the Galaxy: Cosmic Rewind,True,85,2026-08-03T19:20:19.000Z
2026-08-03T19:24:18.544409+00:00,5,Epcot,158,Mission: SPACE,True,15,2026-08-03T19:20:19.000Z
2026-08-03T19:24:18.544409+00:00,5,Epcot,160,Test Track,True,75,2026-08-03T19:20:19.000Z
2026-08-03T19:24:18.544409+00:00,5,Epcot,10900,Test Track Presented by Chevrolet Single Rider,True,0,2026-08-03T19:20:19.000Z
2026-08-03T19:24:18.544409+00:00,5,Epcot,7323,Awesome Planet,True,0,2026-08-03T19:20:19.000Z
2026-08-03T19:24:18.544409+00:00,5,Epcot,12387,"Journey of Water, Inspired by Moana",True,0,2026-08-03T19:20:19.000Z
2026-08-03T19:24:18.544409+00:00,5,Epcot,156,Living with the Land,True,10,2026-08-03T19:20:19.000Z
2026-08-03T19:24:18.544409+00:00,5,Epcot,13782,SeaBase Aquarium,True,0,2026-08-03T19:20:19.000Z
2026-08-03T19:24:18.544409+00:00,5,Epcot,16467,Soarin' Across America,True,50,2026-08-03T19:20:19.000Z
2026-08-03T19:24:18.544409+00:00,5,Epcot,153,The Seas with Nemo & Friends,True,15,2026-08-03T19:20:19.000Z
2026-08-03T19:24:18.544409+00:00,5,Epcot,152,Turtle Talk With Crush,True,15,2026-08-03T19:20:19.000Z
2026-08-03T19:24:18.544409+00:00,5,Epcot,829,Canada Far and Wide in Circle-Vision 360,True,15,2026-08-03T19:20:19.000Z
2026-08-03T19:24:18.544409+00:00,5,Epcot,2679,Frozen Ever After,True,65,2026-08-03T19:20:19.000Z
2026-08-03T19:24:18.544409+00:00,5,Epcot,466,Gran Fiesta Tour Starring The Three Caballeros,True,10,2026-08-03T19:20:19.000Z
2026-08-03T19:24:18.544409+00:00,5,Epcot,6701,Meet Anna and Elsa at Royal Sommerhus,True,30,2026-08-03T19:20:19.000Z
2026-08-03T19:24:18.544409+00:00,5,Epcot,10914,Remy's Ratatouille Adventure,True,75,2026-08-03T19:20:19.000Z
2026-08-03T19:24:18.544409+00:00,5,Epcot,10915,Remy's Ratatouille Adventure Single Rider,True,0,2026-08-03T19:20:19.000Z
2026-08-03T20:58:18.989060+00:00,8,Animal Kingdom,657,Festival of the Lion King,True,0,2026-08-03T20:55:52.000Z
2026-08-03T20:58:18.989060+00:00,8,Animal Kingdom,651,Gorilla Falls Exploration Trail,True,5,2026-08-03T20:55:52.000Z
2026-08-03T20:58:18.989060+00:00,8,Animal Kingdom,113,Kilimanjaro Safaris,True,10,2026-08-03T20:55:52.000Z
2026-08-03T20:58:18.989060+00:00,8,Animal Kingdom,655,Wildlife Express Train,True,5,2026-08-03T20:55:52.000Z
2026-08-03T20:58:18.989060+00:00,8,Animal Kingdom,110,Expedition Everest - Legend of the Forbidden Mountain,True,45,2026-08-03T20:55:52.000Z
2026-08-03T20:58:18.989060+00:00,8,Animal Kingdom,14533,Expedition Everest - Legend of the Forbidden Mountain Single Rider,True,0,2026-08-03T20:55:52.000Z
2026-08-03T20:58:18.989060+00:00,8,Animal Kingdom,10921,Feathered Friends in Flight!,True,0,2026-08-03T20:55:52.000Z
2026-08-03T20:58:18.989060+00:00,8,Animal Kingdom,112,Kali River Rapids,True,40,2026-08-03T20:55:52.000Z
2026-08-03T20:58:18.989060+00:00,8,Animal Kingdom,13806,Animal Care at Conservation Station,True,0,2026-08-03T20:55:52.000Z
2026-08-03T20:58:18.989060+00:00,8,Animal Kingdom,16545,Bluey's Wild World at Conservation Station,False,0,2026-08-03T20:55:52.000Z
2026-08-03T20:58:18.989060+00:00,8,Animal Kingdom,10920,Finding Nemo: The Big Blue... and Beyond!,True,0,2026-08-03T20:55:52.000Z
2026-08-03T20:58:18.989060+00:00,8,Animal Kingdom,13811,Discovery Island Trails,True,0,2026-08-03T20:55:52.000Z
2026-08-03T20:58:18.989060+00:00,8,Animal Kingdom,116,Meet Favorite Disney Pals at Adventurers Outpost,True,50,2026-08-03T20:55:52.000Z
2026-08-03T20:58:18.989060+00:00,8,Animal Kingdom,12451,Meet Moana at Character Landing,False,0,2026-08-03T20:55:52.000Z
2026-08-03T20:58:18.989060+00:00,8,Animal Kingdom,13751,Tree of Life,True,0,2026-08-03T20:55:52.000Z
2026-08-03T20:58:18.989060+00:00,8,Animal Kingdom,14943,Zootopia: Better Zoogether!,True,10,2026-08-03T20:55:52.000Z
2026-08-03T20:58:18.989060+00:00,8,Animal Kingdom,4439,Avatar Flight of Passage,True,55,2026-08-03T20:55:52.000Z
2026-08-03T20:58:18.989060+00:00,8,Animal Kingdom,4438,Na'vi River Journey,True,45,2026-08-03T20:55:52.000Z
2026-08-03T20:58:18.989060+00:00,8,Animal Kingdom,13812,The Oasis Exhibits,True,0,2026-08-03T20:55:52.000Z
2026-08-03T20:58:18.989060+00:00,8,Animal Kingdom,13808,Wilderness Explorers,True,0,2026-08-03T20:55:52.000Z
2026-08-03T20:58:19.104914+00:00,7,Disney Hollywood Studios,16641,Disney Jr. Mickey Mouse Clubhouse Live!,True,0,2026-08-03T20:55:49.000Z
2026-08-03T20:58:19.104914+00:00,7,Disney Hollywood Studios,12430,Meet Ariel at Walt Disney Presents,False,0,2026-08-03T20:55:49.000Z
2026-08-03T20:58:19.104914+00:00,7,Disney Hollywood Studios,14859,The Little Mermaid – A Musical Adventure,True,0,2026-08-03T20:55:49.000Z
2026-08-03T20:58:19.104914+00:00,7,Disney Hollywood Studios,5145,Walt Disney Presents,True,0,2026-08-03T20:55:49.000Z
2026-08-03T20:58:19.104914+00:00,7,Disney Hollywood Studios,6704,Meet Disney Stars at Red Carpet Dreams,True,35,2026-08-03T20:55:49.000Z
2026-08-03T20:58:19.104914+00:00,7,Disney Hollywood Studios,1174,For the First Time in Forever: A Frozen Sing-Along Celebration,True,0,2026-08-03T20:55:49.000Z
2026-08-03T20:58:19.104914+00:00,7,Disney Hollywood Studios,6702,Indiana Jones™ Epic Stunt Spectacular!,True,0,2026-08-03T20:55:49.000Z
2026-08-03T20:58:19.104914+00:00,7,Disney Hollywood Studios,6703,Meet Olaf at Celebrity Spotlight,True,10,2026-08-03T20:55:49.000Z
2026-08-03T20:58:19.104914+00:00,7,Disney Hollywood Studios,120,Star Tours – The Adventures Continue,True,5,2026-08-03T20:55:49.000Z
2026-08-03T20:58:19.104914+00:00,7,Disney Hollywood Studios,7333,Vacation Fun - An Original Animated Short with Mickey & Minnie,True,10,2026-08-03T20:55:49.000Z
2026-08-03T20:58:19.104914+00:00,7,Disney Hollywood Studios,6361,Mickey & Minnie's Runaway Railway,True,35,2026-08-03T20:55:49.000Z
2026-08-03T20:58:19.104914+00:00,7,Disney Hollywood Studios,12425,Meet Edna Mode at the Edna Mode Experience,False,0,2026-08-03T20:55:49.000Z
2026-08-03T20:58:19.104914+00:00,7,Disney Hollywood Studios,117,Toy Story Mania!,True,50,2026-08-03T20:55:49.000Z
2026-08-03T20:58:19.104914+00:00,7,Disney Hollywood Studios,6368,Millennium Falcon: Smugglers Run,True,30,2026-08-03T20:55:49.000Z
2026-08-03T20:58:19.104914+00:00,7,Disney Hollywood Studios,10902,Millennium Falcon: Smugglers Run Single Rider,True,0,2026-08-03T20:55:49.000Z
2026-08-03T20:58:19.104914+00:00,7,Disney Hollywood Studios,6369,Star Wars: Rise of the Resistance,True,110,2026-08-03T20:55:49.000Z
2026-08-03T20:58:19.104914+00:00,7,Disney Hollywood Studios,14531,Star Wars: Rise of the Resistance Single Rider,True,0,2026-08-03T20:55:49.000Z
2026-08-03T20:58:19.104914+00:00,7,Disney Hollywood Studios,1176,Beauty and the Beast – Live on Stage,True,0,2026-08-03T20:55:49.000Z
2026-08-03T20:58:19.104914+00:00,7,Disney Hollywood Studios,16343,Rock 'n' Roller Coaster Starring Aerosmith Single Rider,True,0,2026-08-03T20:55:49.000Z
2026-08-03T20:58:19.104914+00:00,7,Disney Hollywood Studios,16342,Rock ’n’ Roller Coaster Starring The Muppets,True,50,2026-08-03T20:55:49.000Z
2026-08-03T20:58:19.104914+00:00,7,Disney Hollywood Studios,123,The Twilight Zone™ Tower of Terror,True,40,2026-08-03T20:55:49.000Z
2026-08-03T20:58:19.104914+00:00,7,Disney Hollywood Studios,5477,Alien Swirling Saucers,True,30,2026-08-03T20:55:49.000Z
2026-08-03T20:58:19.104914+00:00,7,Disney Hollywood Studios,5476,Slinky Dog Dash,True,65,2026-08-03T20:55:49.000Z
2026-08-03T20:58:19.217998+00:00,6,Disney Magic Kingdom,1184,A Pirate's Adventure ~ Treasures of the Seven Seas,True,0,2026-08-03T20:55:40.000Z
2026-08-03T20:58:19.217998+00:00,6,Disney Magic Kingdom,134,Jungle Cruise,True,40,2026-08-03T20:55:40.000Z
2026-08-03T20:58:19.217998+00:00,6,Disney Magic Kingdom,137,Pirates of the Caribbean,True,20,2026-08-03T20:55:40.000Z
2026-08-03T20:58:19.217998+00:00,6,Disney Magic Kingdom,355,Swiss Family Treehouse,True,5,2026-08-03T20:55:40.000Z
2026-08-03T20:58:19.217998+00:00,6,Disney Magic Kingdom,141,The Magic Carpets of Aladdin,True,5,2026-08-03T20:55:40.000Z
2026-08-03T20:58:19.217998+00:00,6,Disney Magic Kingdom,334,Walt Disney's Enchanted Tiki Room,True,10,2026-08-03T20:55:40.000Z
2026-08-03T20:58:19.217998+00:00,6,Disney Magic Kingdom,133,"""it's a small world""",True,15,2026-08-03T20:55:40.000Z
2026-08-03T20:58:19.217998+00:00,6,Disney Magic Kingdom,13764,Casey Jr. Splash 'N' Soak Station,True,0,2026-08-03T20:55:40.000Z
2026-08-03T20:58:19.217998+00:00,6,Disney Magic Kingdom,13763,Cinderella Castle,True,0,2026-08-03T20:55:40.000Z
2026-08-03T20:58:19.217998+00:00,6,Disney Magic Kingdom,132,Dumbo the Flying Elephant,True,15,2026-08-03T20:55:40.000Z
2026-08-03T20:58:19.217998+00:00,6,Disney Magic Kingdom,128,Enchanted Tales with Belle,True,15,2026-08-03T20:55:40.000Z
2026-08-03T20:58:19.217998+00:00,6,Disney Magic Kingdom,135,Mad Tea Party,True,10,2026-08-03T20:55:40.000Z
2026-08-03T20:58:19.217998+00:00,6,Disney Magic Kingdom,147,Meet Ariel at Her Grotto,True,30,2026-08-03T20:55:40.000Z
2026-08-03T20:58:19.217998+00:00,6,Disney Magic Kingdom,6700,Meet Cinderella and a Visiting Princess at Princess Fairytale Hall,True,50,2026-08-03T20:55:40.000Z
2026-08-03T20:58:19.217998+00:00,6,Disney Magic Kingdom,144,Meet Daring Disney Pals as Circus Stars at Pete's Silly Sideshow,True,25,2026-08-03T20:55:40.000Z
2026-08-03T20:58:19.217998+00:00,6,Disney Magic Kingdom,145,Meet Dashing Disney Pals as Circus Stars at Pete's Silly Sideshow,True,30,2026-08-03T20:55:40.000Z
2026-08-03T20:58:19.217998+00:00,6,Disney Magic Kingdom,6699,Meet Princess Tiana and a Visiting Princess at Princess Fairytale Hall,True,25,2026-08-03T20:55:40.000Z
2026-08-03T20:58:19.217998+00:00,6,Disney Magic Kingdom,171,Mickey's PhilharMagic,True,10,2026-08-03T20:55:40.000Z
2026-08-03T20:58:19.217998+00:00,6,Disney Magic Kingdom,136,Peter Pan's Flight,True,55,2026-08-03T20:55:40.000Z
2026-08-03T20:58:19.217998+00:00,6,Disney Magic Kingdom,161,Prince Charming Regal Carrousel,True,5,2026-08-03T20:55:40.000Z
2026-08-03T20:58:19.217998+00:00,6,Disney Magic Kingdom,129,Seven Dwarfs Mine Train,True,65,2026-08-03T20:55:40.000Z
2026-08-03T20:58:19.217998+00:00,6,Disney Magic Kingdom,126,The Barnstormer,True,15,2026-08-03T20:55:40.000Z
2026-08-03T20:58:19.217998+00:00,6,Disney Magic Kingdom,142,The Many Adventures of Winnie the Pooh,True,35,2026-08-03T20:55:40.000Z
2026-08-03T20:58:19.217998+00:00,6,Disney Magic Kingdom,127,Under the Sea - Journey of The Little Mermaid,True,20,2026-08-03T20:55:40.000Z
2026-08-03T20:58:19.217998+00:00,6,Disney Magic Kingdom,1181,Walt Disney World Railroad - Fantasyland,True,20,2026-08-03T20:55:40.000Z
2026-08-03T20:58:19.217998+00:00,6,Disney Magic Kingdom,130,Big Thunder Mountain Railroad,True,40,2026-08-03T20:55:40.000Z
2026-08-03T20:58:19.217998+00:00,6,Disney Magic Kingdom,1214,Country Bear Musical Jamboree,True,10,2026-08-03T20:55:40.000Z
2026-08-03T20:58:19.217998+00:00,6,Disney Magic Kingdom,13630,Tiana's Bayou Adventure,True,55,2026-08-03T20:55:40.000Z
2026-08-03T20:58:19.217998+00:00,6,Disney Magic Kingdom,140,Haunted Mansion,True,35,2026-08-03T20:55:40.000Z
2026-08-03T20:58:19.217998+00:00,6,Disney Magic Kingdom,356,The Hall of Presidents,True,15,2026-08-03T20:55:40.000Z
2026-08-03T20:58:19.217998+00:00,6,Disney Magic Kingdom,1188,Main Street Vehicles,False,0,2026-08-03T20:55:40.000Z
2026-08-03T20:58:19.217998+00:00,6,Disney Magic Kingdom,146,Meet Mickey at Town Square Theater,True,15,2026-08-03T20:55:40.000Z
2026-08-03T20:58:19.217998+00:00,6,Disney Magic Kingdom,1189,"Walt Disney World Railroad - Main Street, U.S.A.",True,20,2026-08-03T20:55:40.000Z
2026-08-03T20:58:19.217998+00:00,6,Disney Magic Kingdom,248,Astro Orbiter,True,15,2026-08-03T20:55:40.000Z
2026-08-03T20:58:19.217998+00:00,6,Disney Magic Kingdom,131,Buzz Lightyear’s Space Ranger Spin,True,45,2026-08-03T20:55:40.000Z
2026-08-03T20:58:19.217998+00:00,6,Disney Magic Kingdom,125,"Monsters, Inc. Laugh Floor",True,10,2026-08-03T20:55:40.000Z
2026-08-03T20:58:19.217998+00:00,6,Disney Magic Kingdom,138,Space Mountain,True,40,2026-08-03T20:55:40.000Z
2026-08-03T20:58:19.217998+00:00,6,Disney Magic Kingdom,143,Tomorrowland Speedway,True,30,2026-08-03T20:55:40.000Z
2026-08-03T20:58:19.217998+00:00,6,Disney Magic Kingdom,1190,Tomorrowland Transit Authority PeopleMover,True,15,2026-08-03T20:55:40.000Z
2026-08-03T20:58:19.217998+00:00,6,Disney Magic Kingdom,11527,TRON Lightcycle / Run,True,80,2026-08-03T20:55:40.000Z
2026-08-03T20:58:19.217998+00:00,6,Disney Magic Kingdom,457,Walt Disney's Carousel of Progress,False,0,2026-08-03T20:55:40.000Z
2026-08-03T20:58:19.217998+00:00,6,Disney Magic Kingdom,14927,Meet Mickey Mouse and Minnie Mouse at Mickey's Not-So-Scary Halloween Party,False,0,2026-08-03T20:55:40.000Z
2026-08-03T20:58:19.333724+00:00,5,Epcot,2495,Disney and Pixar Short Film Festival,True,0,2026-08-03T20:55:38.000Z
2026-08-03T20:58:19.333724+00:00,5,Epcot,155,Journey Into Imagination With Figment,True,20,2026-08-03T20:55:38.000Z
2026-08-03T20:58:19.333724+00:00,5,Epcot,13627,Meet Beloved Disney Pals at Mickey & Friends,True,15,2026-08-03T20:55:38.000Z
2026-08-03T20:58:19.333724+00:00,5,Epcot,159,Spaceship Earth,True,5,2026-08-03T20:55:38.000Z
2026-08-03T20:58:19.333724+00:00,5,Epcot,10916,Guardians of the Galaxy: Cosmic Rewind,True,85,2026-08-03T20:55:38.000Z
2026-08-03T20:58:19.333724+00:00,5,Epcot,158,Mission: SPACE,True,15,2026-08-03T20:55:38.000Z
2026-08-03T20:58:19.333724+00:00,5,Epcot,160,Test Track,True,85,2026-08-03T20:55:38.000Z
2026-08-03T20:58:19.333724+00:00,5,Epcot,10900,Test Track Presented by Chevrolet Single Rider,True,0,2026-08-03T20:55:38.000Z
2026-08-03T20:58:19.333724+00:00,5,Epcot,7323,Awesome Planet,True,0,2026-08-03T20:55:38.000Z
2026-08-03T20:58:19.333724+00:00,5,Epcot,12387,"Journey of Water, Inspired by Moana",True,0,2026-08-03T20:55:38.000Z
2026-08-03T20:58:19.333724+00:00,5,Epcot,156,Living with the Land,True,15,2026-08-03T20:55:38.000Z
2026-08-03T20:58:19.333724+00:00,5,Epcot,13782,SeaBase Aquarium,True,0,2026-08-03T20:55:38.000Z
2026-08-03T20:58:19.333724+00:00,5,Epcot,16467,Soarin' Across America,True,40,2026-08-03T20:55:38.000Z
2026-08-03T20:58:19.333724+00:00,5,Epcot,153,The Seas with Nemo & Friends,True,5,2026-08-03T20:55:38.000Z
2026-08-03T20:58:19.333724+00:00,5,Epcot,152,Turtle Talk With Crush,True,15,2026-08-03T20:55:38.000Z
2026-08-03T20:58:19.333724+00:00,5,Epcot,829,Canada Far and Wide in Circle-Vision 360,True,15,2026-08-03T20:55:38.000Z
2026-08-03T20:58:19.333724+00:00,5,Epcot,2679,Frozen Ever After,True,55,2026-08-03T20:55:38.000Z
2026-08-03T20:58:19.333724+00:00,5,Epcot,466,Gran Fiesta Tour Starring The Three Caballeros,True,10,2026-08-03T20:55:38.000Z
2026-08-03T20:58:19.333724+00:00,5,Epcot,6701,Meet Anna and Elsa at Royal Sommerhus,True,20,2026-08-03T20:55:38.000Z
2026-08-03T20:58:19.333724+00:00,5,Epcot,10914,Remy's Ratatouille Adventure,True,50,2026-08-03T20:55:38.000Z
2026-08-03T20:58:19.333724+00:00,5,Epcot,10915,Remy's Ratatouille Adventure Single Rider,True,0,2026-08-03T20:55:38.000Z
2026-08-03T22:55:33.249869+00:00,8,Animal Kingdom,657,Festival of the Lion King,True,0,2026-08-03T22:50:39.000Z
2026-08-03T22:55:33.249869+00:00,8,Animal Kingdom,651,Gorilla Falls Exploration Trail,False,0,2026-08-03T22:50:39.000Z
2026-08-03T22:55:33.249869+00:00,8,Animal Kingdom,113,Kilimanjaro Safaris,True,10,2026-08-03T22:50:39.000Z
2026-08-03T22:55:33.249869+00:00,8,Animal Kingdom,655,Wildlife Express Train,False,0,2026-08-03T22:50:39.000Z
2026-08-03T22:55:33.249869+00:00,8,Animal Kingdom,110,Expedition Everest - Legend of the Forbidden Mountain,True,20,2026-08-03T22:50:39.000Z
2026-08-03T22:55:33.249869+00:00,8,Animal Kingdom,14533,Expedition Everest - Legend of the Forbidden Mountain Single Rider,True,0,2026-08-03T22:50:39.000Z
2026-08-03T22:55:33.249869+00:00,8,Animal Kingdom,10921,Feathered Friends in Flight!,True,0,2026-08-03T22:50:39.000Z
2026-08-03T22:55:33.249869+00:00,8,Animal Kingdom,112,Kali River Rapids,True,10,2026-08-03T22:50:39.000Z
2026-08-03T22:55:33.249869+00:00,8,Animal Kingdom,13806,Animal Care at Conservation Station,False,0,2026-08-03T22:50:39.000Z
2026-08-03T22:55:33.249869+00:00,8,Animal Kingdom,16545,Bluey's Wild World at Conservation Station,False,0,2026-08-03T22:50:39.000Z
2026-08-03T22:55:33.249869+00:00,8,Animal Kingdom,10920,Finding Nemo: The Big Blue... and Beyond!,True,0,2026-08-03T22:50:39.000Z
2026-08-03T22:55:33.249869+00:00,8,Animal Kingdom,13811,Discovery Island Trails,True,0,2026-08-03T22:50:39.000Z
2026-08-03T22:55:33.249869+00:00,8,Animal Kingdom,116,Meet Favorite Disney Pals at Adventurers Outpost,False,0,2026-08-03T22:50:39.000Z
2026-08-03T22:55:33.249869+00:00,8,Animal Kingdom,12451,Meet Moana at Character Landing,False,0,2026-08-03T22:50:39.000Z
2026-08-03T22:55:33.249869+00:00,8,Animal Kingdom,13751,Tree of Life,True,0,2026-08-03T22:50:39.000Z
2026-08-03T22:55:33.249869+00:00,8,Animal Kingdom,14943,Zootopia: Better Zoogether!,True,10,2026-08-03T22:50:39.000Z
2026-08-03T22:55:33.249869+00:00,8,Animal Kingdom,4439,Avatar Flight of Passage,True,45,2026-08-03T22:50:39.000Z
2026-08-03T22:55:33.249869+00:00,8,Animal Kingdom,4438,Na'vi River Journey,True,20,2026-08-03T22:50:39.000Z
2026-08-03T22:55:33.249869+00:00,8,Animal Kingdom,13812,The Oasis Exhibits,True,0,2026-08-03T22:50:39.000Z
2026-08-03T22:55:33.249869+00:00,8,Animal Kingdom,13808,Wilderness Explorers,False,0,2026-08-03T22:50:39.000Z
2026-08-03T22:55:33.443946+00:00,7,Disney Hollywood Studios,16641,Disney Jr. Mickey Mouse Clubhouse Live!,True,0,2026-08-03T22:50:30.000Z
2026-08-03T22:55:33.443946+00:00,7,Disney Hollywood Studios,12430,Meet Ariel at Walt Disney Presents,False,0,2026-08-03T22:50:30.000Z
2026-08-03T22:55:33.443946+00:00,7,Disney Hollywood Studios,14859,The Little Mermaid – A Musical Adventure,True,0,2026-08-03T22:50:30.000Z
2026-08-03T22:55:33.443946+00:00,7,Disney Hollywood Studios,5145,Walt Disney Presents,True,0,2026-08-03T22:50:30.000Z
2026-08-03T22:55:33.443946+00:00,7,Disney Hollywood Studios,6704,Meet Disney Stars at Red Carpet Dreams,True,35,2026-08-03T22:50:30.000Z
2026-08-03T22:55:33.443946+00:00,7,Disney Hollywood Studios,1174,For the First Time in Forever: A Frozen Sing-Along Celebration,True,0,2026-08-03T22:50:30.000Z
2026-08-03T22:55:33.443946+00:00,7,Disney Hollywood Studios,6702,Indiana Jones™ Epic Stunt Spectacular!,True,0,2026-08-03T22:50:30.000Z
2026-08-03T22:55:33.443946+00:00,7,Disney Hollywood Studios,6703,Meet Olaf at Celebrity Spotlight,False,0,2026-08-03T22:50:30.000Z
2026-08-03T22:55:33.443946+00:00,7,Disney Hollywood Studios,120,Star Tours – The Adventures Continue,True,5,2026-08-03T22:50:30.000Z
2026-08-03T22:55:33.443946+00:00,7,Disney Hollywood Studios,7333,Vacation Fun - An Original Animated Short with Mickey & Minnie,True,10,2026-08-03T22:50:30.000Z
2026-08-03T22:55:33.443946+00:00,7,Disney Hollywood Studios,6361,Mickey & Minnie's Runaway Railway,True,30,2026-08-03T22:50:30.000Z
2026-08-03T22:55:33.443946+00:00,7,Disney Hollywood Studios,12425,Meet Edna Mode at the Edna Mode Experience,False,0,2026-08-03T22:50:30.000Z
2026-08-03T22:55:33.443946+00:00,7,Disney Hollywood Studios,117,Toy Story Mania!,True,55,2026-08-03T22:50:30.000Z
2026-08-03T22:55:33.443946+00:00,7,Disney Hollywood Studios,6368,Millennium Falcon: Smugglers Run,True,20,2026-08-03T22:50:30.000Z
2026-08-03T22:55:33.443946+00:00,7,Disney Hollywood Studios,10902,Millennium Falcon: Smugglers Run Single Rider,True,0,2026-08-03T22:50:30.000Z
2026-08-03T22:55:33.443946+00:00,7,Disney Hollywood Studios,6369,Star Wars: Rise of the Resistance,True,110,2026-08-03T22:50:30.000Z
2026-08-03T22:55:33.443946+00:00,7,Disney Hollywood Studios,14531,Star Wars: Rise of the Resistance Single Rider,True,0,2026-08-03T22:50:30.000Z
2026-08-03T22:55:33.443946+00:00,7,Disney Hollywood Studios,1176,Beauty and the Beast – Live on Stage,True,0,2026-08-03T22:50:30.000Z
2026-08-03T22:55:33.443946+00:00,7,Disney Hollywood Studios,16343,Rock 'n' Roller Coaster Starring Aerosmith Single Rider,True,0,2026-08-03T22:50:30.000Z
2026-08-03T22:55:33.443946+00:00,7,Disney Hollywood Studios,16342,Rock ’n’ Roller Coaster Starring The Muppets,True,70,2026-08-03T22:50:30.000Z
2026-08-03T22:55:33.443946+00:00,7,Disney Hollywood Studios,123,The Twilight Zone™ Tower of Terror,True,45,2026-08-03T22:50:30.000Z
2026-08-03T22:55:33.443946+00:00,7,Disney Hollywood Studios,5477,Alien Swirling Saucers,True,25,2026-08-03T22:50:30.000Z
2026-08-03T22:55:33.443946+00:00,7,Disney Hollywood Studios,5476,Slinky Dog Dash,True,75,2026-08-03T22:50:30.000Z
2026-08-03T22:55:33.637877+00:00,6,Disney Magic Kingdom,1184,A Pirate's Adventure ~ Treasures of the Seven Seas,False,0,2026-08-03T22:50:30.000Z
2026-08-03T22:55:33.637877+00:00,6,Disney Magic Kingdom,134,Jungle Cruise,True,50,2026-08-03T22:50:30.000Z
2026-08-03T22:55:33.637877+00:00,6,Disney Magic Kingdom,137,Pirates of the Caribbean,False,0,2026-08-03T22:50:30.000Z
2026-08-03T22:55:33.637877+00:00,6,Disney Magic Kingdom,355,Swiss Family Treehouse,True,5,2026-08-03T22:50:30.000Z
2026-08-03T22:55:33.637877+00:00,6,Disney Magic Kingdom,141,The Magic Carpets of Aladdin,True,20,2026-08-03T22:50:30.000Z
2026-08-03T22:55:33.637877+00:00,6,Disney Magic Kingdom,334,Walt Disney's Enchanted Tiki Room,True,10,2026-08-03T22:50:30.000Z
2026-08-03T22:55:33.637877+00:00,6,Disney Magic Kingdom,133,"""it's a small world""",True,5,2026-08-03T22:50:30.000Z
2026-08-03T22:55:33.637877+00:00,6,Disney Magic Kingdom,13764,Casey Jr. Splash 'N' Soak Station,False,0,2026-08-03T22:50:30.000Z
2026-08-03T22:55:33.637877+00:00,6,Disney Magic Kingdom,13763,Cinderella Castle,True,0,2026-08-03T22:50:30.000Z
2026-08-03T22:55:33.637877+00:00,6,Disney Magic Kingdom,132,Dumbo the Flying Elephant,True,15,2026-08-03T22:50:30.000Z
2026-08-03T22:55:33.637877+00:00,6,Disney Magic Kingdom,128,Enchanted Tales with Belle,True,20,2026-08-03T22:50:30.000Z
2026-08-03T22:55:33.637877+00:00,6,Disney Magic Kingdom,135,Mad Tea Party,True,10,2026-08-03T22:50:30.000Z
2026-08-03T22:55:33.637877+00:00,6,Disney Magic Kingdom,147,Meet Ariel at Her Grotto,True,30,2026-08-03T22:50:30.000Z
2026-08-03T22:55:33.637877+00:00,6,Disney Magic Kingdom,6700,Meet Cinderella and a Visiting Princess at Princess Fairytale Hall,True,40,2026-08-03T22:50:30.000Z
2026-08-03T22:55:33.637877+00:00,6,Disney Magic Kingdom,144,Meet Daring Disney Pals as Circus Stars at Pete's Silly Sideshow,True,30,2026-08-03T22:50:30.000Z
2026-08-03T22:55:33.637877+00:00,6,Disney Magic Kingdom,145,Meet Dashing Disney Pals as Circus Stars at Pete's Silly Sideshow,True,30,2026-08-03T22:50:30.000Z
2026-08-03T22:55:33.637877+00:00,6,Disney Magic Kingdom,6699,Meet Princess Tiana and a Visiting Princess at Princess Fairytale Hall,True,30,2026-08-03T22:50:30.000Z
2026-08-03T22:55:33.637877+00:00,6,Disney Magic Kingdom,171,Mickey's PhilharMagic,True,5,2026-08-03T22:50:30.000Z
2026-08-03T22:55:33.637877+00:00,6,Disney Magic Kingdom,136,Peter Pan's Flight,True,40,2026-08-03T22:50:30.000Z
2026-08-03T22:55:33.637877+00:00,6,Disney Magic Kingdom,161,Prince Charming Regal Carrousel,True,5,2026-08-03T22:50:30.000Z
2026-08-03T22:55:33.637877+00:00,6,Disney Magic Kingdom,129,Seven Dwarfs Mine Train,True,65,2026-08-03T22:50:30.000Z
2026-08-03T22:55:33.637877+00:00,6,Disney Magic Kingdom,126,The Barnstormer,True,25,2026-08-03T22:50:30.000Z
2026-08-03T22:55:33.637877+00:00,6,Disney Magic Kingdom,142,The Many Adventures of Winnie the Pooh,True,35,2026-08-03T22:50:30.000Z
2026-08-03T22:55:33.637877+00:00,6,Disney Magic Kingdom,127,Under the Sea - Journey of The Little Mermaid,True,10,2026-08-03T22:50:30.000Z
2026-08-03T22:55:33.637877+00:00,6,Disney Magic Kingdom,1181,Walt Disney World Railroad - Fantasyland,True,20,2026-08-03T22:50:30.000Z
2026-08-03T22:55:33.637877+00:00,6,Disney Magic Kingdom,130,Big Thunder Mountain Railroad,True,40,2026-08-03T22:50:30.000Z
2026-08-03T22:55:33.637877+00:00,6,Disney Magic Kingdom,1214,Country Bear Musical Jamboree,True,10,2026-08-03T22:50:30.000Z
2026-08-03T22:55:33.637877+00:00,6,Disney Magic Kingdom,13630,Tiana's Bayou Adventure,True,50,2026-08-03T22:50:30.000Z
2026-08-03T22:55:33.637877+00:00,6,Disney Magic Kingdom,140,Haunted Mansion,True,30,2026-08-03T22:50:30.000Z
2026-08-03T22:55:33.637877+00:00,6,Disney Magic Kingdom,356,The Hall of Presidents,True,15,2026-08-03T22:50:30.000Z
2026-08-03T22:55:33.637877+00:00,6,Disney Magic Kingdom,1188,Main Street Vehicles,False,0,2026-08-03T22:50:30.000Z
2026-08-03T22:55:33.637877+00:00,6,Disney Magic Kingdom,146,Meet Mickey at Town Square Theater,True,30,2026-08-03T22:50:30.000Z
2026-08-03T22:55:33.637877+00:00,6,Disney Magic Kingdom,1189,"Walt Disney World Railroad - Main Street, U.S.A.",True,20,2026-08-03T22:50:30.000Z
2026-08-03T22:55:33.637877+00:00,6,Disney Magic Kingdom,248,Astro Orbiter,True,15,2026-08-03T22:50:30.000Z
2026-08-03T22:55:33.637877+00:00,6,Disney Magic Kingdom,131,Buzz Lightyear’s Space Ranger Spin,True,45,2026-08-03T22:50:30.000Z
2026-08-03T22:55:33.637877+00:00,6,Disney Magic Kingdom,125,"Monsters, Inc. Laugh Floor",True,10,2026-08-03T22:50:30.000Z
2026-08-03T22:55:33.637877+00:00,6,Disney Magic Kingdom,138,Space Mountain,True,120,2026-08-03T22:50:30.000Z
2026-08-03T22:55:33.637877+00:00,6,Disney Magic Kingdom,143,Tomorrowland Speedway,True,15,2026-08-03T22:50:30.000Z
2026-08-03T22:55:33.637877+00:00,6,Disney Magic Kingdom,1190,Tomorrowland Transit Authority PeopleMover,True,10,2026-08-03T22:50:30.000Z
2026-08-03T22:55:33.637877+00:00,6,Disney Magic Kingdom,11527,TRON Lightcycle / Run,True,75,2026-08-03T22:50:30.000Z
2026-08-03T22:55:33.637877+00:00,6,Disney Magic Kingdom,457,Walt Disney's Carousel of Progress,False,0,2026-08-03T22:50:30.000Z
2026-08-03T22:55:33.637877+00:00,6,Disney Magic Kingdom,14927,Meet Mickey Mouse and Minnie Mouse at Mickey's Not-So-Scary Halloween Party,False,0,2026-08-03T22:50:30.000Z
2026-08-03T22:55:33.835415+00:00,5,Epcot,2495,Disney and Pixar Short Film Festival,True,0,2026-08-03T22:55:15.000Z
2026-08-03T22:55:33.835415+00:00,5,Epcot,155,Journey Into Imagination With Figment,True,15,2026-08-03T22:55:15.000Z
2026-08-03T22:55:33.835415+00:00,5,Epcot,13627,Meet Beloved Disney Pals at Mickey & Friends,True,30,2026-08-03T22:55:15.000Z
2026-08-03T22:55:33.835415+00:00,5,Epcot,159,Spaceship Earth,True,10,2026-08-03T22:55:15.000Z
2026-08-03T22:55:33.835415+00:00,5,Epcot,10916,Guardians of the Galaxy: Cosmic Rewind,True,105,2026-08-03T22:55:15.000Z
2026-08-03T22:55:33.835415+00:00,5,Epcot,158,Mission: SPACE,True,15,2026-08-03T22:55:15.000Z
2026-08-03T22:55:33.835415+00:00,5,Epcot,160,Test Track,True,90,2026-08-03T22:55:15.000Z
2026-08-03T22:55:33.835415+00:00,5,Epcot,10900,Test Track Presented by Chevrolet Single Rider,True,0,2026-08-03T22:55:15.000Z
2026-08-03T22:55:33.835415+00:00,5,Epcot,7323,Awesome Planet,True,0,2026-08-03T22:55:15.000Z
2026-08-03T22:55:33.835415+00:00,5,Epcot,12387,"Journey of Water, Inspired by Moana",True,0,2026-08-03T22:55:15.000Z
2026-08-03T22:55:33.835415+00:00,5,Epcot,156,Living with the Land,True,5,2026-08-03T22:55:15.000Z
2026-08-03T22:55:33.835415+00:00,5,Epcot,13782,SeaBase Aquarium,True,0,2026-08-03T22:55:15.000Z
2026-08-03T22:55:33.835415+00:00,5,Epcot,16467,Soarin' Across America,True,30,2026-08-03T22:55:15.000Z
2026-08-03T22:55:33.835415+00:00,5,Epcot,153,The Seas with Nemo & Friends,True,5,2026-08-03T22:55:15.000Z
2026-08-03T22:55:33.835415+00:00,5,Epcot,152,Turtle Talk With Crush,True,15,2026-08-03T22:55:15.000Z
2026-08-03T22:55:33.835415+00:00,5,Epcot,829,Canada Far and Wide in Circle-Vision 360,True,15,2026-08-03T22:55:15.000Z
2026-08-03T22:55:33.835415+00:00,5,Epcot,2679,Frozen Ever After,True,65,2026-08-03T22:55:15.000Z
2026-08-03T22:55:33.835415+00:00,5,Epcot,466,Gran Fiesta Tour Starring The Three Caballeros,True,5,2026-08-03T22:55:15.000Z
2026-08-03T22:55:33.835415+00:00,5,Epcot,6701,Meet Anna and Elsa at Royal Sommerhus,False,0,2026-08-03T22:55:15.000Z
2026-08-03T22:55:33.835415+00:00,5,Epcot,10914,Remy's Ratatouille Adventure,True,60,2026-08-03T22:55:15.000Z
2026-08-03T22:55:33.835415+00:00,5,Epcot,10915,Remy's Ratatouille Adventure Single Rider,True,0,2026-08-03T22:55:15.000Z
2026-08-04T02:01:04.045366+00:00,8,Animal Kingdom,657,Festival of the Lion King,True,0,2026-08-04T02:00:33.000Z
2026-08-04T02:01:04.045366+00:00,8,Animal Kingdom,651,Gorilla Falls Exploration Trail,False,0,2026-08-04T02:00:33.000Z
2026-08-04T02:01:04.045366+00:00,8,Animal Kingdom,113,Kilimanjaro Safaris,False,0,2026-08-04T02:00:33.000Z
2026-08-04T02:01:04.045366+00:00,8,Animal Kingdom,655,Wildlife Express Train,False,0,2026-08-04T02:00:33.000Z
2026-08-04T02:01:04.045366+00:00,8,Animal Kingdom,110,Expedition Everest - Legend of the Forbidden Mountain,False,0,2026-08-04T02:00:33.000Z
2026-08-04T02:01:04.045366+00:00,8,Animal Kingdom,14533,Expedition Everest - Legend of the Forbidden Mountain Single Rider,False,0,2026-08-04T02:00:33.000Z
2026-08-04T02:01:04.045366+00:00,8,Animal Kingdom,10921,Feathered Friends in Flight!,True,0,2026-08-04T02:00:33.000Z
2026-08-04T02:01:04.045366+00:00,8,Animal Kingdom,112,Kali River Rapids,False,0,2026-08-04T02:00:33.000Z
2026-08-04T02:01:04.045366+00:00,8,Animal Kingdom,13806,Animal Care at Conservation Station,False,0,2026-08-04T02:00:33.000Z
2026-08-04T02:01:04.045366+00:00,8,Animal Kingdom,16545,Bluey's Wild World at Conservation Station,False,0,2026-08-04T02:00:33.000Z
2026-08-04T02:01:04.045366+00:00,8,Animal Kingdom,10920,Finding Nemo: The Big Blue... and Beyond!,True,0,2026-08-04T02:00:33.000Z
2026-08-04T02:01:04.045366+00:00,8,Animal Kingdom,13811,Discovery Island Trails,False,0,2026-08-04T02:00:33.000Z
2026-08-04T02:01:04.045366+00:00,8,Animal Kingdom,116,Meet Favorite Disney Pals at Adventurers Outpost,False,0,2026-08-04T02:00:33.000Z
2026-08-04T02:01:04.045366+00:00,8,Animal Kingdom,12451,Meet Moana at Character Landing,False,0,2026-08-04T02:00:33.000Z
2026-08-04T02:01:04.045366+00:00,8,Animal Kingdom,13751,Tree of Life,True,0,2026-08-04T02:00:33.000Z
2026-08-04T02:01:04.045366+00:00,8,Animal Kingdom,14943,Zootopia: Better Zoogether!,False,0,2026-08-04T02:00:33.000Z
2026-08-04T02:01:04.045366+00:00,8,Animal Kingdom,4439,Avatar Flight of Passage,False,0,2026-08-04T02:00:33.000Z
2026-08-04T02:01:04.045366+00:00,8,Animal Kingdom,4438,Na'vi River Journey,False,0,2026-08-04T02:00:33.000Z
2026-08-04T02:01:04.045366+00:00,8,Animal Kingdom,13812,The Oasis Exhibits,False,0,2026-08-04T02:00:33.000Z
2026-08-04T02:01:04.045366+00:00,8,Animal Kingdom,13808,Wilderness Explorers,False,0,2026-08-04T02:00:33.000Z
2026-08-04T02:01:04.152658+00:00,7,Disney Hollywood Studios,16641,Disney Jr. Mickey Mouse Clubhouse Live!,True,0,2026-08-04T02:00:25.000Z
2026-08-04T02:01:04.152658+00:00,7,Disney Hollywood Studios,12430,Meet Ariel at Walt Disney Presents,False,0,2026-08-04T02:00:25.000Z
2026-08-04T02:01:04.152658+00:00,7,Disney Hollywood Studios,14859,The Little Mermaid – A Musical Adventure,True,0,2026-08-04T02:00:25.000Z
2026-08-04T02:01:04.152658+00:00,7,Disney Hollywood Studios,5145,Walt Disney Presents,False,0,2026-08-04T02:00:25.000Z
2026-08-04T02:01:04.152658+00:00,7,Disney Hollywood Studios,6704,Meet Disney Stars at Red Carpet Dreams,False,0,2026-08-04T02:00:25.000Z
2026-08-04T02:01:04.152658+00:00,7,Disney Hollywood Studios,1174,For the First Time in Forever: A Frozen Sing-Along Celebration,True,0,2026-08-04T02:00:25.000Z
2026-08-04T02:01:04.152658+00:00,7,Disney Hollywood Studios,6702,Indiana Jones™ Epic Stunt Spectacular!,True,0,2026-08-04T02:00:25.000Z
2026-08-04T02:01:04.152658+00:00,7,Disney Hollywood Studios,6703,Meet Olaf at Celebrity Spotlight,False,0,2026-08-04T02:00:25.000Z
2026-08-04T02:01:04.152658+00:00,7,Disney Hollywood Studios,120,Star Tours – The Adventures Continue,False,0,2026-08-04T02:00:25.000Z
2026-08-04T02:01:04.152658+00:00,7,Disney Hollywood Studios,7333,Vacation Fun - An Original Animated Short with Mickey & Minnie,False,0,2026-08-04T02:00:25.000Z
2026-08-04T02:01:04.152658+00:00,7,Disney Hollywood Studios,6361,Mickey & Minnie's Runaway Railway,False,0,2026-08-04T02:00:25.000Z
2026-08-04T02:01:04.152658+00:00,7,Disney Hollywood Studios,12425,Meet Edna Mode at the Edna Mode Experience,False,0,2026-08-04T02:00:25.000Z
2026-08-04T02:01:04.152658+00:00,7,Disney Hollywood Studios,117,Toy Story Mania!,False,0,2026-08-04T02:00:25.000Z
2026-08-04T02:01:04.152658+00:00,7,Disney Hollywood Studios,6368,Millennium Falcon: Smugglers Run,False,0,2026-08-04T02:00:25.000Z
2026-08-04T02:01:04.152658+00:00,7,Disney Hollywood Studios,10902,Millennium Falcon: Smugglers Run Single Rider,False,0,2026-08-04T02:00:25.000Z
2026-08-04T02:01:04.152658+00:00,7,Disney Hollywood Studios,6369,Star Wars: Rise of the Resistance,False,0,2026-08-04T02:00:25.000Z
2026-08-04T02:01:04.152658+00:00,7,Disney Hollywood Studios,14531,Star Wars: Rise of the Resistance Single Rider,False,0,2026-08-04T02:00:25.000Z
2026-08-04T02:01:04.152658+00:00,7,Disney Hollywood Studios,1176,Beauty and the Beast – Live on Stage,True,0,2026-08-04T02:00:25.000Z
2026-08-04T02:01:04.152658+00:00,7,Disney Hollywood Studios,16343,Rock 'n' Roller Coaster Starring Aerosmith Single Rider,False,0,2026-08-04T02:00:25.000Z
2026-08-04T02:01:04.152658+00:00,7,Disney Hollywood Studios,16342,Rock ’n’ Roller Coaster Starring The Muppets,False,0,2026-08-04T02:00:25.000Z
2026-08-04T02:01:04.152658+00:00,7,Disney Hollywood Studios,123,The Twilight Zone™ Tower of Terror,False,0,2026-08-04T02:00:25.000Z
2026-08-04T02:01:04.152658+00:00,7,Disney Hollywood Studios,5477,Alien Swirling Saucers,False,0,2026-08-04T02:00:25.000Z
2026-08-04T02:01:04.152658+00:00,7,Disney Hollywood Studios,5476,Slinky Dog Dash,False,0,2026-08-04T02:00:25.000Z
2026-08-04T02:01:04.255696+00:00,6,Disney Magic Kingdom,1184,A Pirate's Adventure ~ Treasures of the Seven Seas,False,0,2026-08-04T02:00:24.000Z
2026-08-04T02:01:04.255696+00:00,6,Disney Magic Kingdom,134,Jungle Cruise,True,5,2026-08-04T02:00:24.000Z
2026-08-04T02:01:04.255696+00:00,6,Disney Magic Kingdom,137,Pirates of the Caribbean,True,5,2026-08-04T02:00:24.000Z
2026-08-04T02:01:04.255696+00:00,6,Disney Magic Kingdom,355,Swiss Family Treehouse,True,5,2026-08-04T02:00:24.000Z
2026-08-04T02:01:04.255696+00:00,6,Disney Magic Kingdom,141,The Magic Carpets of Aladdin,True,10,2026-08-04T02:00:24.000Z
2026-08-04T02:01:04.255696+00:00,6,Disney Magic Kingdom,334,Walt Disney's Enchanted Tiki Room,True,10,2026-08-04T02:00:24.000Z
2026-08-04T02:01:04.255696+00:00,6,Disney Magic Kingdom,133,"""it's a small world""",True,5,2026-08-04T02:00:24.000Z
2026-08-04T02:01:04.255696+00:00,6,Disney Magic Kingdom,13764,Casey Jr. Splash 'N' Soak Station,False,0,2026-08-04T02:00:24.000Z
2026-08-04T02:01:04.255696+00:00,6,Disney Magic Kingdom,13763,Cinderella Castle,True,0,2026-08-04T02:00:24.000Z
2026-08-04T02:01:04.255696+00:00,6,Disney Magic Kingdom,132,Dumbo the Flying Elephant,True,5,2026-08-04T02:00:24.000Z
2026-08-04T02:01:04.255696+00:00,6,Disney Magic Kingdom,128,Enchanted Tales with Belle,False,0,2026-08-04T02:00:24.000Z
2026-08-04T02:01:04.255696+00:00,6,Disney Magic Kingdom,135,Mad Tea Party,True,5,2026-08-04T02:00:24.000Z
2026-08-04T02:01:04.255696+00:00,6,Disney Magic Kingdom,147,Meet Ariel at Her Grotto,False,0,2026-08-04T02:00:24.000Z
2026-08-04T02:01:04.255696+00:00,6,Disney Magic Kingdom,6700,Meet Cinderella and a Visiting Princess at Princess Fairytale Hall,False,0,2026-08-04T02:00:24.000Z
2026-08-04T02:01:04.255696+00:00,6,Disney Magic Kingdom,144,Meet Daring Disney Pals as Circus Stars at Pete's Silly Sideshow,False,0,2026-08-04T02:00:24.000Z
2026-08-04T02:01:04.255696+00:00,6,Disney Magic Kingdom,145,Meet Dashing Disney Pals as Circus Stars at Pete's Silly Sideshow,False,0,2026-08-04T02:00:24.000Z
2026-08-04T02:01:04.255696+00:00,6,Disney Magic Kingdom,6699,Meet Princess Tiana and a Visiting Princess at Princess Fairytale Hall,False,0,2026-08-04T02:00:24.000Z
2026-08-04T02:01:04.255696+00:00,6,Disney Magic Kingdom,171,Mickey's PhilharMagic,True,10,2026-08-04T02:00:24.000Z
2026-08-04T02:01:04.255696+00:00,6,Disney Magic Kingdom,136,Peter Pan's Flight,True,30,2026-08-04T02:00:24.000Z
2026-08-04T02:01:04.255696+00:00,6,Disney Magic Kingdom,161,Prince Charming Regal Carrousel,False,0,2026-08-04T02:00:24.000Z
2026-08-04T02:01:04.255696+00:00,6,Disney Magic Kingdom,129,Seven Dwarfs Mine Train,True,30,2026-08-04T02:00:24.000Z
2026-08-04T02:01:04.255696+00:00,6,Disney Magic Kingdom,126,The Barnstormer,True,5,2026-08-04T02:00:24.000Z
2026-08-04T02:01:04.255696+00:00,6,Disney Magic Kingdom,142,The Many Adventures of Winnie the Pooh,True,20,2026-08-04T02:00:24.000Z
2026-08-04T02:01:04.255696+00:00,6,Disney Magic Kingdom,127,Under the Sea - Journey of The Little Mermaid,True,5,2026-08-04T02:00:24.000Z
2026-08-04T02:01:04.255696+00:00,6,Disney Magic Kingdom,1181,Walt Disney World Railroad - Fantasyland,False,0,2026-08-04T02:00:24.000Z
2026-08-04T02:01:04.255696+00:00,6,Disney Magic Kingdom,130,Big Thunder Mountain Railroad,True,15,2026-08-04T02:00:24.000Z
2026-08-04T02:01:04.255696+00:00,6,Disney Magic Kingdom,1214,Country Bear Musical Jamboree,True,10,2026-08-04T02:00:24.000Z
2026-08-04T02:01:04.255696+00:00,6,Disney Magic Kingdom,13630,Tiana's Bayou Adventure,True,10,2026-08-04T02:00:24.000Z
2026-08-04T02:01:04.255696+00:00,6,Disney Magic Kingdom,140,Haunted Mansion,True,13,2026-08-04T02:00:24.000Z
2026-08-04T02:01:04.255696+00:00,6,Disney Magic Kingdom,356,The Hall of Presidents,False,0,2026-08-04T02:00:24.000Z
2026-08-04T02:01:04.255696+00:00,6,Disney Magic Kingdom,1188,Main Street Vehicles,False,0,2026-08-04T02:00:24.000Z
2026-08-04T02:01:04.255696+00:00,6,Disney Magic Kingdom,146,Meet Mickey at Town Square Theater,True,5,2026-08-04T02:00:24.000Z
2026-08-04T02:01:04.255696+00:00,6,Disney Magic Kingdom,1189,"Walt Disney World Railroad - Main Street, U.S.A.",False,0,2026-08-04T02:00:24.000Z
2026-08-04T02:01:04.255696+00:00,6,Disney Magic Kingdom,248,Astro Orbiter,True,20,2026-08-04T02:00:24.000Z
2026-08-04T02:01:04.255696+00:00,6,Disney Magic Kingdom,131,Buzz Lightyear’s Space Ranger Spin,True,20,2026-08-04T02:00:24.000Z
2026-08-04T02:01:04.255696+00:00,6,Disney Magic Kingdom,125,"Monsters, Inc. Laugh Floor",False,0,2026-08-04T02:00:24.000Z
2026-08-04T02:01:04.255696+00:00,6,Disney Magic Kingdom,138,Space Mountain,True,70,2026-08-04T02:00:24.000Z
2026-08-04T02:01:04.255696+00:00,6,Disney Magic Kingdom,143,Tomorrowland Speedway,True,5,2026-08-04T02:00:24.000Z
2026-08-04T02:01:04.255696+00:00,6,Disney Magic Kingdom,1190,Tomorrowland Transit Authority PeopleMover,True,5,2026-08-04T02:00:24.000Z
2026-08-04T02:01:04.255696+00:00,6,Disney Magic Kingdom,11527,TRON Lightcycle / Run,True,80,2026-08-04T02:00:24.000Z
2026-08-04T02:01:04.255696+00:00,6,Disney Magic Kingdom,457,Walt Disney's Carousel of Progress,False,0,2026-08-04T02:00:24.000Z
2026-08-04T02:01:04.255696+00:00,6,Disney Magic Kingdom,14927,Meet Mickey Mouse and Minnie Mouse at Mickey's Not-So-Scary Halloween Party,False,0,2026-08-04T02:00:24.000Z
2026-08-04T02:01:04.357236+00:00,5,Epcot,2495,Disney and Pixar Short Film Festival,False,0,2026-08-04T02:00:21.000Z
2026-08-04T02:01:04.357236+00:00,5,Epcot,155,Journey Into Imagination With Figment,False,0,2026-08-04T02:00:21.000Z
2026-08-04T02:01:04.357236+00:00,5,Epcot,13627,Meet Beloved Disney Pals at Mickey & Friends,False,0,2026-08-04T02:00:21.000Z
2026-08-04T02:01:04.357236+00:00,5,Epcot,159,Spaceship Earth,True,5,2026-08-04T02:00:21.000Z
2026-08-04T02:01:04.357236+00:00,5,Epcot,10916,Guardians of the Galaxy: Cosmic Rewind,True,90,2026-08-04T02:00:21.000Z
2026-08-04T02:01:04.357236+00:00,5,Epcot,158,Mission: SPACE,True,15,2026-08-04T02:00:21.000Z
2026-08-04T02:01:04.357236+00:00,5,Epcot,160,Test Track,True,95,2026-08-04T02:00:21.000Z
2026-08-04T02:01:04.357236+00:00,5,Epcot,10900,Test Track Presented by Chevrolet Single Rider,True,0,2026-08-04T02:00:21.000Z
2026-08-04T02:01:04.357236+00:00,5,Epcot,7323,Awesome Planet,False,0,2026-08-04T02:00:21.000Z
2026-08-04T02:01:04.357236+00:00,5,Epcot,12387,"Journey of Water, Inspired by Moana",True,0,2026-08-04T02:00:21.000Z
2026-08-04T02:01:04.357236+00:00,5,Epcot,156,Living with the Land,False,0,2026-08-04T02:00:21.000Z
2026-08-04T02:01:04.357236+00:00,5,Epcot,13782,SeaBase Aquarium,True,0,2026-08-04T02:00:21.000Z
2026-08-04T02:01:04.357236+00:00,5,Epcot,16467,Soarin' Across America,True,25,2026-08-04T02:00:21.000Z
2026-08-04T02:01:04.357236+00:00,5,Epcot,153,The Seas with Nemo & Friends,True,5,2026-08-04T02:00:21.000Z
2026-08-04T02:01:04.357236+00:00,5,Epcot,152,Turtle Talk With Crush,False,0,2026-08-04T02:00:21.000Z
2026-08-04T02:01:04.357236+00:00,5,Epcot,829,Canada Far and Wide in Circle-Vision 360,False,0,2026-08-04T02:00:21.000Z
2026-08-04T02:01:04.357236+00:00,5,Epcot,2679,Frozen Ever After,True,40,2026-08-04T02:00:21.000Z
2026-08-04T02:01:04.357236+00:00,5,Epcot,466,Gran Fiesta Tour Starring The Three Caballeros,True,5,2026-08-04T02:00:21.000Z
2026-08-04T02:01:04.357236+00:00,5,Epcot,6701,Meet Anna and Elsa at Royal Sommerhus,False,0,2026-08-04T02:00:21.000Z
2026-08-04T02:01:04.357236+00:00,5,Epcot,10914,Remy's Ratatouille Adventure,True,40,2026-08-04T02:00:21.000Z
2026-08-04T02:01:04.357236+00:00,5,Epcot,10915,Remy's Ratatouille Adventure Single Rider,True,0,2026-08-04T02:00:21.000Z
2026-08-04T13:58:04.041269+00:00,8,Animal Kingdom,657,Festival of the Lion King,True,0,2026-08-04T13:55:31.000Z
2026-08-04T13:58:04.041269+00:00,8,Animal Kingdom,651,Gorilla Falls Exploration Trail,True,5,2026-08-04T13:55:31.000Z
2026-08-04T13:58:04.041269+00:00,8,Animal Kingdom,113,Kilimanjaro Safaris,True,40,2026-08-04T13:55:31.000Z
2026-08-04T13:58:04.041269+00:00,8,Animal Kingdom,655,Wildlife Express Train,True,5,2026-08-04T13:55:31.000Z
2026-08-04T13:58:04.041269+00:00,8,Animal Kingdom,110,Expedition Everest - Legend of the Forbidden Mountain,True,30,2026-08-04T13:55:31.000Z
2026-08-04T13:58:04.041269+00:00,8,Animal Kingdom,14533,Expedition Everest - Legend of the Forbidden Mountain Single Rider,True,0,2026-08-04T13:55:31.000Z
2026-08-04T13:58:04.041269+00:00,8,Animal Kingdom,10921,Feathered Friends in Flight!,True,0,2026-08-04T13:55:31.000Z
2026-08-04T13:58:04.041269+00:00,8,Animal Kingdom,112,Kali River Rapids,True,5,2026-08-04T13:55:31.000Z
2026-08-04T13:58:04.041269+00:00,8,Animal Kingdom,13806,Animal Care at Conservation Station,True,0,2026-08-04T13:55:31.000Z
2026-08-04T13:58:04.041269+00:00,8,Animal Kingdom,16545,Bluey's Wild World at Conservation Station,True,20,2026-08-04T13:55:31.000Z
2026-08-04T13:58:04.041269+00:00,8,Animal Kingdom,10920,Finding Nemo: The Big Blue... and Beyond!,True,0,2026-08-04T13:55:31.000Z
2026-08-04T13:58:04.041269+00:00,8,Animal Kingdom,13811,Discovery Island Trails,True,0,2026-08-04T13:55:31.000Z
2026-08-04T13:58:04.041269+00:00,8,Animal Kingdom,116,Meet Favorite Disney Pals at Adventurers Outpost,True,20,2026-08-04T13:55:31.000Z
2026-08-04T13:58:04.041269+00:00,8,Animal Kingdom,12451,Meet Moana at Character Landing,True,0,2026-08-04T13:55:31.000Z
2026-08-04T13:58:04.041269+00:00,8,Animal Kingdom,13751,Tree of Life,True,0,2026-08-04T13:55:31.000Z
2026-08-04T13:58:04.041269+00:00,8,Animal Kingdom,14943,Zootopia: Better Zoogether!,True,10,2026-08-04T13:55:31.000Z
2026-08-04T13:58:04.041269+00:00,8,Animal Kingdom,4439,Avatar Flight of Passage,True,75,2026-08-04T13:55:31.000Z
2026-08-04T13:58:04.041269+00:00,8,Animal Kingdom,4438,Na'vi River Journey,True,50,2026-08-04T13:55:31.000Z
2026-08-04T13:58:04.041269+00:00,8,Animal Kingdom,13812,The Oasis Exhibits,True,0,2026-08-04T13:55:31.000Z
2026-08-04T13:58:04.041269+00:00,8,Animal Kingdom,13808,Wilderness Explorers,True,0,2026-08-04T13:55:31.000Z
2026-08-04T13:58:04.146516+00:00,7,Disney Hollywood Studios,16641,Disney Jr. Mickey Mouse Clubhouse Live!,True,0,2026-08-04T13:55:31.000Z
2026-08-04T13:58:04.146516+00:00,7,Disney Hollywood Studios,12430,Meet Ariel at Walt Disney Presents,True,0,2026-08-04T13:55:31.000Z
2026-08-04T13:58:04.146516+00:00,7,Disney Hollywood Studios,14859,The Little Mermaid – A Musical Adventure,True,0,2026-08-04T13:55:31.000Z
2026-08-04T13:58:04.146516+00:00,7,Disney Hollywood Studios,5145,Walt Disney Presents,True,0,2026-08-04T13:55:31.000Z
2026-08-04T13:58:04.146516+00:00,7,Disney Hollywood Studios,6704,Meet Disney Stars at Red Carpet Dreams,True,50,2026-08-04T13:55:31.000Z
2026-08-04T13:58:04.146516+00:00,7,Disney Hollywood Studios,1174,For the First Time in Forever: A Frozen Sing-Along Celebration,True,0,2026-08-04T13:55:31.000Z
2026-08-04T13:58:04.146516+00:00,7,Disney Hollywood Studios,6702,Indiana Jones™ Epic Stunt Spectacular!,True,0,2026-08-04T13:55:31.000Z
2026-08-04T13:58:04.146516+00:00,7,Disney Hollywood Studios,6703,Meet Olaf at Celebrity Spotlight,True,30,2026-08-04T13:55:31.000Z
2026-08-04T13:58:04.146516+00:00,7,Disney Hollywood Studios,120,Star Tours – The Adventures Continue,True,10,2026-08-04T13:55:31.000Z
2026-08-04T13:58:04.146516+00:00,7,Disney Hollywood Studios,7333,Vacation Fun - An Original Animated Short with Mickey & Minnie,True,10,2026-08-04T13:55:31.000Z
2026-08-04T13:58:04.146516+00:00,7,Disney Hollywood Studios,6361,Mickey & Minnie's Runaway Railway,True,55,2026-08-04T13:55:31.000Z
2026-08-04T13:58:04.146516+00:00,7,Disney Hollywood Studios,12425,Meet Edna Mode at the Edna Mode Experience,True,0,2026-08-04T13:55:31.000Z
2026-08-04T13:58:04.146516+00:00,7,Disney Hollywood Studios,117,Toy Story Mania!,True,50,2026-08-04T13:55:31.000Z
2026-08-04T13:58:04.146516+00:00,7,Disney Hollywood Studios,6368,Millennium Falcon: Smugglers Run,True,40,2026-08-04T13:55:31.000Z
2026-08-04T13:58:04.146516+00:00,7,Disney Hollywood Studios,10902,Millennium Falcon: Smugglers Run Single Rider,True,0,2026-08-04T13:55:31.000Z
2026-08-04T13:58:04.146516+00:00,7,Disney Hollywood Studios,6369,Star Wars: Rise of the Resistance,False,0,2026-08-04T13:55:31.000Z
2026-08-04T13:58:04.146516+00:00,7,Disney Hollywood Studios,14531,Star Wars: Rise of the Resistance Single Rider,False,0,2026-08-04T13:55:31.000Z
2026-08-04T13:58:04.146516+00:00,7,Disney Hollywood Studios,1176,Beauty and the Beast – Live on Stage,True,0,2026-08-04T13:55:31.000Z
2026-08-04T13:58:04.146516+00:00,7,Disney Hollywood Studios,16343,Rock 'n' Roller Coaster Starring Aerosmith Single Rider,True,0,2026-08-04T13:55:31.000Z
2026-08-04T13:58:04.146516+00:00,7,Disney Hollywood Studios,16342,Rock ’n’ Roller Coaster Starring The Muppets,True,65,2026-08-04T13:55:31.000Z
2026-08-04T13:58:04.146516+00:00,7,Disney Hollywood Studios,123,The Twilight Zone™ Tower of Terror,True,25,2026-08-04T13:55:31.000Z
2026-08-04T13:58:04.146516+00:00,7,Disney Hollywood Studios,5477,Alien Swirling Saucers,True,35,2026-08-04T13:55:31.000Z
2026-08-04T13:58:04.146516+00:00,7,Disney Hollywood Studios,5476,Slinky Dog Dash,True,60,2026-08-04T13:55:31.000Z
2026-08-04T13:58:04.260334+00:00,6,Disney Magic Kingdom,1184,A Pirate's Adventure ~ Treasures of the Seven Seas,False,0,2026-08-04T13:55:20.000Z
2026-08-04T13:58:04.260334+00:00,6,Disney Magic Kingdom,134,Jungle Cruise,True,35,2026-08-04T13:55:20.000Z
2026-08-04T13:58:04.260334+00:00,6,Disney Magic Kingdom,137,Pirates of the Caribbean,True,5,2026-08-04T13:55:20.000Z
2026-08-04T13:58:04.260334+00:00,6,Disney Magic Kingdom,355,Swiss Family Treehouse,True,5,2026-08-04T13:55:20.000Z
2026-08-04T13:58:04.260334+00:00,6,Disney Magic Kingdom,141,The Magic Carpets of Aladdin,True,10,2026-08-04T13:55:20.000Z
2026-08-04T13:58:04.260334+00:00,6,Disney Magic Kingdom,334,Walt Disney's Enchanted Tiki Room,True,10,2026-08-04T13:55:20.000Z
2026-08-04T13:58:04.260334+00:00,6,Disney Magic Kingdom,133,"""it's a small world""",True,10,2026-08-04T13:55:20.000Z
2026-08-04T13:58:04.260334+00:00,6,Disney Magic Kingdom,13764,Casey Jr. Splash 'N' Soak Station,True,0,2026-08-04T13:55:20.000Z
2026-08-04T13:58:04.260334+00:00,6,Disney Magic Kingdom,13763,Cinderella Castle,True,0,2026-08-04T13:55:20.000Z
2026-08-04T13:58:04.260334+00:00,6,Disney Magic Kingdom,132,Dumbo the Flying Elephant,True,10,2026-08-04T13:55:20.000Z
2026-08-04T13:58:04.260334+00:00,6,Disney Magic Kingdom,128,Enchanted Tales with Belle,False,0,2026-08-04T13:55:20.000Z
2026-08-04T13:58:04.260334+00:00,6,Disney Magic Kingdom,135,Mad Tea Party,True,5,2026-08-04T13:55:20.000Z
2026-08-04T13:58:04.260334+00:00,6,Disney Magic Kingdom,147,Meet Ariel at Her Grotto,False,0,2026-08-04T13:55:20.000Z
2026-08-04T13:58:04.260334+00:00,6,Disney Magic Kingdom,6700,Meet Cinderella and a Visiting Princess at Princess Fairytale Hall,True,15,2026-08-04T13:55:20.000Z
2026-08-04T13:58:04.260334+00:00,6,Disney Magic Kingdom,144,Meet Daring Disney Pals as Circus Stars at Pete's Silly Sideshow,False,0,2026-08-04T13:55:20.000Z
2026-08-04T13:58:04.260334+00:00,6,Disney Magic Kingdom,145,Meet Dashing Disney Pals as Circus Stars at Pete's Silly Sideshow,False,0,2026-08-04T13:55:20.000Z
2026-08-04T13:58:04.260334+00:00,6,Disney Magic Kingdom,6699,Meet Princess Tiana and a Visiting Princess at Princess Fairytale Hall,True,20,2026-08-04T13:55:20.000Z
2026-08-04T13:58:04.260334+00:00,6,Disney Magic Kingdom,171,Mickey's PhilharMagic,True,15,2026-08-04T13:55:20.000Z
2026-08-04T13:58:04.260334+00:00,6,Disney Magic Kingdom,136,Peter Pan's Flight,True,35,2026-08-04T13:55:20.000Z
2026-08-04T13:58:04.260334+00:00,6,Disney Magic Kingdom,161,Prince Charming Regal Carrousel,True,10,2026-08-04T13:55:20.000Z
2026-08-04T13:58:04.260334+00:00,6,Disney Magic Kingdom,129,Seven Dwarfs Mine Train,True,50,2026-08-04T13:55:20.000Z
2026-08-04T13:58:04.260334+00:00,6,Disney Magic Kingdom,126,The Barnstormer,True,15,2026-08-04T13:55:20.000Z
2026-08-04T13:58:04.260334+00:00,6,Disney Magic Kingdom,142,The Many Adventures of Winnie the Pooh,True,15,2026-08-04T13:55:20.000Z
2026-08-04T13:58:04.260334+00:00,6,Disney Magic Kingdom,127,Under the Sea - Journey of The Little Mermaid,True,10,2026-08-04T13:55:20.000Z
2026-08-04T13:58:04.260334+00:00,6,Disney Magic Kingdom,1181,Walt Disney World Railroad - Fantasyland,True,20,2026-08-04T13:55:20.000Z
2026-08-04T13:58:04.260334+00:00,6,Disney Magic Kingdom,130,Big Thunder Mountain Railroad,True,35,2026-08-04T13:55:20.000Z
2026-08-04T13:58:04.260334+00:00,6,Disney Magic Kingdom,1214,Country Bear Musical Jamboree,True,10,2026-08-04T13:55:20.000Z
2026-08-04T13:58:04.260334+00:00,6,Disney Magic Kingdom,13630,Tiana's Bayou Adventure,True,50,2026-08-04T13:55:20.000Z
2026-08-04T13:58:04.260334+00:00,6,Disney Magic Kingdom,140,Haunted Mansion,False,0,2026-08-04T13:55:20.000Z
2026-08-04T13:58:04.260334+00:00,6,Disney Magic Kingdom,356,The Hall of Presidents,False,0,2026-08-04T13:55:20.000Z
2026-08-04T13:58:04.260334+00:00,6,Disney Magic Kingdom,1188,Main Street Vehicles,True,0,2026-08-04T13:55:20.000Z
2026-08-04T13:58:04.260334+00:00,6,Disney Magic Kingdom,146,Meet Mickey at Town Square Theater,True,30,2026-08-04T13:55:20.000Z
2026-08-04T13:58:04.260334+00:00,6,Disney Magic Kingdom,1189,"Walt Disney World Railroad - Main Street, U.S.A.",True,20,2026-08-04T13:55:20.000Z
2026-08-04T13:58:04.260334+00:00,6,Disney Magic Kingdom,248,Astro Orbiter,True,40,2026-08-04T13:55:20.000Z
2026-08-04T13:58:04.260334+00:00,6,Disney Magic Kingdom,131,Buzz Lightyear’s Space Ranger Spin,False,0,2026-08-04T13:55:20.000Z
2026-08-04T13:58:04.260334+00:00,6,Disney Magic Kingdom,125,"Monsters, Inc. Laugh Floor",True,10,2026-08-04T13:55:20.000Z
2026-08-04T13:58:04.260334+00:00,6,Disney Magic Kingdom,138,Space Mountain,True,70,2026-08-04T13:55:20.000Z
2026-08-04T13:58:04.260334+00:00,6,Disney Magic Kingdom,143,Tomorrowland Speedway,True,20,2026-08-04T13:55:20.000Z
2026-08-04T13:58:04.260334+00:00,6,Disney Magic Kingdom,1190,Tomorrowland Transit Authority PeopleMover,True,5,2026-08-04T13:55:20.000Z
2026-08-04T13:58:04.260334+00:00,6,Disney Magic Kingdom,11527,TRON Lightcycle / Run,True,65,2026-08-04T13:55:20.000Z
2026-08-04T13:58:04.260334+00:00,6,Disney Magic Kingdom,457,Walt Disney's Carousel of Progress,False,0,2026-08-04T13:55:20.000Z
2026-08-04T13:58:04.260334+00:00,6,Disney Magic Kingdom,14927,Meet Mickey Mouse and Minnie Mouse at Mickey's Not-So-Scary Halloween Party,False,0,2026-08-04T13:55:20.000Z
2026-08-04T13:58:04.369385+00:00,5,Epcot,2495,Disney and Pixar Short Film Festival,True,0,2026-08-04T13:55:18.000Z
2026-08-04T13:58:04.369385+00:00,5,Epcot,155,Journey Into Imagination With Figment,True,5,2026-08-04T13:55:18.000Z
2026-08-04T13:58:04.369385+00:00,5,Epcot,13627,Meet Beloved Disney Pals at Mickey & Friends,True,25,2026-08-04T13:55:18.000Z
2026-08-04T13:58:04.369385+00:00,5,Epcot,159,Spaceship Earth,True,20,2026-08-04T13:55:18.000Z
2026-08-04T13:58:04.369385+00:00,5,Epcot,10916,Guardians of the Galaxy: Cosmic Rewind,True,80,2026-08-04T13:55:18.000Z
2026-08-04T13:58:04.369385+00:00,5,Epcot,158,Mission: SPACE,True,15,2026-08-04T13:55:18.000Z
2026-08-04T13:58:04.369385+00:00,5,Epcot,160,Test Track,True,85,2026-08-04T13:55:18.000Z
2026-08-04T13:58:04.369385+00:00,5,Epcot,10900,Test Track Presented by Chevrolet Single Rider,True,0,2026-08-04T13:55:18.000Z
2026-08-04T13:58:04.369385+00:00,5,Epcot,7323,Awesome Planet,True,0,2026-08-04T13:55:18.000Z
2026-08-04T13:58:04.369385+00:00,5,Epcot,12387,"Journey of Water, Inspired by Moana",True,0,2026-08-04T13:55:18.000Z
2026-08-04T13:58:04.369385+00:00,5,Epcot,156,Living with the Land,True,5,2026-08-04T13:55:18.000Z
2026-08-04T13:58:04.369385+00:00,5,Epcot,13782,SeaBase Aquarium,True,0,2026-08-04T13:55:18.000Z
2026-08-04T13:58:04.369385+00:00,5,Epcot,16467,Soarin' Across America,True,20,2026-08-04T13:55:18.000Z
2026-08-04T13:58:04.369385+00:00,5,Epcot,153,The Seas with Nemo & Friends,True,5,2026-08-04T13:55:18.000Z
2026-08-04T13:58:04.369385+00:00,5,Epcot,152,Turtle Talk With Crush,True,15,2026-08-04T13:55:18.000Z
2026-08-04T13:58:04.369385+00:00,5,Epcot,829,Canada Far and Wide in Circle-Vision 360,True,15,2026-08-04T13:55:18.000Z
2026-08-04T13:58:04.369385+00:00,5,Epcot,2679,Frozen Ever After,True,35,2026-08-04T13:55:18.000Z
2026-08-04T13:58:04.369385+00:00,5,Epcot,466,Gran Fiesta Tour Starring The Three Caballeros,True,5,2026-08-04T13:55:18.000Z
2026-08-04T13:58:04.369385+00:00,5,Epcot,6701,Meet Anna and Elsa at Royal Sommerhus,True,50,2026-08-04T13:55:18.000Z
2026-08-04T13:58:04.369385+00:00,5,Epcot,10914,Remy's Ratatouille Adventure,True,45,2026-08-04T13:55:18.000Z
2026-08-04T13:58:04.369385+00:00,5,Epcot,10915,Remy's Ratatouille Adventure Single Rider,True,0,2026-08-04T13:55:18.000Z
2026-08-04T16:13:17.909773+00:00,8,Animal Kingdom,657,Festival of the Lion King,True,0,2026-08-04T16:10:32.000Z
2026-08-04T16:13:17.909773+00:00,8,Animal Kingdom,651,Gorilla Falls Exploration Trail,True,5,2026-08-04T16:10:32.000Z
2026-08-04T16:13:17.909773+00:00,8,Animal Kingdom,113,Kilimanjaro Safaris,True,45,2026-08-04T16:10:32.000Z
2026-08-04T16:13:17.909773+00:00,8,Animal Kingdom,655,Wildlife Express Train,True,15,2026-08-04T16:10:32.000Z
2026-08-04T16:13:17.909773+00:00,8,Animal Kingdom,110,Expedition Everest - Legend of the Forbidden Mountain,True,45,2026-08-04T16:10:32.000Z
2026-08-04T16:13:17.909773+00:00,8,Animal Kingdom,14533,Expedition Everest - Legend of the Forbidden Mountain Single Rider,True,0,2026-08-04T16:10:32.000Z
2026-08-04T16:13:17.909773+00:00,8,Animal Kingdom,10921,Feathered Friends in Flight!,True,0,2026-08-04T16:10:32.000Z
2026-08-04T16:13:17.909773+00:00,8,Animal Kingdom,112,Kali River Rapids,True,40,2026-08-04T16:10:32.000Z
2026-08-04T16:13:17.909773+00:00,8,Animal Kingdom,13806,Animal Care at Conservation Station,True,0,2026-08-04T16:10:32.000Z
2026-08-04T16:13:17.909773+00:00,8,Animal Kingdom,16545,Bluey's Wild World at Conservation Station,True,35,2026-08-04T16:10:32.000Z
2026-08-04T16:13:17.909773+00:00,8,Animal Kingdom,10920,Finding Nemo: The Big Blue... and Beyond!,True,0,2026-08-04T16:10:32.000Z
2026-08-04T16:13:17.909773+00:00,8,Animal Kingdom,13811,Discovery Island Trails,True,0,2026-08-04T16:10:32.000Z
2026-08-04T16:13:17.909773+00:00,8,Animal Kingdom,116,Meet Favorite Disney Pals at Adventurers Outpost,True,35,2026-08-04T16:10:32.000Z
2026-08-04T16:13:17.909773+00:00,8,Animal Kingdom,12451,Meet Moana at Character Landing,True,0,2026-08-04T16:10:32.000Z
2026-08-04T16:13:17.909773+00:00,8,Animal Kingdom,13751,Tree of Life,True,0,2026-08-04T16:10:32.000Z
2026-08-04T16:13:17.909773+00:00,8,Animal Kingdom,14943,Zootopia: Better Zoogether!,True,15,2026-08-04T16:10:32.000Z
2026-08-04T16:13:17.909773+00:00,8,Animal Kingdom,4439,Avatar Flight of Passage,True,60,2026-08-04T16:10:32.000Z
2026-08-04T16:13:17.909773+00:00,8,Animal Kingdom,4438,Na'vi River Journey,True,55,2026-08-04T16:10:32.000Z
2026-08-04T16:13:17.909773+00:00,8,Animal Kingdom,13812,The Oasis Exhibits,True,0,2026-08-04T16:10:32.000Z
2026-08-04T16:13:17.909773+00:00,8,Animal Kingdom,13808,Wilderness Explorers,True,0,2026-08-04T16:10:32.000Z
2026-08-04T16:13:18.024949+00:00,7,Disney Hollywood Studios,16641,Disney Jr. Mickey Mouse Clubhouse Live!,True,0,2026-08-04T16:10:32.000Z
2026-08-04T16:13:18.024949+00:00,7,Disney Hollywood Studios,12430,Meet Ariel at Walt Disney Presents,True,0,2026-08-04T16:10:32.000Z
2026-08-04T16:13:18.024949+00:00,7,Disney Hollywood Studios,14859,The Little Mermaid – A Musical Adventure,True,0,2026-08-04T16:10:32.000Z
2026-08-04T16:13:18.024949+00:00,7,Disney Hollywood Studios,5145,Walt Disney Presents,True,0,2026-08-04T16:10:32.000Z
2026-08-04T16:13:18.024949+00:00,7,Disney Hollywood Studios,6704,Meet Disney Stars at Red Carpet Dreams,True,25,2026-08-04T16:10:32.000Z
2026-08-04T16:13:18.024949+00:00,7,Disney Hollywood Studios,1174,For the First Time in Forever: A Frozen Sing-Along Celebration,True,0,2026-08-04T16:10:32.000Z
2026-08-04T16:13:18.024949+00:00,7,Disney Hollywood Studios,6702,Indiana Jones™ Epic Stunt Spectacular!,True,0,2026-08-04T16:10:32.000Z
2026-08-04T16:13:18.024949+00:00,7,Disney Hollywood Studios,6703,Meet Olaf at Celebrity Spotlight,True,20,2026-08-04T16:10:32.000Z
2026-08-04T16:13:18.024949+00:00,7,Disney Hollywood Studios,120,Star Tours – The Adventures Continue,True,10,2026-08-04T16:10:32.000Z
2026-08-04T16:13:18.024949+00:00,7,Disney Hollywood Studios,7333,Vacation Fun - An Original Animated Short with Mickey & Minnie,True,10,2026-08-04T16:10:32.000Z
2026-08-04T16:13:18.024949+00:00,7,Disney Hollywood Studios,6361,Mickey & Minnie's Runaway Railway,True,60,2026-08-04T16:10:32.000Z
2026-08-04T16:13:18.024949+00:00,7,Disney Hollywood Studios,12425,Meet Edna Mode at the Edna Mode Experience,False,0,2026-08-04T16:10:32.000Z
2026-08-04T16:13:18.024949+00:00,7,Disney Hollywood Studios,117,Toy Story Mania!,False,0,2026-08-04T16:10:32.000Z
2026-08-04T16:13:18.024949+00:00,7,Disney Hollywood Studios,6368,Millennium Falcon: Smugglers Run,True,35,2026-08-04T16:10:32.000Z
2026-08-04T16:13:18.024949+00:00,7,Disney Hollywood Studios,10902,Millennium Falcon: Smugglers Run Single Rider,True,0,2026-08-04T16:10:32.000Z
2026-08-04T16:13:18.024949+00:00,7,Disney Hollywood Studios,6369,Star Wars: Rise of the Resistance,True,75,2026-08-04T16:10:32.000Z
2026-08-04T16:13:18.024949+00:00,7,Disney Hollywood Studios,14531,Star Wars: Rise of the Resistance Single Rider,True,0,2026-08-04T16:10:32.000Z
2026-08-04T16:13:18.024949+00:00,7,Disney Hollywood Studios,1176,Beauty and the Beast – Live on Stage,True,0,2026-08-04T16:10:32.000Z
2026-08-04T16:13:18.024949+00:00,7,Disney Hollywood Studios,16343,Rock 'n' Roller Coaster Starring Aerosmith Single Rider,True,0,2026-08-04T16:10:32.000Z
2026-08-04T16:13:18.024949+00:00,7,Disney Hollywood Studios,16342,Rock ’n’ Roller Coaster Starring The Muppets,True,60,2026-08-04T16:10:32.000Z
2026-08-04T16:13:18.024949+00:00,7,Disney Hollywood Studios,123,The Twilight Zone™ Tower of Terror,True,40,2026-08-04T16:10:32.000Z
2026-08-04T16:13:18.024949+00:00,7,Disney Hollywood Studios,5477,Alien Swirling Saucers,True,40,2026-08-04T16:10:32.000Z
2026-08-04T16:13:18.024949+00:00,7,Disney Hollywood Studios,5476,Slinky Dog Dash,True,75,2026-08-04T16:10:32.000Z
2026-08-04T16:13:18.143019+00:00,6,Disney Magic Kingdom,1184,A Pirate's Adventure ~ Treasures of the Seven Seas,True,0,2026-08-04T16:10:20.000Z
2026-08-04T16:13:18.143019+00:00,6,Disney Magic Kingdom,134,Jungle Cruise,True,50,2026-08-04T16:10:20.000Z
2026-08-04T16:13:18.143019+00:00,6,Disney Magic Kingdom,137,Pirates of the Caribbean,True,40,2026-08-04T16:10:20.000Z
2026-08-04T16:13:18.143019+00:00,6,Disney Magic Kingdom,355,Swiss Family Treehouse,True,5,2026-08-04T16:10:20.000Z
2026-08-04T16:13:18.143019+00:00,6,Disney Magic Kingdom,141,The Magic Carpets of Aladdin,True,30,2026-08-04T16:10:20.000Z
2026-08-04T16:13:18.143019+00:00,6,Disney Magic Kingdom,334,Walt Disney's Enchanted Tiki Room,True,10,2026-08-04T16:10:20.000Z
2026-08-04T16:13:18.143019+00:00,6,Disney Magic Kingdom,133,"""it's a small world""",True,25,2026-08-04T16:10:20.000Z
2026-08-04T16:13:18.143019+00:00,6,Disney Magic Kingdom,13764,Casey Jr. Splash 'N' Soak Station,True,0,2026-08-04T16:10:20.000Z
2026-08-04T16:13:18.143019+00:00,6,Disney Magic Kingdom,13763,Cinderella Castle,True,0,2026-08-04T16:10:20.000Z
2026-08-04T16:13:18.143019+00:00,6,Disney Magic Kingdom,132,Dumbo the Flying Elephant,True,15,2026-08-04T16:10:20.000Z
2026-08-04T16:13:18.143019+00:00,6,Disney Magic Kingdom,128,Enchanted Tales with Belle,True,15,2026-08-04T16:10:20.000Z
2026-08-04T16:13:18.143019+00:00,6,Disney Magic Kingdom,135,Mad Tea Party,True,20,2026-08-04T16:10:20.000Z
2026-08-04T16:13:18.143019+00:00,6,Disney Magic Kingdom,147,Meet Ariel at Her Grotto,True,15,2026-08-04T16:10:20.000Z
2026-08-04T16:13:18.143019+00:00,6,Disney Magic Kingdom,6700,Meet Cinderella and a Visiting Princess at Princess Fairytale Hall,True,30,2026-08-04T16:10:20.000Z
2026-08-04T16:13:18.143019+00:00,6,Disney Magic Kingdom,144,Meet Daring Disney Pals as Circus Stars at Pete's Silly Sideshow,True,10,2026-08-04T16:10:20.000Z
2026-08-04T16:13:18.143019+00:00,6,Disney Magic Kingdom,145,Meet Dashing Disney Pals as Circus Stars at Pete's Silly Sideshow,True,25,2026-08-04T16:10:20.000Z
2026-08-04T16:13:18.143019+00:00,6,Disney Magic Kingdom,6699,Meet Princess Tiana and a Visiting Princess at Princess Fairytale Hall,True,35,2026-08-04T16:10:20.000Z
2026-08-04T16:13:18.143019+00:00,6,Disney Magic Kingdom,171,Mickey's PhilharMagic,True,10,2026-08-04T16:10:20.000Z
2026-08-04T16:13:18.143019+00:00,6,Disney Magic Kingdom,136,Peter Pan's Flight,True,60,2026-08-04T16:10:20.000Z
2026-08-04T16:13:18.143019+00:00,6,Disney Magic Kingdom,161,Prince Charming Regal Carrousel,True,10,2026-08-04T16:10:20.000Z
2026-08-04T16:13:18.143019+00:00,6,Disney Magic Kingdom,129,Seven Dwarfs Mine Train,True,60,2026-08-04T16:10:20.000Z
2026-08-04T16:13:18.143019+00:00,6,Disney Magic Kingdom,126,The Barnstormer,True,15,2026-08-04T16:10:20.000Z
2026-08-04T16:13:18.143019+00:00,6,Disney Magic Kingdom,142,The Many Adventures of Winnie the Pooh,True,45,2026-08-04T16:10:20.000Z
2026-08-04T16:13:18.143019+00:00,6,Disney Magic Kingdom,127,Under the Sea - Journey of The Little Mermaid,True,20,2026-08-04T16:10:20.000Z
2026-08-04T16:13:18.143019+00:00,6,Disney Magic Kingdom,1181,Walt Disney World Railroad - Fantasyland,True,20,2026-08-04T16:10:20.000Z
2026-08-04T16:13:18.143019+00:00,6,Disney Magic Kingdom,130,Big Thunder Mountain Railroad,True,45,2026-08-04T16:10:20.000Z
2026-08-04T16:13:18.143019+00:00,6,Disney Magic Kingdom,1214,Country Bear Musical Jamboree,True,10,2026-08-04T16:10:20.000Z
2026-08-04T16:13:18.143019+00:00,6,Disney Magic Kingdom,13630,Tiana's Bayou Adventure,True,55,2026-08-04T16:10:20.000Z
2026-08-04T16:13:18.143019+00:00,6,Disney Magic Kingdom,140,Haunted Mansion,True,40,2026-08-04T16:10:20.000Z
2026-08-04T16:13:18.143019+00:00,6,Disney Magic Kingdom,356,The Hall of Presidents,True,15,2026-08-04T16:10:20.000Z
2026-08-04T16:13:18.143019+00:00,6,Disney Magic Kingdom,1188,Main Street Vehicles,True,0,2026-08-04T16:10:20.000Z
2026-08-04T16:13:18.143019+00:00,6,Disney Magic Kingdom,146,Meet Mickey at Town Square Theater,True,50,2026-08-04T16:10:20.000Z
2026-08-04T16:13:18.143019+00:00,6,Disney Magic Kingdom,1189,"Walt Disney World Railroad - Main Street, U.S.A.",True,20,2026-08-04T16:10:20.000Z
2026-08-04T16:13:18.143019+00:00,6,Disney Magic Kingdom,248,Astro Orbiter,True,20,2026-08-04T16:10:20.000Z
2026-08-04T16:13:18.143019+00:00,6,Disney Magic Kingdom,131,Buzz Lightyear’s Space Ranger Spin,True,35,2026-08-04T16:10:20.000Z
2026-08-04T16:13:18.143019+00:00,6,Disney Magic Kingdom,125,"Monsters, Inc. Laugh Floor",True,10,2026-08-04T16:10:20.000Z
2026-08-04T16:13:18.143019+00:00,6,Disney Magic Kingdom,138,Space Mountain,True,110,2026-08-04T16:10:20.000Z
2026-08-04T16:13:18.143019+00:00,6,Disney Magic Kingdom,143,Tomorrowland Speedway,True,15,2026-08-04T16:10:20.000Z
2026-08-04T16:13:18.143019+00:00,6,Disney Magic Kingdom,1190,Tomorrowland Transit Authority PeopleMover,True,15,2026-08-04T16:10:20.000Z
2026-08-04T16:13:18.143019+00:00,6,Disney Magic Kingdom,11527,TRON Lightcycle / Run,False,0,2026-08-04T16:10:20.000Z
2026-08-04T16:13:18.143019+00:00,6,Disney Magic Kingdom,457,Walt Disney's Carousel of Progress,False,0,2026-08-04T16:10:20.000Z
2026-08-04T16:13:18.143019+00:00,6,Disney Magic Kingdom,14927,Meet Mickey Mouse and Minnie Mouse at Mickey's Not-So-Scary Halloween Party,False,0,2026-08-04T16:10:20.000Z
2026-08-04T16:13:18.274588+00:00,5,Epcot,2495,Disney and Pixar Short Film Festival,True,0,2026-08-04T16:10:20.000Z
2026-08-04T16:13:18.274588+00:00,5,Epcot,155,Journey Into Imagination With Figment,True,15,2026-08-04T16:10:20.000Z
2026-08-04T16:13:18.274588+00:00,5,Epcot,13627,Meet Beloved Disney Pals at Mickey & Friends,True,20,2026-08-04T16:10:20.000Z
2026-08-04T16:13:18.274588+00:00,5,Epcot,159,Spaceship Earth,True,20,2026-08-04T16:10:20.000Z
2026-08-04T16:13:18.274588+00:00,5,Epcot,10916,Guardians of the Galaxy: Cosmic Rewind,True,90,2026-08-04T16:10:20.000Z
2026-08-04T16:13:18.274588+00:00,5,Epcot,158,Mission: SPACE,True,25,2026-08-04T16:10:20.000Z
2026-08-04T16:13:18.274588+00:00,5,Epcot,160,Test Track,True,105,2026-08-04T16:10:20.000Z
2026-08-04T16:13:18.274588+00:00,5,Epcot,10900,Test Track Presented by Chevrolet Single Rider,True,0,2026-08-04T16:10:20.000Z
2026-08-04T16:13:18.274588+00:00,5,Epcot,7323,Awesome Planet,True,0,2026-08-04T16:10:20.000Z
2026-08-04T16:13:18.274588+00:00,5,Epcot,12387,"Journey of Water, Inspired by Moana",True,0,2026-08-04T16:10:20.000Z
2026-08-04T16:13:18.274588+00:00,5,Epcot,156,Living with the Land,True,20,2026-08-04T16:10:20.000Z
2026-08-04T16:13:18.274588+00:00,5,Epcot,13782,SeaBase Aquarium,True,0,2026-08-04T16:10:20.000Z
2026-08-04T16:13:18.274588+00:00,5,Epcot,16467,Soarin' Across America,True,20,2026-08-04T16:10:20.000Z
2026-08-04T16:13:18.274588+00:00,5,Epcot,153,The Seas with Nemo & Friends,True,50,2026-08-04T16:10:20.000Z
2026-08-04T16:13:18.274588+00:00,5,Epcot,152,Turtle Talk With Crush,True,15,2026-08-04T16:10:20.000Z
2026-08-04T16:13:18.274588+00:00,5,Epcot,829,Canada Far and Wide in Circle-Vision 360,True,15,2026-08-04T16:10:20.000Z
2026-08-04T16:13:18.274588+00:00,5,Epcot,2679,Frozen Ever After,True,55,2026-08-04T16:10:20.000Z
2026-08-04T16:13:18.274588+00:00,5,Epcot,466,Gran Fiesta Tour Starring The Three Caballeros,True,5,2026-08-04T16:10:20.000Z
2026-08-04T16:13:18.274588+00:00,5,Epcot,6701,Meet Anna and Elsa at Royal Sommerhus,True,35,2026-08-04T16:10:20.000Z
2026-08-04T16:13:18.274588+00:00,5,Epcot,10914,Remy's Ratatouille Adventure,True,65,2026-08-04T16:10:20.000Z
2026-08-04T16:13:18.274588+00:00,5,Epcot,10915,Remy's Ratatouille Adventure Single Rider,True,0,2026-08-04T16:10:20.000Z
2026-08-04T19:23:52.212254+00:00,8,Animal Kingdom,657,Festival of the Lion King,True,0,2026-08-04T19:20:29.000Z
2026-08-04T19:23:52.212254+00:00,8,Animal Kingdom,651,Gorilla Falls Exploration Trail,True,5,2026-08-04T19:20:29.000Z
2026-08-04T19:23:52.212254+00:00,8,Animal Kingdom,113,Kilimanjaro Safaris,True,10,2026-08-04T19:20:29.000Z
2026-08-04T19:23:52.212254+00:00,8,Animal Kingdom,655,Wildlife Express Train,True,15,2026-08-04T19:20:29.000Z
2026-08-04T19:23:52.212254+00:00,8,Animal Kingdom,110,Expedition Everest - Legend of the Forbidden Mountain,True,40,2026-08-04T19:20:29.000Z
2026-08-04T19:23:52.212254+00:00,8,Animal Kingdom,14533,Expedition Everest - Legend of the Forbidden Mountain Single Rider,True,0,2026-08-04T19:20:29.000Z
2026-08-04T19:23:52.212254+00:00,8,Animal Kingdom,10921,Feathered Friends in Flight!,True,0,2026-08-04T19:20:29.000Z
2026-08-04T19:23:52.212254+00:00,8,Animal Kingdom,112,Kali River Rapids,True,55,2026-08-04T19:20:29.000Z
2026-08-04T19:23:52.212254+00:00,8,Animal Kingdom,13806,Animal Care at Conservation Station,True,0,2026-08-04T19:20:29.000Z
2026-08-04T19:23:52.212254+00:00,8,Animal Kingdom,16545,Bluey's Wild World at Conservation Station,True,15,2026-08-04T19:20:29.000Z
2026-08-04T19:23:52.212254+00:00,8,Animal Kingdom,10920,Finding Nemo: The Big Blue... and Beyond!,True,0,2026-08-04T19:20:29.000Z
2026-08-04T19:23:52.212254+00:00,8,Animal Kingdom,13811,Discovery Island Trails,True,0,2026-08-04T19:20:29.000Z
2026-08-04T19:23:52.212254+00:00,8,Animal Kingdom,116,Meet Favorite Disney Pals at Adventurers Outpost,True,20,2026-08-04T19:20:29.000Z
2026-08-04T19:23:52.212254+00:00,8,Animal Kingdom,12451,Meet Moana at Character Landing,True,0,2026-08-04T19:20:29.000Z
2026-08-04T19:23:52.212254+00:00,8,Animal Kingdom,13751,Tree of Life,True,0,2026-08-04T19:20:29.000Z
2026-08-04T19:23:52.212254+00:00,8,Animal Kingdom,14943,Zootopia: Better Zoogether!,True,10,2026-08-04T19:20:29.000Z
2026-08-04T19:23:52.212254+00:00,8,Animal Kingdom,4439,Avatar Flight of Passage,True,60,2026-08-04T19:20:29.000Z
2026-08-04T19:23:52.212254+00:00,8,Animal Kingdom,4438,Na'vi River Journey,True,40,2026-08-04T19:20:29.000Z
2026-08-04T19:23:52.212254+00:00,8,Animal Kingdom,13812,The Oasis Exhibits,True,0,2026-08-04T19:20:29.000Z
2026-08-04T19:23:52.212254+00:00,8,Animal Kingdom,13808,Wilderness Explorers,True,0,2026-08-04T19:20:29.000Z
2026-08-04T19:23:52.421586+00:00,7,Disney Hollywood Studios,16641,Disney Jr. Mickey Mouse Clubhouse Live!,True,0,2026-08-04T19:20:29.000Z
2026-08-04T19:23:52.421586+00:00,7,Disney Hollywood Studios,12430,Meet Ariel at Walt Disney Presents,True,0,2026-08-04T19:20:29.000Z
2026-08-04T19:23:52.421586+00:00,7,Disney Hollywood Studios,14859,The Little Mermaid – A Musical Adventure,True,0,2026-08-04T19:20:29.000Z
2026-08-04T19:23:52.421586+00:00,7,Disney Hollywood Studios,5145,Walt Disney Presents,True,0,2026-08-04T19:20:29.000Z
2026-08-04T19:23:52.421586+00:00,7,Disney Hollywood Studios,6704,Meet Disney Stars at Red Carpet Dreams,True,25,2026-08-04T19:20:29.000Z
2026-08-04T19:23:52.421586+00:00,7,Disney Hollywood Studios,1174,For the First Time in Forever: A Frozen Sing-Along Celebration,True,0,2026-08-04T19:20:29.000Z
2026-08-04T19:23:52.421586+00:00,7,Disney Hollywood Studios,6702,Indiana Jones™ Epic Stunt Spectacular!,True,0,2026-08-04T19:20:29.000Z
2026-08-04T19:23:52.421586+00:00,7,Disney Hollywood Studios,6703,Meet Olaf at Celebrity Spotlight,True,10,2026-08-04T19:20:29.000Z
2026-08-04T19:23:52.421586+00:00,7,Disney Hollywood Studios,120,Star Tours – The Adventures Continue,True,5,2026-08-04T19:20:29.000Z
2026-08-04T19:23:52.421586+00:00,7,Disney Hollywood Studios,7333,Vacation Fun - An Original Animated Short with Mickey & Minnie,True,10,2026-08-04T19:20:29.000Z
2026-08-04T19:23:52.421586+00:00,7,Disney Hollywood Studios,6361,Mickey & Minnie's Runaway Railway,True,55,2026-08-04T19:20:29.000Z
2026-08-04T19:23:52.421586+00:00,7,Disney Hollywood Studios,12425,Meet Edna Mode at the Edna Mode Experience,True,0,2026-08-04T19:20:29.000Z
2026-08-04T19:23:52.421586+00:00,7,Disney Hollywood Studios,117,Toy Story Mania!,True,55,2026-08-04T19:20:29.000Z
2026-08-04T19:23:52.421586+00:00,7,Disney Hollywood Studios,6368,Millennium Falcon: Smugglers Run,True,30,2026-08-04T19:20:29.000Z
2026-08-04T19:23:52.421586+00:00,7,Disney Hollywood Studios,10902,Millennium Falcon: Smugglers Run Single Rider,True,0,2026-08-04T19:20:29.000Z
2026-08-04T19:23:52.421586+00:00,7,Disney Hollywood Studios,6369,Star Wars: Rise of the Resistance,True,70,2026-08-04T19:20:29.000Z
2026-08-04T19:23:52.421586+00:00,7,Disney Hollywood Studios,14531,Star Wars: Rise of the Resistance Single Rider,True,0,2026-08-04T19:20:29.000Z
2026-08-04T19:23:52.421586+00:00,7,Disney Hollywood Studios,1176,Beauty and the Beast – Live on Stage,True,0,2026-08-04T19:20:29.000Z
2026-08-04T19:23:52.421586+00:00,7,Disney Hollywood Studios,16343,Rock 'n' Roller Coaster Starring Aerosmith Single Rider,True,0,2026-08-04T19:20:29.000Z
2026-08-04T19:23:52.421586+00:00,7,Disney Hollywood Studios,16342,Rock ’n’ Roller Coaster Starring The Muppets,True,70,2026-08-04T19:20:29.000Z
2026-08-04T19:23:52.421586+00:00,7,Disney Hollywood Studios,123,The Twilight Zone™ Tower of Terror,True,50,2026-08-04T19:20:29.000Z
2026-08-04T19:23:52.421586+00:00,7,Disney Hollywood Studios,5477,Alien Swirling Saucers,True,30,2026-08-04T19:20:29.000Z
2026-08-04T19:23:52.421586+00:00,7,Disney Hollywood Studios,5476,Slinky Dog Dash,True,75,2026-08-04T19:20:29.000Z
2026-08-04T19:23:52.630261+00:00,6,Disney Magic Kingdom,1184,A Pirate's Adventure ~ Treasures of the Seven Seas,True,0,2026-08-04T19:20:20.000Z
2026-08-04T19:23:52.630261+00:00,6,Disney Magic Kingdom,134,Jungle Cruise,True,25,2026-08-04T19:20:20.000Z
2026-08-04T19:23:52.630261+00:00,6,Disney Magic Kingdom,137,Pirates of the Caribbean,True,20,2026-08-04T19:20:20.000Z
2026-08-04T19:23:52.630261+00:00,6,Disney Magic Kingdom,355,Swiss Family Treehouse,True,5,2026-08-04T19:20:20.000Z
2026-08-04T19:23:52.630261+00:00,6,Disney Magic Kingdom,141,The Magic Carpets of Aladdin,True,15,2026-08-04T19:20:20.000Z
2026-08-04T19:23:52.630261+00:00,6,Disney Magic Kingdom,334,Walt Disney's Enchanted Tiki Room,True,10,2026-08-04T19:20:20.000Z
2026-08-04T19:23:52.630261+00:00,6,Disney Magic Kingdom,133,"""it's a small world""",True,15,2026-08-04T19:20:20.000Z
2026-08-04T19:23:52.630261+00:00,6,Disney Magic Kingdom,13764,Casey Jr. Splash 'N' Soak Station,True,0,2026-08-04T19:20:20.000Z
2026-08-04T19:23:52.630261+00:00,6,Disney Magic Kingdom,13763,Cinderella Castle,True,0,2026-08-04T19:20:20.000Z
2026-08-04T19:23:52.630261+00:00,6,Disney Magic Kingdom,132,Dumbo the Flying Elephant,True,15,2026-08-04T19:20:20.000Z
2026-08-04T19:23:52.630261+00:00,6,Disney Magic Kingdom,128,Enchanted Tales with Belle,True,15,2026-08-04T19:20:20.000Z
2026-08-04T19:23:52.630261+00:00,6,Disney Magic Kingdom,135,Mad Tea Party,True,10,2026-08-04T19:20:20.000Z
2026-08-04T19:23:52.630261+00:00,6,Disney Magic Kingdom,147,Meet Ariel at Her Grotto,True,25,2026-08-04T19:20:20.000Z
2026-08-04T19:23:52.630261+00:00,6,Disney Magic Kingdom,6700,Meet Cinderella and a Visiting Princess at Princess Fairytale Hall,True,35,2026-08-04T19:20:20.000Z
2026-08-04T19:23:52.630261+00:00,6,Disney Magic Kingdom,144,Meet Daring Disney Pals as Circus Stars at Pete's Silly Sideshow,True,25,2026-08-04T19:20:20.000Z
2026-08-04T19:23:52.630261+00:00,6,Disney Magic Kingdom,145,Meet Dashing Disney Pals as Circus Stars at Pete's Silly Sideshow,True,25,2026-08-04T19:20:20.000Z
2026-08-04T19:23:52.630261+00:00,6,Disney Magic Kingdom,6699,Meet Princess Tiana and a Visiting Princess at Princess Fairytale Hall,True,40,2026-08-04T19:20:20.000Z
2026-08-04T19:23:52.630261+00:00,6,Disney Magic Kingdom,171,Mickey's PhilharMagic,True,10,2026-08-04T19:20:20.000Z
2026-08-04T19:23:52.630261+00:00,6,Disney Magic Kingdom,136,Peter Pan's Flight,True,55,2026-08-04T19:20:20.000Z
2026-08-04T19:23:52.630261+00:00,6,Disney Magic Kingdom,161,Prince Charming Regal Carrousel,True,5,2026-08-04T19:20:20.000Z
2026-08-04T19:23:52.630261+00:00,6,Disney Magic Kingdom,129,Seven Dwarfs Mine Train,True,50,2026-08-04T19:20:20.000Z
2026-08-04T19:23:52.630261+00:00,6,Disney Magic Kingdom,126,The Barnstormer,True,15,2026-08-04T19:20:20.000Z
2026-08-04T19:23:52.630261+00:00,6,Disney Magic Kingdom,142,The Many Adventures of Winnie the Pooh,True,20,2026-08-04T19:20:20.000Z
2026-08-04T19:23:52.630261+00:00,6,Disney Magic Kingdom,127,Under the Sea - Journey of The Little Mermaid,True,15,2026-08-04T19:20:20.000Z
2026-08-04T19:23:52.630261+00:00,6,Disney Magic Kingdom,1181,Walt Disney World Railroad - Fantasyland,True,15,2026-08-04T19:20:20.000Z
2026-08-04T19:23:52.630261+00:00,6,Disney Magic Kingdom,130,Big Thunder Mountain Railroad,True,45,2026-08-04T19:20:20.000Z
2026-08-04T19:23:52.630261+00:00,6,Disney Magic Kingdom,1214,Country Bear Musical Jamboree,True,10,2026-08-04T19:20:20.000Z
2026-08-04T19:23:52.630261+00:00,6,Disney Magic Kingdom,13630,Tiana's Bayou Adventure,True,50,2026-08-04T19:20:20.000Z
2026-08-04T19:23:52.630261+00:00,6,Disney Magic Kingdom,140,Haunted Mansion,True,25,2026-08-04T19:20:20.000Z
2026-08-04T19:23:52.630261+00:00,6,Disney Magic Kingdom,356,The Hall of Presidents,True,15,2026-08-04T19:20:20.000Z
2026-08-04T19:23:52.630261+00:00,6,Disney Magic Kingdom,1188,Main Street Vehicles,True,0,2026-08-04T19:20:20.000Z
2026-08-04T19:23:52.630261+00:00,6,Disney Magic Kingdom,146,Meet Mickey at Town Square Theater,True,10,2026-08-04T19:20:20.000Z
2026-08-04T19:23:52.630261+00:00,6,Disney Magic Kingdom,1189,"Walt Disney World Railroad - Main Street, U.S.A.",True,15,2026-08-04T19:20:20.000Z
2026-08-04T19:23:52.630261+00:00,6,Disney Magic Kingdom,248,Astro Orbiter,True,15,2026-08-04T19:20:20.000Z
2026-08-04T19:23:52.630261+00:00,6,Disney Magic Kingdom,131,Buzz Lightyear’s Space Ranger Spin,True,20,2026-08-04T19:20:20.000Z
2026-08-04T19:23:52.630261+00:00,6,Disney Magic Kingdom,125,"Monsters, Inc. Laugh Floor",True,10,2026-08-04T19:20:20.000Z
2026-08-04T19:23:52.630261+00:00,6,Disney Magic Kingdom,138,Space Mountain,True,75,2026-08-04T19:20:20.000Z
2026-08-04T19:23:52.630261+00:00,6,Disney Magic Kingdom,143,Tomorrowland Speedway,True,5,2026-08-04T19:20:20.000Z
2026-08-04T19:23:52.630261+00:00,6,Disney Magic Kingdom,1190,Tomorrowland Transit Authority PeopleMover,True,5,2026-08-04T19:20:20.000Z
2026-08-04T19:23:52.630261+00:00,6,Disney Magic Kingdom,11527,TRON Lightcycle / Run,True,65,2026-08-04T19:20:20.000Z
2026-08-04T19:23:52.630261+00:00,6,Disney Magic Kingdom,457,Walt Disney's Carousel of Progress,False,0,2026-08-04T19:20:20.000Z
2026-08-04T19:23:52.630261+00:00,6,Disney Magic Kingdom,14927,Meet Mickey Mouse and Minnie Mouse at Mickey's Not-So-Scary Halloween Party,False,0,2026-08-04T19:20:20.000Z
2026-08-04T19:23:52.819978+00:00,5,Epcot,2495,Disney and Pixar Short Film Festival,True,0,2026-08-04T19:20:15.000Z
2026-08-04T19:23:52.819978+00:00,5,Epcot,155,Journey Into Imagination With Figment,True,15,2026-08-04T19:20:15.000Z
2026-08-04T19:23:52.819978+00:00,5,Epcot,13627,Meet Beloved Disney Pals at Mickey & Friends,True,15,2026-08-04T19:20:15.000Z
2026-08-04T19:23:52.819978+00:00,5,Epcot,159,Spaceship Earth,True,5,2026-08-04T19:20:15.000Z
2026-08-04T19:23:52.819978+00:00,5,Epcot,10916,Guardians of the Galaxy: Cosmic Rewind,True,70,2026-08-04T19:20:15.000Z
2026-08-04T19:23:52.819978+00:00,5,Epcot,158,Mission: SPACE,True,15,2026-08-04T19:20:15.000Z
2026-08-04T19:23:52.819978+00:00,5,Epcot,160,Test Track,True,70,2026-08-04T19:20:15.000Z
2026-08-04T19:23:52.819978+00:00,5,Epcot,10900,Test Track Presented by Chevrolet Single Rider,True,0,2026-08-04T19:20:15.000Z
2026-08-04T19:23:52.819978+00:00,5,Epcot,7323,Awesome Planet,True,0,2026-08-04T19:20:15.000Z
2026-08-04T19:23:52.819978+00:00,5,Epcot,12387,"Journey of Water, Inspired by Moana",True,0,2026-08-04T19:20:15.000Z
2026-08-04T19:23:52.819978+00:00,5,Epcot,156,Living with the Land,True,5,2026-08-04T19:20:15.000Z
2026-08-04T19:23:52.819978+00:00,5,Epcot,13782,SeaBase Aquarium,True,0,2026-08-04T19:20:15.000Z
2026-08-04T19:23:52.819978+00:00,5,Epcot,16467,Soarin' Across America,True,45,2026-08-04T19:20:15.000Z
2026-08-04T19:23:52.819978+00:00,5,Epcot,153,The Seas with Nemo & Friends,False,0,2026-08-04T19:20:15.000Z
2026-08-04T19:23:52.819978+00:00,5,Epcot,152,Turtle Talk With Crush,True,15,2026-08-04T19:20:15.000Z
2026-08-04T19:23:52.819978+00:00,5,Epcot,829,Canada Far and Wide in Circle-Vision 360,True,15,2026-08-04T19:20:15.000Z
2026-08-04T19:23:52.819978+00:00,5,Epcot,2679,Frozen Ever After,True,60,2026-08-04T19:20:15.000Z
2026-08-04T19:23:52.819978+00:00,5,Epcot,466,Gran Fiesta Tour Starring The Three Caballeros,True,10,2026-08-04T19:20:15.000Z
2026-08-04T19:23:52.819978+00:00,5,Epcot,6701,Meet Anna and Elsa at Royal Sommerhus,True,20,2026-08-04T19:20:15.000Z
2026-08-04T19:23:52.819978+00:00,5,Epcot,10914,Remy's Ratatouille Adventure,True,70,2026-08-04T19:20:15.000Z
2026-08-04T19:23:52.819978+00:00,5,Epcot,10915,Remy's Ratatouille Adventure Single Rider,True,0,2026-08-04T19:20:15.000Z
2026-08-04T21:06:14.253725+00:00,8,Animal Kingdom,657,Festival of the Lion King,True,0,2026-08-04T21:05:36.000Z
2026-08-04T21:06:14.253725+00:00,8,Animal Kingdom,651,Gorilla Falls Exploration Trail,True,0,2026-08-04T21:05:36.000Z
2026-08-04T21:06:14.253725+00:00,8,Animal Kingdom,113,Kilimanjaro Safaris,True,5,2026-08-04T21:05:36.000Z
2026-08-04T21:06:14.253725+00:00,8,Animal Kingdom,655,Wildlife Express Train,False,0,2026-08-04T21:05:36.000Z
2026-08-04T21:06:14.253725+00:00,8,Animal Kingdom,110,Expedition Everest - Legend of the Forbidden Mountain,True,20,2026-08-04T21:05:36.000Z
2026-08-04T21:06:14.253725+00:00,8,Animal Kingdom,14533,Expedition Everest - Legend of the Forbidden Mountain Single Rider,True,0,2026-08-04T21:05:36.000Z
2026-08-04T21:06:14.253725+00:00,8,Animal Kingdom,10921,Feathered Friends in Flight!,True,0,2026-08-04T21:05:36.000Z
2026-08-04T21:06:14.253725+00:00,8,Animal Kingdom,112,Kali River Rapids,True,35,2026-08-04T21:05:36.000Z
2026-08-04T21:06:14.253725+00:00,8,Animal Kingdom,13806,Animal Care at Conservation Station,True,0,2026-08-04T21:05:36.000Z
2026-08-04T21:06:14.253725+00:00,8,Animal Kingdom,16545,Bluey's Wild World at Conservation Station,False,0,2026-08-04T21:05:36.000Z
2026-08-04T21:06:14.253725+00:00,8,Animal Kingdom,10920,Finding Nemo: The Big Blue... and Beyond!,True,0,2026-08-04T21:05:36.000Z
2026-08-04T21:06:14.253725+00:00,8,Animal Kingdom,13811,Discovery Island Trails,True,0,2026-08-04T21:05:36.000Z
2026-08-04T21:06:14.253725+00:00,8,Animal Kingdom,116,Meet Favorite Disney Pals at Adventurers Outpost,True,30,2026-08-04T21:05:36.000Z
2026-08-04T21:06:14.253725+00:00,8,Animal Kingdom,12451,Meet Moana at Character Landing,False,0,2026-08-04T21:05:36.000Z
2026-08-04T21:06:14.253725+00:00,8,Animal Kingdom,13751,Tree of Life,True,0,2026-08-04T21:05:36.000Z
2026-08-04T21:06:14.253725+00:00,8,Animal Kingdom,14943,Zootopia: Better Zoogether!,True,10,2026-08-04T21:05:36.000Z
2026-08-04T21:06:14.253725+00:00,8,Animal Kingdom,4439,Avatar Flight of Passage,True,50,2026-08-04T21:05:36.000Z
2026-08-04T21:06:14.253725+00:00,8,Animal Kingdom,4438,Na'vi River Journey,True,40,2026-08-04T21:05:36.000Z
2026-08-04T21:06:14.253725+00:00,8,Animal Kingdom,13812,The Oasis Exhibits,True,0,2026-08-04T21:05:36.000Z
2026-08-04T21:06:14.253725+00:00,8,Animal Kingdom,13808,Wilderness Explorers,True,0,2026-08-04T21:05:36.000Z
2026-08-04T21:06:14.369544+00:00,7,Disney Hollywood Studios,16641,Disney Jr. Mickey Mouse Clubhouse Live!,True,0,2026-08-04T21:05:28.000Z
2026-08-04T21:06:14.369544+00:00,7,Disney Hollywood Studios,12430,Meet Ariel at Walt Disney Presents,False,0,2026-08-04T21:05:28.000Z
2026-08-04T21:06:14.369544+00:00,7,Disney Hollywood Studios,14859,The Little Mermaid – A Musical Adventure,True,0,2026-08-04T21:05:28.000Z
2026-08-04T21:06:14.369544+00:00,7,Disney Hollywood Studios,5145,Walt Disney Presents,True,0,2026-08-04T21:05:28.000Z
2026-08-04T21:06:14.369544+00:00,7,Disney Hollywood Studios,6704,Meet Disney Stars at Red Carpet Dreams,True,25,2026-08-04T21:05:28.000Z
2026-08-04T21:06:14.369544+00:00,7,Disney Hollywood Studios,1174,For the First Time in Forever: A Frozen Sing-Along Celebration,True,0,2026-08-04T21:05:28.000Z
2026-08-04T21:06:14.369544+00:00,7,Disney Hollywood Studios,6702,Indiana Jones™ Epic Stunt Spectacular!,True,0,2026-08-04T21:05:28.000Z
2026-08-04T21:06:14.369544+00:00,7,Disney Hollywood Studios,6703,Meet Olaf at Celebrity Spotlight,True,10,2026-08-04T21:05:28.000Z
2026-08-04T21:06:14.369544+00:00,7,Disney Hollywood Studios,120,Star Tours – The Adventures Continue,True,5,2026-08-04T21:05:28.000Z
2026-08-04T21:06:14.369544+00:00,7,Disney Hollywood Studios,7333,Vacation Fun - An Original Animated Short with Mickey & Minnie,True,10,2026-08-04T21:05:28.000Z
2026-08-04T21:06:14.369544+00:00,7,Disney Hollywood Studios,6361,Mickey & Minnie's Runaway Railway,True,50,2026-08-04T21:05:28.000Z
2026-08-04T21:06:14.369544+00:00,7,Disney Hollywood Studios,12425,Meet Edna Mode at the Edna Mode Experience,False,0,2026-08-04T21:05:28.000Z
2026-08-04T21:06:14.369544+00:00,7,Disney Hollywood Studios,117,Toy Story Mania!,True,45,2026-08-04T21:05:28.000Z
2026-08-04T21:06:14.369544+00:00,7,Disney Hollywood Studios,6368,Millennium Falcon: Smugglers Run,True,25,2026-08-04T21:05:28.000Z
2026-08-04T21:06:14.369544+00:00,7,Disney Hollywood Studios,10902,Millennium Falcon: Smugglers Run Single Rider,True,0,2026-08-04T21:05:28.000Z
2026-08-04T21:06:14.369544+00:00,7,Disney Hollywood Studios,6369,Star Wars: Rise of the Resistance,True,50,2026-08-04T21:05:28.000Z
2026-08-04T21:06:14.369544+00:00,7,Disney Hollywood Studios,14531,Star Wars: Rise of the Resistance Single Rider,True,0,2026-08-04T21:05:28.000Z
2026-08-04T21:06:14.369544+00:00,7,Disney Hollywood Studios,1176,Beauty and the Beast – Live on Stage,True,0,2026-08-04T21:05:28.000Z
2026-08-04T21:06:14.369544+00:00,7,Disney Hollywood Studios,16343,Rock 'n' Roller Coaster Starring Aerosmith Single Rider,True,0,2026-08-04T21:05:28.000Z
2026-08-04T21:06:14.369544+00:00,7,Disney Hollywood Studios,16342,Rock ’n’ Roller Coaster Starring The Muppets,True,85,2026-08-04T21:05:28.000Z
2026-08-04T21:06:14.369544+00:00,7,Disney Hollywood Studios,123,The Twilight Zone™ Tower of Terror,True,55,2026-08-04T21:05:28.000Z
2026-08-04T21:06:14.369544+00:00,7,Disney Hollywood Studios,5477,Alien Swirling Saucers,True,25,2026-08-04T21:05:28.000Z
2026-08-04T21:06:14.369544+00:00,7,Disney Hollywood Studios,5476,Slinky Dog Dash,True,60,2026-08-04T21:05:28.000Z
2026-08-04T21:06:14.483902+00:00,6,Disney Magic Kingdom,1184,A Pirate's Adventure ~ Treasures of the Seven Seas,True,0,2026-08-04T21:01:09.000Z
2026-08-04T21:06:14.483902+00:00,6,Disney Magic Kingdom,134,Jungle Cruise,True,35,2026-08-04T21:01:09.000Z
2026-08-04T21:06:14.483902+00:00,6,Disney Magic Kingdom,137,Pirates of the Caribbean,True,20,2026-08-04T21:01:09.000Z
2026-08-04T21:06:14.483902+00:00,6,Disney Magic Kingdom,355,Swiss Family Treehouse,True,5,2026-08-04T21:01:09.000Z
2026-08-04T21:06:14.483902+00:00,6,Disney Magic Kingdom,141,The Magic Carpets of Aladdin,True,10,2026-08-04T21:01:09.000Z
2026-08-04T21:06:14.483902+00:00,6,Disney Magic Kingdom,334,Walt Disney's Enchanted Tiki Room,True,10,2026-08-04T21:01:09.000Z
2026-08-04T21:06:14.483902+00:00,6,Disney Magic Kingdom,133,"""it's a small world""",True,25,2026-08-04T21:01:09.000Z
2026-08-04T21:06:14.483902+00:00,6,Disney Magic Kingdom,13764,Casey Jr. Splash 'N' Soak Station,True,0,2026-08-04T21:01:09.000Z
2026-08-04T21:06:14.483902+00:00,6,Disney Magic Kingdom,13763,Cinderella Castle,True,0,2026-08-04T21:01:09.000Z
2026-08-04T21:06:14.483902+00:00,6,Disney Magic Kingdom,132,Dumbo the Flying Elephant,True,5,2026-08-04T21:01:09.000Z
2026-08-04T21:06:14.483902+00:00,6,Disney Magic Kingdom,128,Enchanted Tales with Belle,True,15,2026-08-04T21:01:09.000Z
2026-08-04T21:06:14.483902+00:00,6,Disney Magic Kingdom,135,Mad Tea Party,True,10,2026-08-04T21:01:09.000Z
2026-08-04T21:06:14.483902+00:00,6,Disney Magic Kingdom,147,Meet Ariel at Her Grotto,True,20,2026-08-04T21:01:09.000Z
2026-08-04T21:06:14.483902+00:00,6,Disney Magic Kingdom,6700,Meet Cinderella and a Visiting Princess at Princess Fairytale Hall,True,40,2026-08-04T21:01:09.000Z
2026-08-04T21:06:14.483902+00:00,6,Disney Magic Kingdom,144,Meet Daring Disney Pals as Circus Stars at Pete's Silly Sideshow,True,25,2026-08-04T21:01:09.000Z
2026-08-04T21:06:14.483902+00:00,6,Disney Magic Kingdom,145,Meet Dashing Disney Pals as Circus Stars at Pete's Silly Sideshow,True,30,2026-08-04T21:01:09.000Z
2026-08-04T21:06:14.483902+00:00,6,Disney Magic Kingdom,6699,Meet Princess Tiana and a Visiting Princess at Princess Fairytale Hall,True,35,2026-08-04T21:01:09.000Z
2026-08-04T21:06:14.483902+00:00,6,Disney Magic Kingdom,171,Mickey's PhilharMagic,True,15,2026-08-04T21:01:09.000Z
2026-08-04T21:06:14.483902+00:00,6,Disney Magic Kingdom,136,Peter Pan's Flight,True,55,2026-08-04T21:01:09.000Z
2026-08-04T21:06:14.483902+00:00,6,Disney Magic Kingdom,161,Prince Charming Regal Carrousel,True,5,2026-08-04T21:01:09.000Z
2026-08-04T21:06:14.483902+00:00,6,Disney Magic Kingdom,129,Seven Dwarfs Mine Train,True,70,2026-08-04T21:01:09.000Z
2026-08-04T21:06:14.483902+00:00,6,Disney Magic Kingdom,126,The Barnstormer,True,10,2026-08-04T21:01:09.000Z
2026-08-04T21:06:14.483902+00:00,6,Disney Magic Kingdom,142,The Many Adventures of Winnie the Pooh,True,35,2026-08-04T21:01:09.000Z
2026-08-04T21:06:14.483902+00:00,6,Disney Magic Kingdom,127,Under the Sea - Journey of The Little Mermaid,True,30,2026-08-04T21:01:09.000Z
2026-08-04T21:06:14.483902+00:00,6,Disney Magic Kingdom,1181,Walt Disney World Railroad - Fantasyland,True,15,2026-08-04T21:01:09.000Z
2026-08-04T21:06:14.483902+00:00,6,Disney Magic Kingdom,130,Big Thunder Mountain Railroad,True,40,2026-08-04T21:01:09.000Z
2026-08-04T21:06:14.483902+00:00,6,Disney Magic Kingdom,1214,Country Bear Musical Jamboree,True,10,2026-08-04T21:01:09.000Z
2026-08-04T21:06:14.483902+00:00,6,Disney Magic Kingdom,13630,Tiana's Bayou Adventure,True,65,2026-08-04T21:01:09.000Z
2026-08-04T21:06:14.483902+00:00,6,Disney Magic Kingdom,140,Haunted Mansion,True,35,2026-08-04T21:01:09.000Z
2026-08-04T21:06:14.483902+00:00,6,Disney Magic Kingdom,356,The Hall of Presidents,True,15,2026-08-04T21:01:09.000Z
2026-08-04T21:06:14.483902+00:00,6,Disney Magic Kingdom,1188,Main Street Vehicles,False,0,2026-08-04T21:01:09.000Z
2026-08-04T21:06:14.483902+00:00,6,Disney Magic Kingdom,146,Meet Mickey at Town Square Theater,True,30,2026-08-04T21:01:09.000Z
2026-08-04T21:06:14.483902+00:00,6,Disney Magic Kingdom,1189,"Walt Disney World Railroad - Main Street, U.S.A.",True,15,2026-08-04T21:01:09.000Z
2026-08-04T21:06:14.483902+00:00,6,Disney Magic Kingdom,248,Astro Orbiter,True,10,2026-08-04T21:01:09.000Z
2026-08-04T21:06:14.483902+00:00,6,Disney Magic Kingdom,131,Buzz Lightyear’s Space Ranger Spin,True,50,2026-08-04T21:01:09.000Z
2026-08-04T21:06:14.483902+00:00,6,Disney Magic Kingdom,125,"Monsters, Inc. Laugh Floor",True,10,2026-08-04T21:01:09.000Z
2026-08-04T21:06:14.483902+00:00,6,Disney Magic Kingdom,138,Space Mountain,True,105,2026-08-04T21:01:09.000Z
2026-08-04T21:06:14.483902+00:00,6,Disney Magic Kingdom,143,Tomorrowland Speedway,True,20,2026-08-04T21:01:09.000Z
2026-08-04T21:06:14.483902+00:00,6,Disney Magic Kingdom,1190,Tomorrowland Transit Authority PeopleMover,True,20,2026-08-04T21:01:09.000Z
2026-08-04T21:06:14.483902+00:00,6,Disney Magic Kingdom,11527,TRON Lightcycle / Run,True,95,2026-08-04T21:01:09.000Z
2026-08-04T21:06:14.483902+00:00,6,Disney Magic Kingdom,457,Walt Disney's Carousel of Progress,False,0,2026-08-04T21:01:09.000Z
2026-08-04T21:06:14.483902+00:00,6,Disney Magic Kingdom,14927,Meet Mickey Mouse and Minnie Mouse at Mickey's Not-So-Scary Halloween Party,False,0,2026-08-04T21:01:09.000Z
2026-08-04T21:06:14.612613+00:00,5,Epcot,2495,Disney and Pixar Short Film Festival,True,0,2026-08-04T21:01:07.000Z
2026-08-04T21:06:14.612613+00:00,5,Epcot,155,Journey Into Imagination With Figment,True,5,2026-08-04T21:01:07.000Z
2026-08-04T21:06:14.612613+00:00,5,Epcot,13627,Meet Beloved Disney Pals at Mickey & Friends,True,25,2026-08-04T21:05:20.000Z
2026-08-04T21:06:14.612613+00:00,5,Epcot,159,Spaceship Earth,True,15,2026-08-04T21:05:20.000Z
2026-08-04T21:06:14.612613+00:00,5,Epcot,10916,Guardians of the Galaxy: Cosmic Rewind,True,90,2026-08-04T21:01:07.000Z
2026-08-04T21:06:14.612613+00:00,5,Epcot,158,Mission: SPACE,True,15,2026-08-04T21:01:07.000Z
2026-08-04T21:06:14.612613+00:00,5,Epcot,160,Test Track,True,85,2026-08-04T21:05:20.000Z
2026-08-04T21:06:14.612613+00:00,5,Epcot,10900,Test Track Presented by Chevrolet Single Rider,True,0,2026-08-04T21:05:20.000Z
2026-08-04T21:06:14.612613+00:00,5,Epcot,7323,Awesome Planet,True,0,2026-08-04T21:01:07.000Z
2026-08-04T21:06:14.612613+00:00,5,Epcot,12387,"Journey of Water, Inspired by Moana",True,0,2026-08-04T21:05:20.000Z
2026-08-04T21:06:14.612613+00:00,5,Epcot,156,Living with the Land,True,10,2026-08-04T21:05:20.000Z
2026-08-04T21:06:14.612613+00:00,5,Epcot,13782,SeaBase Aquarium,True,0,2026-08-04T21:05:20.000Z
2026-08-04T21:06:14.612613+00:00,5,Epcot,16467,Soarin' Across America,True,40,2026-08-04T21:05:20.000Z
2026-08-04T21:06:14.612613+00:00,5,Epcot,153,The Seas with Nemo & Friends,True,5,2026-08-04T21:01:07.000Z
2026-08-04T21:06:14.612613+00:00,5,Epcot,152,Turtle Talk With Crush,True,15,2026-08-04T21:05:20.000Z
2026-08-04T21:06:14.612613+00:00,5,Epcot,829,Canada Far and Wide in Circle-Vision 360,True,15,2026-08-04T21:01:07.000Z
2026-08-04T21:06:14.612613+00:00,5,Epcot,2679,Frozen Ever After,True,50,2026-08-04T21:01:07.000Z
2026-08-04T21:06:14.612613+00:00,5,Epcot,466,Gran Fiesta Tour Starring The Three Caballeros,True,5,2026-08-04T21:05:20.000Z
2026-08-04T21:06:14.612613+00:00,5,Epcot,6701,Meet Anna and Elsa at Royal Sommerhus,True,30,2026-08-04T21:05:20.000Z
2026-08-04T21:06:14.612613+00:00,5,Epcot,10914,Remy's Ratatouille Adventure,True,50,2026-08-04T21:01:07.000Z
2026-08-04T21:06:14.612613+00:00,5,Epcot,10915,Remy's Ratatouille Adventure Single Rider,True,0,2026-08-04T21:01:07.000Z
2026-08-04T22:57:34.500016+00:00,8,Animal Kingdom,657,Festival of the Lion King,True,0,2026-08-04T22:55:35.000Z
2026-08-04T22:57:34.500016+00:00,8,Animal Kingdom,651,Gorilla Falls Exploration Trail,False,0,2026-08-04T22:55:35.000Z
2026-08-04T22:57:34.500016+00:00,8,Animal Kingdom,113,Kilimanjaro Safaris,True,5,2026-08-04T22:55:35.000Z
2026-08-04T22:57:34.500016+00:00,8,Animal Kingdom,655,Wildlife Express Train,False,0,2026-08-04T22:55:35.000Z
2026-08-04T22:57:34.500016+00:00,8,Animal Kingdom,110,Expedition Everest - Legend of the Forbidden Mountain,True,10,2026-08-04T22:55:35.000Z
2026-08-04T22:57:34.500016+00:00,8,Animal Kingdom,14533,Expedition Everest - Legend of the Forbidden Mountain Single Rider,True,0,2026-08-04T22:55:35.000Z
2026-08-04T22:57:34.500016+00:00,8,Animal Kingdom,10921,Feathered Friends in Flight!,True,0,2026-08-04T22:55:35.000Z
2026-08-04T22:57:34.500016+00:00,8,Animal Kingdom,112,Kali River Rapids,True,15,2026-08-04T22:55:35.000Z
2026-08-04T22:57:34.500016+00:00,8,Animal Kingdom,13806,Animal Care at Conservation Station,False,0,2026-08-04T22:55:35.000Z
2026-08-04T22:57:34.500016+00:00,8,Animal Kingdom,16545,Bluey's Wild World at Conservation Station,False,0,2026-08-04T22:55:35.000Z
2026-08-04T22:57:34.500016+00:00,8,Animal Kingdom,10920,Finding Nemo: The Big Blue... and Beyond!,True,0,2026-08-04T22:55:35.000Z
2026-08-04T22:57:34.500016+00:00,8,Animal Kingdom,13811,Discovery Island Trails,True,0,2026-08-04T22:55:35.000Z
2026-08-04T22:57:34.500016+00:00,8,Animal Kingdom,116,Meet Favorite Disney Pals at Adventurers Outpost,False,0,2026-08-04T22:55:35.000Z
2026-08-04T22:57:34.500016+00:00,8,Animal Kingdom,12451,Meet Moana at Character Landing,False,0,2026-08-04T22:55:35.000Z
2026-08-04T22:57:34.500016+00:00,8,Animal Kingdom,13751,Tree of Life,True,0,2026-08-04T22:55:35.000Z
2026-08-04T22:57:34.500016+00:00,8,Animal Kingdom,14943,Zootopia: Better Zoogether!,True,10,2026-08-04T22:55:35.000Z
2026-08-04T22:57:34.500016+00:00,8,Animal Kingdom,4439,Avatar Flight of Passage,True,65,2026-08-04T22:55:35.000Z
2026-08-04T22:57:34.500016+00:00,8,Animal Kingdom,4438,Na'vi River Journey,True,10,2026-08-04T22:55:35.000Z
2026-08-04T22:57:34.500016+00:00,8,Animal Kingdom,13812,The Oasis Exhibits,True,0,2026-08-04T22:55:35.000Z
2026-08-04T22:57:34.500016+00:00,8,Animal Kingdom,13808,Wilderness Explorers,False,0,2026-08-04T22:55:35.000Z
2026-08-04T22:57:34.619209+00:00,7,Disney Hollywood Studios,16641,Disney Jr. Mickey Mouse Clubhouse Live!,True,0,2026-08-04T22:55:23.000Z
2026-08-04T22:57:34.619209+00:00,7,Disney Hollywood Studios,12430,Meet Ariel at Walt Disney Presents,False,0,2026-08-04T22:55:23.000Z
2026-08-04T22:57:34.619209+00:00,7,Disney Hollywood Studios,14859,The Little Mermaid – A Musical Adventure,True,0,2026-08-04T22:55:23.000Z
2026-08-04T22:57:34.619209+00:00,7,Disney Hollywood Studios,5145,Walt Disney Presents,True,0,2026-08-04T22:55:23.000Z
2026-08-04T22:57:34.619209+00:00,7,Disney Hollywood Studios,6704,Meet Disney Stars at Red Carpet Dreams,True,45,2026-08-04T22:55:23.000Z
2026-08-04T22:57:34.619209+00:00,7,Disney Hollywood Studios,1174,For the First Time in Forever: A Frozen Sing-Along Celebration,True,0,2026-08-04T22:55:23.000Z
2026-08-04T22:57:34.619209+00:00,7,Disney Hollywood Studios,6702,Indiana Jones™ Epic Stunt Spectacular!,True,0,2026-08-04T22:55:23.000Z
2026-08-04T22:57:34.619209+00:00,7,Disney Hollywood Studios,6703,Meet Olaf at Celebrity Spotlight,False,0,2026-08-04T22:55:23.000Z
2026-08-04T22:57:34.619209+00:00,7,Disney Hollywood Studios,120,Star Tours – The Adventures Continue,True,5,2026-08-04T22:55:23.000Z
2026-08-04T22:57:34.619209+00:00,7,Disney Hollywood Studios,7333,Vacation Fun - An Original Animated Short with Mickey & Minnie,True,10,2026-08-04T22:55:23.000Z
2026-08-04T22:57:34.619209+00:00,7,Disney Hollywood Studios,6361,Mickey & Minnie's Runaway Railway,True,45,2026-08-04T22:55:23.000Z
2026-08-04T22:57:34.619209+00:00,7,Disney Hollywood Studios,12425,Meet Edna Mode at the Edna Mode Experience,False,0,2026-08-04T22:55:23.000Z
2026-08-04T22:57:34.619209+00:00,7,Disney Hollywood Studios,117,Toy Story Mania!,False,0,2026-08-04T22:55:23.000Z
2026-08-04T22:57:34.619209+00:00,7,Disney Hollywood Studios,6368,Millennium Falcon: Smugglers Run,True,20,2026-08-04T22:55:23.000Z
2026-08-04T22:57:34.619209+00:00,7,Disney Hollywood Studios,10902,Millennium Falcon: Smugglers Run Single Rider,True,0,2026-08-04T22:55:23.000Z
2026-08-04T22:57:34.619209+00:00,7,Disney Hollywood Studios,6369,Star Wars: Rise of the Resistance,True,65,2026-08-04T22:55:23.000Z
2026-08-04T22:57:34.619209+00:00,7,Disney Hollywood Studios,14531,Star Wars: Rise of the Resistance Single Rider,True,0,2026-08-04T22:55:23.000Z
2026-08-04T22:57:34.619209+00:00,7,Disney Hollywood Studios,1176,Beauty and the Beast – Live on Stage,True,0,2026-08-04T22:55:23.000Z
2026-08-04T22:57:34.619209+00:00,7,Disney Hollywood Studios,16343,Rock 'n' Roller Coaster Starring Aerosmith Single Rider,True,0,2026-08-04T22:55:23.000Z
2026-08-04T22:57:34.619209+00:00,7,Disney Hollywood Studios,16342,Rock ’n’ Roller Coaster Starring The Muppets,True,55,2026-08-04T22:55:23.000Z
2026-08-04T22:57:34.619209+00:00,7,Disney Hollywood Studios,123,The Twilight Zone™ Tower of Terror,True,35,2026-08-04T22:55:23.000Z
2026-08-04T22:57:34.619209+00:00,7,Disney Hollywood Studios,5477,Alien Swirling Saucers,True,25,2026-08-04T22:55:23.000Z
2026-08-04T22:57:34.619209+00:00,7,Disney Hollywood Studios,5476,Slinky Dog Dash,True,90,2026-08-04T22:55:23.000Z
2026-08-04T22:57:34.722210+00:00,6,Disney Magic Kingdom,1184,A Pirate's Adventure ~ Treasures of the Seven Seas,False,0,2026-08-04T22:55:18.000Z
2026-08-04T22:57:34.722210+00:00,6,Disney Magic Kingdom,134,Jungle Cruise,True,50,2026-08-04T22:55:18.000Z
2026-08-04T22:57:34.722210+00:00,6,Disney Magic Kingdom,137,Pirates of the Caribbean,True,20,2026-08-04T22:55:18.000Z
2026-08-04T22:57:34.722210+00:00,6,Disney Magic Kingdom,355,Swiss Family Treehouse,True,5,2026-08-04T22:55:18.000Z
2026-08-04T22:57:34.722210+00:00,6,Disney Magic Kingdom,141,The Magic Carpets of Aladdin,True,20,2026-08-04T22:55:18.000Z
2026-08-04T22:57:34.722210+00:00,6,Disney Magic Kingdom,334,Walt Disney's Enchanted Tiki Room,True,10,2026-08-04T22:55:18.000Z
2026-08-04T22:57:34.722210+00:00,6,Disney Magic Kingdom,133,"""it's a small world""",True,15,2026-08-04T22:55:18.000Z
2026-08-04T22:57:34.722210+00:00,6,Disney Magic Kingdom,13764,Casey Jr. Splash 'N' Soak Station,False,0,2026-08-04T22:55:18.000Z
2026-08-04T22:57:34.722210+00:00,6,Disney Magic Kingdom,13763,Cinderella Castle,True,0,2026-08-04T22:55:18.000Z
2026-08-04T22:57:34.722210+00:00,6,Disney Magic Kingdom,132,Dumbo the Flying Elephant,True,25,2026-08-04T22:55:18.000Z
2026-08-04T22:57:34.722210+00:00,6,Disney Magic Kingdom,128,Enchanted Tales with Belle,True,15,2026-08-04T22:55:18.000Z
2026-08-04T22:57:34.722210+00:00,6,Disney Magic Kingdom,135,Mad Tea Party,True,10,2026-08-04T22:55:18.000Z
2026-08-04T22:57:34.722210+00:00,6,Disney Magic Kingdom,147,Meet Ariel at Her Grotto,True,35,2026-08-04T22:55:18.000Z
2026-08-04T22:57:34.722210+00:00,6,Disney Magic Kingdom,6700,Meet Cinderella and a Visiting Princess at Princess Fairytale Hall,True,25,2026-08-04T22:55:18.000Z
2026-08-04T22:57:34.722210+00:00,6,Disney Magic Kingdom,144,Meet Daring Disney Pals as Circus Stars at Pete's Silly Sideshow,True,40,2026-08-04T22:55:18.000Z
2026-08-04T22:57:34.722210+00:00,6,Disney Magic Kingdom,145,Meet Dashing Disney Pals as Circus Stars at Pete's Silly Sideshow,True,55,2026-08-04T22:55:18.000Z
2026-08-04T22:57:34.722210+00:00,6,Disney Magic Kingdom,6699,Meet Princess Tiana and a Visiting Princess at Princess Fairytale Hall,True,40,2026-08-04T22:55:18.000Z
2026-08-04T22:57:34.722210+00:00,6,Disney Magic Kingdom,171,Mickey's PhilharMagic,True,10,2026-08-04T22:55:18.000Z
2026-08-04T22:57:34.722210+00:00,6,Disney Magic Kingdom,136,Peter Pan's Flight,True,45,2026-08-04T22:55:18.000Z
2026-08-04T22:57:34.722210+00:00,6,Disney Magic Kingdom,161,Prince Charming Regal Carrousel,True,10,2026-08-04T22:55:18.000Z
2026-08-04T22:57:34.722210+00:00,6,Disney Magic Kingdom,129,Seven Dwarfs Mine Train,True,65,2026-08-04T22:55:18.000Z
2026-08-04T22:57:34.722210+00:00,6,Disney Magic Kingdom,126,The Barnstormer,True,25,2026-08-04T22:55:18.000Z
2026-08-04T22:57:34.722210+00:00,6,Disney Magic Kingdom,142,The Many Adventures of Winnie the Pooh,True,35,2026-08-04T22:55:18.000Z
2026-08-04T22:57:34.722210+00:00,6,Disney Magic Kingdom,127,Under the Sea - Journey of The Little Mermaid,True,20,2026-08-04T22:55:18.000Z
2026-08-04T22:57:34.722210+00:00,6,Disney Magic Kingdom,1181,Walt Disney World Railroad - Fantasyland,True,15,2026-08-04T22:55:18.000Z
2026-08-04T22:57:34.722210+00:00,6,Disney Magic Kingdom,130,Big Thunder Mountain Railroad,True,50,2026-08-04T22:55:18.000Z
2026-08-04T22:57:34.722210+00:00,6,Disney Magic Kingdom,1214,Country Bear Musical Jamboree,True,10,2026-08-04T22:55:18.000Z
2026-08-04T22:57:34.722210+00:00,6,Disney Magic Kingdom,13630,Tiana's Bayou Adventure,True,55,2026-08-04T22:55:18.000Z
2026-08-04T22:57:34.722210+00:00,6,Disney Magic Kingdom,140,Haunted Mansion,True,45,2026-08-04T22:55:18.000Z
2026-08-04T22:57:34.722210+00:00,6,Disney Magic Kingdom,356,The Hall of Presidents,True,15,2026-08-04T22:55:18.000Z
2026-08-04T22:57:34.722210+00:00,6,Disney Magic Kingdom,1188,Main Street Vehicles,False,0,2026-08-04T22:55:18.000Z
2026-08-04T22:57:34.722210+00:00,6,Disney Magic Kingdom,146,Meet Mickey at Town Square Theater,True,50,2026-08-04T22:55:18.000Z
2026-08-04T22:57:34.722210+00:00,6,Disney Magic Kingdom,1189,"Walt Disney World Railroad - Main Street, U.S.A.",True,15,2026-08-04T22:55:18.000Z
2026-08-04T22:57:34.722210+00:00,6,Disney Magic Kingdom,248,Astro Orbiter,True,25,2026-08-04T22:55:18.000Z
2026-08-04T22:57:34.722210+00:00,6,Disney Magic Kingdom,131,Buzz Lightyear’s Space Ranger Spin,True,35,2026-08-04T22:55:18.000Z
2026-08-04T22:57:34.722210+00:00,6,Disney Magic Kingdom,125,"Monsters, Inc. Laugh Floor",True,10,2026-08-04T22:55:18.000Z
2026-08-04T22:57:34.722210+00:00,6,Disney Magic Kingdom,138,Space Mountain,True,100,2026-08-04T22:55:18.000Z
2026-08-04T22:57:34.722210+00:00,6,Disney Magic Kingdom,143,Tomorrowland Speedway,True,15,2026-08-04T22:55:18.000Z
2026-08-04T22:57:34.722210+00:00,6,Disney Magic Kingdom,1190,Tomorrowland Transit Authority PeopleMover,True,15,2026-08-04T22:55:18.000Z
2026-08-04T22:57:34.722210+00:00,6,Disney Magic Kingdom,11527,TRON Lightcycle / Run,True,85,2026-08-04T22:55:18.000Z
2026-08-04T22:57:34.722210+00:00,6,Disney Magic Kingdom,457,Walt Disney's Carousel of Progress,False,0,2026-08-04T22:55:18.000Z
2026-08-04T22:57:34.722210+00:00,6,Disney Magic Kingdom,14927,Meet Mickey Mouse and Minnie Mouse at Mickey's Not-So-Scary Halloween Party,False,0,2026-08-04T22:55:18.000Z
2026-08-04T22:57:34.817861+00:00,5,Epcot,2495,Disney and Pixar Short Film Festival,True,0,2026-08-04T22:55:12.000Z
2026-08-04T22:57:34.817861+00:00,5,Epcot,155,Journey Into Imagination With Figment,True,10,2026-08-04T22:55:12.000Z
2026-08-04T22:57:34.817861+00:00,5,Epcot,13627,Meet Beloved Disney Pals at Mickey & Friends,True,35,2026-08-04T22:55:12.000Z
2026-08-04T22:57:34.817861+00:00,5,Epcot,159,Spaceship Earth,True,5,2026-08-04T22:55:12.000Z
2026-08-04T22:57:34.817861+00:00,5,Epcot,10916,Guardians of the Galaxy: Cosmic Rewind,True,90,2026-08-04T22:55:12.000Z
2026-08-04T22:57:34.817861+00:00,5,Epcot,158,Mission: SPACE,True,20,2026-08-04T22:55:12.000Z
2026-08-04T22:57:34.817861+00:00,5,Epcot,160,Test Track,True,110,2026-08-04T22:55:12.000Z
2026-08-04T22:57:34.817861+00:00,5,Epcot,10900,Test Track Presented by Chevrolet Single Rider,True,0,2026-08-04T22:55:12.000Z
2026-08-04T22:57:34.817861+00:00,5,Epcot,7323,Awesome Planet,True,0,2026-08-04T22:55:12.000Z
2026-08-04T22:57:34.817861+00:00,5,Epcot,12387,"Journey of Water, Inspired by Moana",True,0,2026-08-04T22:55:12.000Z
2026-08-04T22:57:34.817861+00:00,5,Epcot,156,Living with the Land,True,5,2026-08-04T22:55:12.000Z
2026-08-04T22:57:34.817861+00:00,5,Epcot,13782,SeaBase Aquarium,True,0,2026-08-04T22:55:12.000Z
2026-08-04T22:57:34.817861+00:00,5,Epcot,16467,Soarin' Across America,True,25,2026-08-04T22:55:12.000Z
2026-08-04T22:57:34.817861+00:00,5,Epcot,153,The Seas with Nemo & Friends,True,5,2026-08-04T22:55:12.000Z
2026-08-04T22:57:34.817861+00:00,5,Epcot,152,Turtle Talk With Crush,True,15,2026-08-04T22:55:12.000Z
2026-08-04T22:57:34.817861+00:00,5,Epcot,829,Canada Far and Wide in Circle-Vision 360,True,15,2026-08-04T22:55:12.000Z
2026-08-04T22:57:34.817861+00:00,5,Epcot,2679,Frozen Ever After,True,55,2026-08-04T22:55:12.000Z
2026-08-04T22:57:34.817861+00:00,5,Epcot,466,Gran Fiesta Tour Starring The Three Caballeros,True,5,2026-08-04T22:55:12.000Z
2026-08-04T22:57:34.817861+00:00,5,Epcot,6701,Meet Anna and Elsa at Royal Sommerhus,False,0,2026-08-04T22:55:12.000Z
2026-08-04T22:57:34.817861+00:00,5,Epcot,10914,Remy's Ratatouille Adventure,True,50,2026-08-04T22:55:12.000Z
2026-08-04T22:57:34.817861+00:00,5,Epcot,10915,Remy's Ratatouille Adventure Single Rider,True,0,2026-08-04T22:55:12.000Z
2026-08-05T02:00:22.226802+00:00,8,Animal Kingdom,657,Festival of the Lion King,True,0,2026-08-05T01:55:35.000Z
2026-08-05T02:00:22.226802+00:00,8,Animal Kingdom,651,Gorilla Falls Exploration Trail,False,0,2026-08-05T01:55:35.000Z
2026-08-05T02:00:22.226802+00:00,8,Animal Kingdom,113,Kilimanjaro Safaris,False,0,2026-08-05T01:55:35.000Z
2026-08-05T02:00:22.226802+00:00,8,Animal Kingdom,655,Wildlife Express Train,False,0,2026-08-05T01:55:35.000Z
2026-08-05T02:00:22.226802+00:00,8,Animal Kingdom,110,Expedition Everest - Legend of the Forbidden Mountain,False,0,2026-08-05T01:55:35.000Z
2026-08-05T02:00:22.226802+00:00,8,Animal Kingdom,14533,Expedition Everest - Legend of the Forbidden Mountain Single Rider,False,0,2026-08-05T01:55:35.000Z
2026-08-05T02:00:22.226802+00:00,8,Animal Kingdom,10921,Feathered Friends in Flight!,True,0,2026-08-05T01:55:35.000Z
2026-08-05T02:00:22.226802+00:00,8,Animal Kingdom,112,Kali River Rapids,False,0,2026-08-05T01:55:35.000Z
2026-08-05T02:00:22.226802+00:00,8,Animal Kingdom,13806,Animal Care at Conservation Station,False,0,2026-08-05T01:55:35.000Z
2026-08-05T02:00:22.226802+00:00,8,Animal Kingdom,16545,Bluey's Wild World at Conservation Station,False,0,2026-08-05T01:55:35.000Z
2026-08-05T02:00:22.226802+00:00,8,Animal Kingdom,10920,Finding Nemo: The Big Blue... and Beyond!,True,0,2026-08-05T01:55:35.000Z
2026-08-05T02:00:22.226802+00:00,8,Animal Kingdom,13811,Discovery Island Trails,False,0,2026-08-05T01:55:35.000Z
2026-08-05T02:00:22.226802+00:00,8,Animal Kingdom,116,Meet Favorite Disney Pals at Adventurers Outpost,False,0,2026-08-05T01:55:35.000Z
2026-08-05T02:00:22.226802+00:00,8,Animal Kingdom,12451,Meet Moana at Character Landing,False,0,2026-08-05T01:55:35.000Z
2026-08-05T02:00:22.226802+00:00,8,Animal Kingdom,13751,Tree of Life,True,0,2026-08-05T01:55:35.000Z
2026-08-05T02:00:22.226802+00:00,8,Animal Kingdom,14943,Zootopia: Better Zoogether!,False,0,2026-08-05T01:55:35.000Z
2026-08-05T02:00:22.226802+00:00,8,Animal Kingdom,4439,Avatar Flight of Passage,False,0,2026-08-05T01:55:35.000Z
2026-08-05T02:00:22.226802+00:00,8,Animal Kingdom,4438,Na'vi River Journey,False,0,2026-08-05T01:55:35.000Z
2026-08-05T02:00:22.226802+00:00,8,Animal Kingdom,13812,The Oasis Exhibits,False,0,2026-08-05T01:55:35.000Z
2026-08-05T02:00:22.226802+00:00,8,Animal Kingdom,13808,Wilderness Explorers,False,0,2026-08-05T01:55:35.000Z
2026-08-05T02:00:22.446860+00:00,7,Disney Hollywood Studios,16641,Disney Jr. Mickey Mouse Clubhouse Live!,True,0,2026-08-05T01:55:24.000Z
2026-08-05T02:00:22.446860+00:00,7,Disney Hollywood Studios,12430,Meet Ariel at Walt Disney Presents,False,0,2026-08-05T01:55:24.000Z
2026-08-05T02:00:22.446860+00:00,7,Disney Hollywood Studios,14859,The Little Mermaid – A Musical Adventure,True,0,2026-08-05T01:55:24.000Z
2026-08-05T02:00:22.446860+00:00,7,Disney Hollywood Studios,5145,Walt Disney Presents,False,0,2026-08-05T01:55:24.000Z
2026-08-05T02:00:22.446860+00:00,7,Disney Hollywood Studios,6704,Meet Disney Stars at Red Carpet Dreams,False,0,2026-08-05T01:55:24.000Z
2026-08-05T02:00:22.446860+00:00,7,Disney Hollywood Studios,1174,For the First Time in Forever: A Frozen Sing-Along Celebration,True,0,2026-08-05T01:55:24.000Z
2026-08-05T02:00:22.446860+00:00,7,Disney Hollywood Studios,6702,Indiana Jones™ Epic Stunt Spectacular!,True,0,2026-08-05T01:55:24.000Z
2026-08-05T02:00:22.446860+00:00,7,Disney Hollywood Studios,6703,Meet Olaf at Celebrity Spotlight,False,0,2026-08-05T01:55:24.000Z
2026-08-05T02:00:22.446860+00:00,7,Disney Hollywood Studios,120,Star Tours – The Adventures Continue,True,5,2026-08-05T01:55:24.000Z
2026-08-05T02:00:22.446860+00:00,7,Disney Hollywood Studios,7333,Vacation Fun - An Original Animated Short with Mickey & Minnie,False,0,2026-08-05T01:55:24.000Z
2026-08-05T02:00:22.446860+00:00,7,Disney Hollywood Studios,6361,Mickey & Minnie's Runaway Railway,True,25,2026-08-05T01:55:24.000Z
2026-08-05T02:00:22.446860+00:00,7,Disney Hollywood Studios,12425,Meet Edna Mode at the Edna Mode Experience,False,0,2026-08-05T01:55:24.000Z
2026-08-05T02:00:22.446860+00:00,7,Disney Hollywood Studios,117,Toy Story Mania!,True,10,2026-08-05T01:55:24.000Z
2026-08-05T02:00:22.446860+00:00,7,Disney Hollywood Studios,6368,Millennium Falcon: Smugglers Run,True,15,2026-08-05T01:55:24.000Z
2026-08-05T02:00:22.446860+00:00,7,Disney Hollywood Studios,10902,Millennium Falcon: Smugglers Run Single Rider,True,0,2026-08-05T01:55:24.000Z
2026-08-05T02:00:22.446860+00:00,7,Disney Hollywood Studios,6369,Star Wars: Rise of the Resistance,True,5,2026-08-05T01:55:24.000Z
2026-08-05T02:00:22.446860+00:00,7,Disney Hollywood Studios,14531,Star Wars: Rise of the Resistance Single Rider,True,0,2026-08-05T01:55:24.000Z
2026-08-05T02:00:22.446860+00:00,7,Disney Hollywood Studios,1176,Beauty and the Beast – Live on Stage,True,0,2026-08-05T01:55:24.000Z
2026-08-05T02:00:22.446860+00:00,7,Disney Hollywood Studios,16343,Rock 'n' Roller Coaster Starring Aerosmith Single Rider,True,0,2026-08-05T01:55:24.000Z
2026-08-05T02:00:22.446860+00:00,7,Disney Hollywood Studios,16342,Rock ’n’ Roller Coaster Starring The Muppets,True,40,2026-08-05T01:55:24.000Z
2026-08-05T02:00:22.446860+00:00,7,Disney Hollywood Studios,123,The Twilight Zone™ Tower of Terror,True,13,2026-08-05T01:55:24.000Z
2026-08-05T02:00:22.446860+00:00,7,Disney Hollywood Studios,5477,Alien Swirling Saucers,True,5,2026-08-05T01:55:24.000Z
2026-08-05T02:00:22.446860+00:00,7,Disney Hollywood Studios,5476,Slinky Dog Dash,True,35,2026-08-05T01:55:24.000Z
2026-08-05T02:00:22.658833+00:00,6,Disney Magic Kingdom,1184,A Pirate's Adventure ~ Treasures of the Seven Seas,False,0,2026-08-05T01:55:24.000Z
2026-08-05T02:00:22.658833+00:00,6,Disney Magic Kingdom,134,Jungle Cruise,True,5,2026-08-05T01:55:24.000Z
2026-08-05T02:00:22.658833+00:00,6,Disney Magic Kingdom,137,Pirates of the Caribbean,True,5,2026-08-05T01:55:24.000Z
2026-08-05T02:00:22.658833+00:00,6,Disney Magic Kingdom,355,Swiss Family Treehouse,True,5,2026-08-05T01:55:24.000Z
2026-08-05T02:00:22.658833+00:00,6,Disney Magic Kingdom,141,The Magic Carpets of Aladdin,True,5,2026-08-05T01:55:24.000Z
2026-08-05T02:00:22.658833+00:00,6,Disney Magic Kingdom,334,Walt Disney's Enchanted Tiki Room,True,10,2026-08-05T01:55:24.000Z
2026-08-05T02:00:22.658833+00:00,6,Disney Magic Kingdom,133,"""it's a small world""",True,5,2026-08-05T01:55:24.000Z
2026-08-05T02:00:22.658833+00:00,6,Disney Magic Kingdom,13764,Casey Jr. Splash 'N' Soak Station,False,0,2026-08-05T01:55:24.000Z
2026-08-05T02:00:22.658833+00:00,6,Disney Magic Kingdom,13763,Cinderella Castle,True,0,2026-08-05T01:55:24.000Z
2026-08-05T02:00:22.658833+00:00,6,Disney Magic Kingdom,132,Dumbo the Flying Elephant,True,5,2026-08-05T01:55:24.000Z
2026-08-05T02:00:22.658833+00:00,6,Disney Magic Kingdom,128,Enchanted Tales with Belle,False,0,2026-08-05T01:55:24.000Z
2026-08-05T02:00:22.658833+00:00,6,Disney Magic Kingdom,135,Mad Tea Party,True,10,2026-08-05T01:55:24.000Z
2026-08-05T02:00:22.658833+00:00,6,Disney Magic Kingdom,147,Meet Ariel at Her Grotto,False,0,2026-08-05T01:55:24.000Z
2026-08-05T02:00:22.658833+00:00,6,Disney Magic Kingdom,6700,Meet Cinderella and a Visiting Princess at Princess Fairytale Hall,False,0,2026-08-05T01:55:24.000Z
2026-08-05T02:00:22.658833+00:00,6,Disney Magic Kingdom,144,Meet Daring Disney Pals as Circus Stars at Pete's Silly Sideshow,False,0,2026-08-05T01:55:24.000Z
2026-08-05T02:00:22.658833+00:00,6,Disney Magic Kingdom,145,Meet Dashing Disney Pals as Circus Stars at Pete's Silly Sideshow,False,0,2026-08-05T01:55:24.000Z
2026-08-05T02:00:22.658833+00:00,6,Disney Magic Kingdom,6699,Meet Princess Tiana and a Visiting Princess at Princess Fairytale Hall,False,0,2026-08-05T01:55:24.000Z
2026-08-05T02:00:22.658833+00:00,6,Disney Magic Kingdom,171,Mickey's PhilharMagic,True,10,2026-08-05T01:55:24.000Z
2026-08-05T02:00:22.658833+00:00,6,Disney Magic Kingdom,136,Peter Pan's Flight,True,40,2026-08-05T01:55:24.000Z
2026-08-05T02:00:22.658833+00:00,6,Disney Magic Kingdom,161,Prince Charming Regal Carrousel,True,10,2026-08-05T01:55:24.000Z
2026-08-05T02:00:22.658833+00:00,6,Disney Magic Kingdom,129,Seven Dwarfs Mine Train,True,35,2026-08-05T01:55:24.000Z
2026-08-05T02:00:22.658833+00:00,6,Disney Magic Kingdom,126,The Barnstormer,True,5,2026-08-05T01:55:24.000Z
2026-08-05T02:00:22.658833+00:00,6,Disney Magic Kingdom,142,The Many Adventures of Winnie the Pooh,True,20,2026-08-05T01:55:24.000Z
2026-08-05T02:00:22.658833+00:00,6,Disney Magic Kingdom,127,Under the Sea - Journey of The Little Mermaid,True,5,2026-08-05T01:55:24.000Z
2026-08-05T02:00:22.658833+00:00,6,Disney Magic Kingdom,1181,Walt Disney World Railroad - Fantasyland,False,0,2026-08-05T01:55:24.000Z
2026-08-05T02:00:22.658833+00:00,6,Disney Magic Kingdom,130,Big Thunder Mountain Railroad,True,10,2026-08-05T01:55:24.000Z
2026-08-05T02:00:22.658833+00:00,6,Disney Magic Kingdom,1214,Country Bear Musical Jamboree,True,10,2026-08-05T01:55:24.000Z
2026-08-05T02:00:22.658833+00:00,6,Disney Magic Kingdom,13630,Tiana's Bayou Adventure,True,15,2026-08-05T01:55:24.000Z
2026-08-05T02:00:22.658833+00:00,6,Disney Magic Kingdom,140,Haunted Mansion,True,20,2026-08-05T01:55:24.000Z
2026-08-05T02:00:22.658833+00:00,6,Disney Magic Kingdom,356,The Hall of Presidents,False,0,2026-08-05T01:55:24.000Z
2026-08-05T02:00:22.658833+00:00,6,Disney Magic Kingdom,1188,Main Street Vehicles,False,0,2026-08-05T01:55:24.000Z
2026-08-05T02:00:22.658833+00:00,6,Disney Magic Kingdom,146,Meet Mickey at Town Square Theater,True,30,2026-08-05T01:55:24.000Z
2026-08-05T02:00:22.658833+00:00,6,Disney Magic Kingdom,1189,"Walt Disney World Railroad - Main Street, U.S.A.",False,0,2026-08-05T01:55:24.000Z
2026-08-05T02:00:22.658833+00:00,6,Disney Magic Kingdom,248,Astro Orbiter,True,5,2026-08-05T01:55:24.000Z
2026-08-05T02:00:22.658833+00:00,6,Disney Magic Kingdom,131,Buzz Lightyear’s Space Ranger Spin,True,35,2026-08-05T01:55:24.000Z
2026-08-05T02:00:22.658833+00:00,6,Disney Magic Kingdom,125,"Monsters, Inc. Laugh Floor",True,20,2026-08-05T01:55:24.000Z
2026-08-05T02:00:22.658833+00:00,6,Disney Magic Kingdom,138,Space Mountain,True,75,2026-08-05T01:55:24.000Z
2026-08-05T02:00:22.658833+00:00,6,Disney Magic Kingdom,143,Tomorrowland Speedway,True,5,2026-08-05T01:55:24.000Z
2026-08-05T02:00:22.658833+00:00,6,Disney Magic Kingdom,1190,Tomorrowland Transit Authority PeopleMover,True,5,2026-08-05T01:55:24.000Z
2026-08-05T02:00:22.658833+00:00,6,Disney Magic Kingdom,11527,TRON Lightcycle / Run,True,85,2026-08-05T01:55:24.000Z
2026-08-05T02:00:22.658833+00:00,6,Disney Magic Kingdom,457,Walt Disney's Carousel of Progress,False,0,2026-08-05T01:55:24.000Z
2026-08-05T02:00:22.658833+00:00,6,Disney Magic Kingdom,14927,Meet Mickey Mouse and Minnie Mouse at Mickey's Not-So-Scary Halloween Party,False,0,2026-08-05T01:55:24.000Z
2026-08-05T02:00:22.881614+00:00,5,Epcot,2495,Disney and Pixar Short Film Festival,False,0,2026-08-05T01:55:14.000Z
2026-08-05T02:00:22.881614+00:00,5,Epcot,155,Journey Into Imagination With Figment,False,0,2026-08-05T01:55:14.000Z
2026-08-05T02:00:22.881614+00:00,5,Epcot,13627,Meet Beloved Disney Pals at Mickey & Friends,False,0,2026-08-05T01:55:14.000Z
2026-08-05T02:00:22.881614+00:00,5,Epcot,159,Spaceship Earth,False,0,2026-08-05T01:55:14.000Z
2026-08-05T02:00:22.881614+00:00,5,Epcot,10916,Guardians of the Galaxy: Cosmic Rewind,False,0,2026-08-05T01:55:14.000Z
2026-08-05T02:00:22.881614+00:00,5,Epcot,158,Mission: SPACE,False,0,2026-08-05T01:55:14.000Z
2026-08-05T02:00:22.881614+00:00,5,Epcot,160,Test Track,False,0,2026-08-05T01:55:14.000Z
2026-08-05T02:00:22.881614+00:00,5,Epcot,10900,Test Track Presented by Chevrolet Single Rider,False,0,2026-08-05T01:55:14.000Z
2026-08-05T02:00:22.881614+00:00,5,Epcot,7323,Awesome Planet,False,0,2026-08-05T01:55:14.000Z
2026-08-05T02:00:22.881614+00:00,5,Epcot,12387,"Journey of Water, Inspired by Moana",False,0,2026-08-05T01:55:14.000Z
2026-08-05T02:00:22.881614+00:00,5,Epcot,156,Living with the Land,False,0,2026-08-05T01:55:14.000Z
2026-08-05T02:00:22.881614+00:00,5,Epcot,13782,SeaBase Aquarium,False,0,2026-08-05T01:55:14.000Z
2026-08-05T02:00:22.881614+00:00,5,Epcot,16467,Soarin' Across America,False,0,2026-08-05T01:55:14.000Z
2026-08-05T02:00:22.881614+00:00,5,Epcot,153,The Seas with Nemo & Friends,False,0,2026-08-05T01:55:14.000Z
2026-08-05T02:00:22.881614+00:00,5,Epcot,152,Turtle Talk With Crush,False,0,2026-08-05T01:55:14.000Z
2026-08-05T02:00:22.881614+00:00,5,Epcot,829,Canada Far and Wide in Circle-Vision 360,False,0,2026-08-05T01:55:14.000Z
2026-08-05T02:00:22.881614+00:00,5,Epcot,2679,Frozen Ever After,False,0,2026-08-05T01:55:14.000Z
2026-08-05T02:00:22.881614+00:00,5,Epcot,466,Gran Fiesta Tour Starring The Three Caballeros,False,0,2026-08-05T01:55:14.000Z
2026-08-05T02:00:22.881614+00:00,5,Epcot,6701,Meet Anna and Elsa at Royal Sommerhus,False,0,2026-08-05T01:55:14.000Z
2026-08-05T02:00:22.881614+00:00,5,Epcot,10914,Remy's Ratatouille Adventure,False,0,2026-08-05T01:55:14.000Z
2026-08-05T02:00:22.881614+00:00,5,Epcot,10915,Remy's Ratatouille Adventure Single Rider,False,0,2026-08-05T01:55:14.000Z
2026-08-05T13:55:15.513000+00:00,8,Animal Kingdom,657,Festival of the Lion King,True,0,2026-08-05T13:50:34.000Z
2026-08-05T13:55:15.513000+00:00,8,Animal Kingdom,651,Gorilla Falls Exploration Trail,True,5,2026-08-05T13:50:34.000Z
2026-08-05T13:55:15.513000+00:00,8,Animal Kingdom,113,Kilimanjaro Safaris,True,55,2026-08-05T13:50:34.000Z
2026-08-05T13:55:15.513000+00:00,8,Animal Kingdom,655,Wildlife Express Train,True,5,2026-08-05T13:50:34.000Z
2026-08-05T13:55:15.513000+00:00,8,Animal Kingdom,110,Expedition Everest - Legend of the Forbidden Mountain,True,30,2026-08-05T13:50:34.000Z
2026-08-05T13:55:15.513000+00:00,8,Animal Kingdom,14533,Expedition Everest - Legend of the Forbidden Mountain Single Rider,True,0,2026-08-05T13:50:34.000Z
2026-08-05T13:55:15.513000+00:00,8,Animal Kingdom,10921,Feathered Friends in Flight!,True,0,2026-08-05T13:50:34.000Z
2026-08-05T13:55:15.513000+00:00,8,Animal Kingdom,112,Kali River Rapids,True,5,2026-08-05T13:50:34.000Z
2026-08-05T13:55:15.513000+00:00,8,Animal Kingdom,13806,Animal Care at Conservation Station,True,0,2026-08-05T13:50:34.000Z
2026-08-05T13:55:15.513000+00:00,8,Animal Kingdom,16545,Bluey's Wild World at Conservation Station,True,15,2026-08-05T13:50:34.000Z
2026-08-05T13:55:15.513000+00:00,8,Animal Kingdom,10920,Finding Nemo: The Big Blue... and Beyond!,True,0,2026-08-05T13:50:34.000Z
2026-08-05T13:55:15.513000+00:00,8,Animal Kingdom,13811,Discovery Island Trails,True,0,2026-08-05T13:50:34.000Z
2026-08-05T13:55:15.513000+00:00,8,Animal Kingdom,116,Meet Favorite Disney Pals at Adventurers Outpost,True,25,2026-08-05T13:50:34.000Z
2026-08-05T13:55:15.513000+00:00,8,Animal Kingdom,12451,Meet Moana at Character Landing,True,0,2026-08-05T13:50:34.000Z
2026-08-05T13:55:15.513000+00:00,8,Animal Kingdom,13751,Tree of Life,True,0,2026-08-05T13:50:34.000Z
2026-08-05T13:55:15.513000+00:00,8,Animal Kingdom,14943,Zootopia: Better Zoogether!,True,15,2026-08-05T13:50:34.000Z
2026-08-05T13:55:15.513000+00:00,8,Animal Kingdom,4439,Avatar Flight of Passage,True,65,2026-08-05T13:50:34.000Z
2026-08-05T13:55:15.513000+00:00,8,Animal Kingdom,4438,Na'vi River Journey,True,35,2026-08-05T13:50:34.000Z
2026-08-05T13:55:15.513000+00:00,8,Animal Kingdom,13812,The Oasis Exhibits,True,0,2026-08-05T13:50:34.000Z
2026-08-05T13:55:15.513000+00:00,8,Animal Kingdom,13808,Wilderness Explorers,True,0,2026-08-05T13:50:34.000Z
2026-08-05T13:55:15.632302+00:00,7,Disney Hollywood Studios,16641,Disney Jr. Mickey Mouse Clubhouse Live!,True,0,2026-08-05T13:50:34.000Z
2026-08-05T13:55:15.632302+00:00,7,Disney Hollywood Studios,12430,Meet Ariel at Walt Disney Presents,True,0,2026-08-05T13:50:34.000Z
2026-08-05T13:55:15.632302+00:00,7,Disney Hollywood Studios,14859,The Little Mermaid – A Musical Adventure,True,0,2026-08-05T13:50:34.000Z
2026-08-05T13:55:15.632302+00:00,7,Disney Hollywood Studios,5145,Walt Disney Presents,True,0,2026-08-05T13:50:34.000Z
2026-08-05T13:55:15.632302+00:00,7,Disney Hollywood Studios,6704,Meet Disney Stars at Red Carpet Dreams,True,20,2026-08-05T13:50:34.000Z
2026-08-05T13:55:15.632302+00:00,7,Disney Hollywood Studios,1174,For the First Time in Forever: A Frozen Sing-Along Celebration,True,0,2026-08-05T13:50:34.000Z
2026-08-05T13:55:15.632302+00:00,7,Disney Hollywood Studios,6702,Indiana Jones™ Epic Stunt Spectacular!,True,0,2026-08-05T13:50:34.000Z
2026-08-05T13:55:15.632302+00:00,7,Disney Hollywood Studios,6703,Meet Olaf at Celebrity Spotlight,True,15,2026-08-05T13:50:34.000Z
2026-08-05T13:55:15.632302+00:00,7,Disney Hollywood Studios,120,Star Tours – The Adventures Continue,True,5,2026-08-05T13:50:34.000Z
2026-08-05T13:55:15.632302+00:00,7,Disney Hollywood Studios,7333,Vacation Fun - An Original Animated Short with Mickey & Minnie,True,10,2026-08-05T13:50:34.000Z
2026-08-05T13:55:15.632302+00:00,7,Disney Hollywood Studios,6361,Mickey & Minnie's Runaway Railway,True,50,2026-08-05T13:50:34.000Z
2026-08-05T13:55:15.632302+00:00,7,Disney Hollywood Studios,12425,Meet Edna Mode at the Edna Mode Experience,True,0,2026-08-05T13:50:34.000Z
2026-08-05T13:55:15.632302+00:00,7,Disney Hollywood Studios,117,Toy Story Mania!,True,55,2026-08-05T13:50:34.000Z
2026-08-05T13:55:15.632302+00:00,7,Disney Hollywood Studios,6368,Millennium Falcon: Smugglers Run,True,30,2026-08-05T13:50:34.000Z
2026-08-05T13:55:15.632302+00:00,7,Disney Hollywood Studios,10902,Millennium Falcon: Smugglers Run Single Rider,True,0,2026-08-05T13:50:34.000Z
2026-08-05T13:55:15.632302+00:00,7,Disney Hollywood Studios,6369,Star Wars: Rise of the Resistance,True,50,2026-08-05T13:50:34.000Z
2026-08-05T13:55:15.632302+00:00,7,Disney Hollywood Studios,14531,Star Wars: Rise of the Resistance Single Rider,True,0,2026-08-05T13:50:34.000Z
2026-08-05T13:55:15.632302+00:00,7,Disney Hollywood Studios,1176,Beauty and the Beast – Live on Stage,True,0,2026-08-05T13:50:34.000Z
2026-08-05T13:55:15.632302+00:00,7,Disney Hollywood Studios,16343,Rock 'n' Roller Coaster Starring Aerosmith Single Rider,True,0,2026-08-05T13:50:34.000Z
2026-08-05T13:55:15.632302+00:00,7,Disney Hollywood Studios,16342,Rock ’n’ Roller Coaster Starring The Muppets,True,60,2026-08-05T13:50:34.000Z
2026-08-05T13:55:15.632302+00:00,7,Disney Hollywood Studios,123,The Twilight Zone™ Tower of Terror,True,35,2026-08-05T13:50:34.000Z
2026-08-05T13:55:15.632302+00:00,7,Disney Hollywood Studios,5477,Alien Swirling Saucers,True,45,2026-08-05T13:50:34.000Z
2026-08-05T13:55:15.632302+00:00,7,Disney Hollywood Studios,5476,Slinky Dog Dash,True,75,2026-08-05T13:50:34.000Z
2026-08-05T13:55:15.738244+00:00,6,Disney Magic Kingdom,1184,A Pirate's Adventure ~ Treasures of the Seven Seas,False,0,2026-08-05T13:50:20.000Z
2026-08-05T13:55:15.738244+00:00,6,Disney Magic Kingdom,134,Jungle Cruise,True,30,2026-08-05T13:50:20.000Z
2026-08-05T13:55:15.738244+00:00,6,Disney Magic Kingdom,137,Pirates of the Caribbean,True,5,2026-08-05T13:50:20.000Z
2026-08-05T13:55:15.738244+00:00,6,Disney Magic Kingdom,355,Swiss Family Treehouse,True,5,2026-08-05T13:50:20.000Z
2026-08-05T13:55:15.738244+00:00,6,Disney Magic Kingdom,141,The Magic Carpets of Aladdin,True,10,2026-08-05T13:50:20.000Z
2026-08-05T13:55:15.738244+00:00,6,Disney Magic Kingdom,334,Walt Disney's Enchanted Tiki Room,True,10,2026-08-05T13:50:20.000Z
2026-08-05T13:55:15.738244+00:00,6,Disney Magic Kingdom,133,"""it's a small world""",True,5,2026-08-05T13:50:20.000Z
2026-08-05T13:55:15.738244+00:00,6,Disney Magic Kingdom,13764,Casey Jr. Splash 'N' Soak Station,True,0,2026-08-05T13:50:20.000Z
2026-08-05T13:55:15.738244+00:00,6,Disney Magic Kingdom,13763,Cinderella Castle,True,0,2026-08-05T13:50:20.000Z
2026-08-05T13:55:15.738244+00:00,6,Disney Magic Kingdom,132,Dumbo the Flying Elephant,True,5,2026-08-05T13:50:20.000Z
2026-08-05T13:55:15.738244+00:00,6,Disney Magic Kingdom,128,Enchanted Tales with Belle,False,0,2026-08-05T13:50:20.000Z
2026-08-05T13:55:15.738244+00:00,6,Disney Magic Kingdom,135,Mad Tea Party,True,5,2026-08-05T13:50:20.000Z
2026-08-05T13:55:15.738244+00:00,6,Disney Magic Kingdom,147,Meet Ariel at Her Grotto,False,0,2026-08-05T13:50:20.000Z
2026-08-05T13:55:15.738244+00:00,6,Disney Magic Kingdom,6700,Meet Cinderella and a Visiting Princess at Princess Fairytale Hall,True,15,2026-08-05T13:50:20.000Z
2026-08-05T13:55:15.738244+00:00,6,Disney Magic Kingdom,144,Meet Daring Disney Pals as Circus Stars at Pete's Silly Sideshow,False,0,2026-08-05T13:50:20.000Z
2026-08-05T13:55:15.738244+00:00,6,Disney Magic Kingdom,145,Meet Dashing Disney Pals as Circus Stars at Pete's Silly Sideshow,False,0,2026-08-05T13:50:20.000Z
2026-08-05T13:55:15.738244+00:00,6,Disney Magic Kingdom,6699,Meet Princess Tiana and a Visiting Princess at Princess Fairytale Hall,True,20,2026-08-05T13:50:20.000Z
2026-08-05T13:55:15.738244+00:00,6,Disney Magic Kingdom,171,Mickey's PhilharMagic,True,15,2026-08-05T13:50:20.000Z
2026-08-05T13:55:15.738244+00:00,6,Disney Magic Kingdom,136,Peter Pan's Flight,True,35,2026-08-05T13:50:20.000Z
2026-08-05T13:55:15.738244+00:00,6,Disney Magic Kingdom,161,Prince Charming Regal Carrousel,True,5,2026-08-05T13:50:20.000Z
2026-08-05T13:55:15.738244+00:00,6,Disney Magic Kingdom,129,Seven Dwarfs Mine Train,True,40,2026-08-05T13:50:20.000Z
2026-08-05T13:55:15.738244+00:00,6,Disney Magic Kingdom,126,The Barnstormer,True,5,2026-08-05T13:50:20.000Z
2026-08-05T13:55:15.738244+00:00,6,Disney Magic Kingdom,142,The Many Adventures of Winnie the Pooh,True,30,2026-08-05T13:50:20.000Z
2026-08-05T13:55:15.738244+00:00,6,Disney Magic Kingdom,127,Under the Sea - Journey of The Little Mermaid,True,5,2026-08-05T13:50:20.000Z
2026-08-05T13:55:15.738244+00:00,6,Disney Magic Kingdom,1181,Walt Disney World Railroad - Fantasyland,True,20,2026-08-05T13:50:20.000Z
2026-08-05T13:55:15.738244+00:00,6,Disney Magic Kingdom,130,Big Thunder Mountain Railroad,True,25,2026-08-05T13:50:20.000Z
2026-08-05T13:55:15.738244+00:00,6,Disney Magic Kingdom,1214,Country Bear Musical Jamboree,True,0,2026-08-05T13:50:20.000Z
2026-08-05T13:55:15.738244+00:00,6,Disney Magic Kingdom,13630,Tiana's Bayou Adventure,True,20,2026-08-05T13:50:20.000Z
2026-08-05T13:55:15.738244+00:00,6,Disney Magic Kingdom,140,Haunted Mansion,True,13,2026-08-05T13:50:20.000Z
2026-08-05T13:55:15.738244+00:00,6,Disney Magic Kingdom,356,The Hall of Presidents,False,0,2026-08-05T13:50:20.000Z
2026-08-05T13:55:15.738244+00:00,6,Disney Magic Kingdom,1188,Main Street Vehicles,True,0,2026-08-05T13:50:20.000Z
2026-08-05T13:55:15.738244+00:00,6,Disney Magic Kingdom,146,Meet Mickey at Town Square Theater,True,25,2026-08-05T13:50:20.000Z
2026-08-05T13:55:15.738244+00:00,6,Disney Magic Kingdom,1189,"Walt Disney World Railroad - Main Street, U.S.A.",True,20,2026-08-05T13:50:20.000Z
2026-08-05T13:55:15.738244+00:00,6,Disney Magic Kingdom,248,Astro Orbiter,True,10,2026-08-05T13:50:20.000Z
2026-08-05T13:55:15.738244+00:00,6,Disney Magic Kingdom,131,Buzz Lightyear’s Space Ranger Spin,True,20,2026-08-05T13:50:20.000Z
2026-08-05T13:55:15.738244+00:00,6,Disney Magic Kingdom,125,"Monsters, Inc. Laugh Floor",True,10,2026-08-05T13:50:20.000Z
2026-08-05T13:55:15.738244+00:00,6,Disney Magic Kingdom,138,Space Mountain,True,85,2026-08-05T13:50:20.000Z
2026-08-05T13:55:15.738244+00:00,6,Disney Magic Kingdom,143,Tomorrowland Speedway,True,20,2026-08-05T13:50:20.000Z
2026-08-05T13:55:15.738244+00:00,6,Disney Magic Kingdom,1190,Tomorrowland Transit Authority PeopleMover,True,5,2026-08-05T13:50:20.000Z
2026-08-05T13:55:15.738244+00:00,6,Disney Magic Kingdom,11527,TRON Lightcycle / Run,True,75,2026-08-05T13:50:20.000Z
2026-08-05T13:55:15.738244+00:00,6,Disney Magic Kingdom,457,Walt Disney's Carousel of Progress,False,0,2026-08-05T13:50:20.000Z
2026-08-05T13:55:15.738244+00:00,6,Disney Magic Kingdom,14927,Meet Mickey Mouse and Minnie Mouse at Mickey's Not-So-Scary Halloween Party,False,0,2026-08-05T13:50:20.000Z
2026-08-05T13:55:15.852333+00:00,5,Epcot,2495,Disney and Pixar Short Film Festival,True,0,2026-08-05T13:50:14.000Z
2026-08-05T13:55:15.852333+00:00,5,Epcot,155,Journey Into Imagination With Figment,True,5,2026-08-05T13:50:14.000Z
2026-08-05T13:55:15.852333+00:00,5,Epcot,13627,Meet Beloved Disney Pals at Mickey & Friends,True,30,2026-08-05T13:50:14.000Z
2026-08-05T13:55:15.852333+00:00,5,Epcot,159,Spaceship Earth,True,15,2026-08-05T13:50:14.000Z
2026-08-05T13:55:15.852333+00:00,5,Epcot,10916,Guardians of the Galaxy: Cosmic Rewind,True,80,2026-08-05T13:50:14.000Z
2026-08-05T13:55:15.852333+00:00,5,Epcot,158,Mission: SPACE,True,15,2026-08-05T13:50:14.000Z
2026-08-05T13:55:15.852333+00:00,5,Epcot,160,Test Track,True,80,2026-08-05T13:50:14.000Z
2026-08-05T13:55:15.852333+00:00,5,Epcot,10900,Test Track Presented by Chevrolet Single Rider,True,0,2026-08-05T13:50:14.000Z
2026-08-05T13:55:15.852333+00:00,5,Epcot,7323,Awesome Planet,True,0,2026-08-05T13:50:14.000Z
2026-08-05T13:55:15.852333+00:00,5,Epcot,12387,"Journey of Water, Inspired by Moana",True,0,2026-08-05T13:50:14.000Z
2026-08-05T13:55:15.852333+00:00,5,Epcot,156,Living with the Land,True,5,2026-08-05T13:50:14.000Z
2026-08-05T13:55:15.852333+00:00,5,Epcot,13782,SeaBase Aquarium,True,0,2026-08-05T13:50:14.000Z
2026-08-05T13:55:15.852333+00:00,5,Epcot,16467,Soarin' Across America,True,35,2026-08-05T13:50:14.000Z
2026-08-05T13:55:15.852333+00:00,5,Epcot,153,The Seas with Nemo & Friends,True,5,2026-08-05T13:50:14.000Z
2026-08-05T13:55:15.852333+00:00,5,Epcot,152,Turtle Talk With Crush,True,15,2026-08-05T13:50:14.000Z
2026-08-05T13:55:15.852333+00:00,5,Epcot,829,Canada Far and Wide in Circle-Vision 360,True,15,2026-08-05T13:50:14.000Z
2026-08-05T13:55:15.852333+00:00,5,Epcot,2679,Frozen Ever After,True,45,2026-08-05T13:50:14.000Z
2026-08-05T13:55:15.852333+00:00,5,Epcot,466,Gran Fiesta Tour Starring The Three Caballeros,True,5,2026-08-05T13:50:14.000Z
2026-08-05T13:55:15.852333+00:00,5,Epcot,6701,Meet Anna and Elsa at Royal Sommerhus,True,50,2026-08-05T13:50:14.000Z
2026-08-05T13:55:15.852333+00:00,5,Epcot,10914,Remy's Ratatouille Adventure,True,40,2026-08-05T13:50:14.000Z
2026-08-05T13:55:15.852333+00:00,5,Epcot,10915,Remy's Ratatouille Adventure Single Rider,True,0,2026-08-05T13:50:14.000Z
2026-08-05T15:59:12.806076+00:00,8,Animal Kingdom,657,Festival of the Lion King,True,0,2026-08-05T15:55:25.000Z
2026-08-05T15:59:12.806076+00:00,8,Animal Kingdom,651,Gorilla Falls Exploration Trail,True,5,2026-08-05T15:55:25.000Z
2026-08-05T15:59:12.806076+00:00,8,Animal Kingdom,113,Kilimanjaro Safaris,True,85,2026-08-05T15:55:25.000Z
2026-08-05T15:59:12.806076+00:00,8,Animal Kingdom,655,Wildlife Express Train,True,25,2026-08-05T15:55:25.000Z
2026-08-05T15:59:12.806076+00:00,8,Animal Kingdom,110,Expedition Everest - Legend of the Forbidden Mountain,True,35,2026-08-05T15:55:25.000Z
2026-08-05T15:59:12.806076+00:00,8,Animal Kingdom,14533,Expedition Everest - Legend of the Forbidden Mountain Single Rider,True,0,2026-08-05T15:55:25.000Z
2026-08-05T15:59:12.806076+00:00,8,Animal Kingdom,10921,Feathered Friends in Flight!,True,0,2026-08-05T15:55:25.000Z
2026-08-05T15:59:12.806076+00:00,8,Animal Kingdom,112,Kali River Rapids,True,40,2026-08-05T15:55:25.000Z
2026-08-05T15:59:12.806076+00:00,8,Animal Kingdom,13806,Animal Care at Conservation Station,True,0,2026-08-05T15:55:25.000Z
2026-08-05T15:59:12.806076+00:00,8,Animal Kingdom,16545,Bluey's Wild World at Conservation Station,True,30,2026-08-05T15:55:25.000Z
2026-08-05T15:59:12.806076+00:00,8,Animal Kingdom,10920,Finding Nemo: The Big Blue... and Beyond!,True,0,2026-08-05T15:55:25.000Z
2026-08-05T15:59:12.806076+00:00,8,Animal Kingdom,13811,Discovery Island Trails,True,0,2026-08-05T15:55:25.000Z
2026-08-05T15:59:12.806076+00:00,8,Animal Kingdom,116,Meet Favorite Disney Pals at Adventurers Outpost,True,30,2026-08-05T15:55:25.000Z
2026-08-05T15:59:12.806076+00:00,8,Animal Kingdom,12451,Meet Moana at Character Landing,True,0,2026-08-05T15:55:25.000Z
2026-08-05T15:59:12.806076+00:00,8,Animal Kingdom,13751,Tree of Life,True,0,2026-08-05T15:55:25.000Z
2026-08-05T15:59:12.806076+00:00,8,Animal Kingdom,14943,Zootopia: Better Zoogether!,True,10,2026-08-05T15:55:25.000Z
2026-08-05T15:59:12.806076+00:00,8,Animal Kingdom,4439,Avatar Flight of Passage,True,65,2026-08-05T15:55:25.000Z
2026-08-05T15:59:12.806076+00:00,8,Animal Kingdom,4438,Na'vi River Journey,True,50,2026-08-05T15:55:25.000Z
2026-08-05T15:59:12.806076+00:00,8,Animal Kingdom,13812,The Oasis Exhibits,True,0,2026-08-05T15:55:25.000Z
2026-08-05T15:59:12.806076+00:00,8,Animal Kingdom,13808,Wilderness Explorers,True,0,2026-08-05T15:55:25.000Z
2026-08-05T15:59:12.916953+00:00,7,Disney Hollywood Studios,16641,Disney Jr. Mickey Mouse Clubhouse Live!,True,0,2026-08-05T15:55:25.000Z
2026-08-05T15:59:12.916953+00:00,7,Disney Hollywood Studios,12430,Meet Ariel at Walt Disney Presents,True,0,2026-08-05T15:55:25.000Z
2026-08-05T15:59:12.916953+00:00,7,Disney Hollywood Studios,14859,The Little Mermaid – A Musical Adventure,True,0,2026-08-05T15:55:25.000Z
2026-08-05T15:59:12.916953+00:00,7,Disney Hollywood Studios,5145,Walt Disney Presents,True,0,2026-08-05T15:55:25.000Z
2026-08-05T15:59:12.916953+00:00,7,Disney Hollywood Studios,6704,Meet Disney Stars at Red Carpet Dreams,True,30,2026-08-05T15:55:25.000Z
2026-08-05T15:59:12.916953+00:00,7,Disney Hollywood Studios,1174,For the First Time in Forever: A Frozen Sing-Along Celebration,True,0,2026-08-05T15:55:25.000Z
2026-08-05T15:59:12.916953+00:00,7,Disney Hollywood Studios,6702,Indiana Jones™ Epic Stunt Spectacular!,True,0,2026-08-05T15:55:25.000Z
2026-08-05T15:59:12.916953+00:00,7,Disney Hollywood Studios,6703,Meet Olaf at Celebrity Spotlight,True,25,2026-08-05T15:55:25.000Z
2026-08-05T15:59:12.916953+00:00,7,Disney Hollywood Studios,120,Star Tours – The Adventures Continue,True,20,2026-08-05T15:55:25.000Z
2026-08-05T15:59:12.916953+00:00,7,Disney Hollywood Studios,7333,Vacation Fun - An Original Animated Short with Mickey & Minnie,True,10,2026-08-05T15:55:25.000Z
2026-08-05T15:59:12.916953+00:00,7,Disney Hollywood Studios,6361,Mickey & Minnie's Runaway Railway,False,0,2026-08-05T15:55:25.000Z
2026-08-05T15:59:12.916953+00:00,7,Disney Hollywood Studios,12425,Meet Edna Mode at the Edna Mode Experience,True,0,2026-08-05T15:55:25.000Z
2026-08-05T15:59:12.916953+00:00,7,Disney Hollywood Studios,117,Toy Story Mania!,True,45,2026-08-05T15:55:25.000Z
2026-08-05T15:59:12.916953+00:00,7,Disney Hollywood Studios,6368,Millennium Falcon: Smugglers Run,True,50,2026-08-05T15:55:25.000Z
2026-08-05T15:59:12.916953+00:00,7,Disney Hollywood Studios,10902,Millennium Falcon: Smugglers Run Single Rider,True,0,2026-08-05T15:55:25.000Z
2026-08-05T15:59:12.916953+00:00,7,Disney Hollywood Studios,6369,Star Wars: Rise of the Resistance,True,80,2026-08-05T15:55:25.000Z
2026-08-05T15:59:12.916953+00:00,7,Disney Hollywood Studios,14531,Star Wars: Rise of the Resistance Single Rider,True,0,2026-08-05T15:55:25.000Z
2026-08-05T15:59:12.916953+00:00,7,Disney Hollywood Studios,1176,Beauty and the Beast – Live on Stage,True,0,2026-08-05T15:55:25.000Z
2026-08-05T15:59:12.916953+00:00,7,Disney Hollywood Studios,16343,Rock 'n' Roller Coaster Starring Aerosmith Single Rider,True,0,2026-08-05T15:55:25.000Z
2026-08-05T15:59:12.916953+00:00,7,Disney Hollywood Studios,16342,Rock ’n’ Roller Coaster Starring The Muppets,True,65,2026-08-05T15:55:25.000Z
2026-08-05T15:59:12.916953+00:00,7,Disney Hollywood Studios,123,The Twilight Zone™ Tower of Terror,True,25,2026-08-05T15:55:25.000Z
2026-08-05T15:59:12.916953+00:00,7,Disney Hollywood Studios,5477,Alien Swirling Saucers,True,40,2026-08-05T15:55:25.000Z
2026-08-05T15:59:12.916953+00:00,7,Disney Hollywood Studios,5476,Slinky Dog Dash,True,110,2026-08-05T15:55:25.000Z
2026-08-05T15:59:13.029433+00:00,6,Disney Magic Kingdom,1184,A Pirate's Adventure ~ Treasures of the Seven Seas,False,0,2026-08-05T15:55:18.000Z
2026-08-05T15:59:13.029433+00:00,6,Disney Magic Kingdom,134,Jungle Cruise,True,45,2026-08-05T15:55:18.000Z
2026-08-05T15:59:13.029433+00:00,6,Disney Magic Kingdom,137,Pirates of the Caribbean,True,25,2026-08-05T15:55:18.000Z
2026-08-05T15:59:13.029433+00:00,6,Disney Magic Kingdom,355,Swiss Family Treehouse,True,5,2026-08-05T15:55:18.000Z
2026-08-05T15:59:13.029433+00:00,6,Disney Magic Kingdom,141,The Magic Carpets of Aladdin,True,20,2026-08-05T15:55:18.000Z
2026-08-05T15:59:13.029433+00:00,6,Disney Magic Kingdom,334,Walt Disney's Enchanted Tiki Room,True,10,2026-08-05T15:55:18.000Z
2026-08-05T15:59:13.029433+00:00,6,Disney Magic Kingdom,133,"""it's a small world""",True,20,2026-08-05T15:55:18.000Z
2026-08-05T15:59:13.029433+00:00,6,Disney Magic Kingdom,13764,Casey Jr. Splash 'N' Soak Station,True,0,2026-08-05T15:55:18.000Z
2026-08-05T15:59:13.029433+00:00,6,Disney Magic Kingdom,13763,Cinderella Castle,True,0,2026-08-05T15:55:18.000Z
2026-08-05T15:59:13.029433+00:00,6,Disney Magic Kingdom,132,Dumbo the Flying Elephant,True,25,2026-08-05T15:55:18.000Z
2026-08-05T15:59:13.029433+00:00,6,Disney Magic Kingdom,128,Enchanted Tales with Belle,True,15,2026-08-05T15:55:18.000Z
2026-08-05T15:59:13.029433+00:00,6,Disney Magic Kingdom,135,Mad Tea Party,True,15,2026-08-05T15:55:18.000Z
2026-08-05T15:59:13.029433+00:00,6,Disney Magic Kingdom,147,Meet Ariel at Her Grotto,True,20,2026-08-05T15:55:18.000Z
2026-08-05T15:59:13.029433+00:00,6,Disney Magic Kingdom,6700,Meet Cinderella and a Visiting Princess at Princess Fairytale Hall,True,25,2026-08-05T15:55:18.000Z
2026-08-05T15:59:13.029433+00:00,6,Disney Magic Kingdom,144,Meet Daring Disney Pals as Circus Stars at Pete's Silly Sideshow,True,20,2026-08-05T15:55:18.000Z
2026-08-05T15:59:13.029433+00:00,6,Disney Magic Kingdom,145,Meet Dashing Disney Pals as Circus Stars at Pete's Silly Sideshow,True,15,2026-08-05T15:55:18.000Z
2026-08-05T15:59:13.029433+00:00,6,Disney Magic Kingdom,6699,Meet Princess Tiana and a Visiting Princess at Princess Fairytale Hall,True,25,2026-08-05T15:55:18.000Z
2026-08-05T15:59:13.029433+00:00,6,Disney Magic Kingdom,171,Mickey's PhilharMagic,True,15,2026-08-05T15:55:18.000Z
2026-08-05T15:59:13.029433+00:00,6,Disney Magic Kingdom,136,Peter Pan's Flight,True,50,2026-08-05T15:55:18.000Z
2026-08-05T15:59:13.029433+00:00,6,Disney Magic Kingdom,161,Prince Charming Regal Carrousel,True,5,2026-08-05T15:55:18.000Z
2026-08-05T15:59:13.029433+00:00,6,Disney Magic Kingdom,129,Seven Dwarfs Mine Train,True,65,2026-08-05T15:55:18.000Z
2026-08-05T15:59:13.029433+00:00,6,Disney Magic Kingdom,126,The Barnstormer,True,15,2026-08-05T15:55:18.000Z
2026-08-05T15:59:13.029433+00:00,6,Disney Magic Kingdom,142,The Many Adventures of Winnie the Pooh,True,40,2026-08-05T15:55:18.000Z
2026-08-05T15:59:13.029433+00:00,6,Disney Magic Kingdom,127,Under the Sea - Journey of The Little Mermaid,True,20,2026-08-05T15:55:18.000Z
2026-08-05T15:59:13.029433+00:00,6,Disney Magic Kingdom,1181,Walt Disney World Railroad - Fantasyland,True,15,2026-08-05T15:55:18.000Z
2026-08-05T15:59:13.029433+00:00,6,Disney Magic Kingdom,130,Big Thunder Mountain Railroad,True,45,2026-08-05T15:55:18.000Z
2026-08-05T15:59:13.029433+00:00,6,Disney Magic Kingdom,1214,Country Bear Musical Jamboree,True,10,2026-08-05T15:55:18.000Z
2026-08-05T15:59:13.029433+00:00,6,Disney Magic Kingdom,13630,Tiana's Bayou Adventure,True,50,2026-08-05T15:55:18.000Z
2026-08-05T15:59:13.029433+00:00,6,Disney Magic Kingdom,140,Haunted Mansion,True,25,2026-08-05T15:55:18.000Z
2026-08-05T15:59:13.029433+00:00,6,Disney Magic Kingdom,356,The Hall of Presidents,True,15,2026-08-05T15:55:18.000Z
2026-08-05T15:59:13.029433+00:00,6,Disney Magic Kingdom,1188,Main Street Vehicles,True,0,2026-08-05T15:55:18.000Z
2026-08-05T15:59:13.029433+00:00,6,Disney Magic Kingdom,146,Meet Mickey at Town Square Theater,True,40,2026-08-05T15:55:18.000Z
2026-08-05T15:59:13.029433+00:00,6,Disney Magic Kingdom,1189,"Walt Disney World Railroad - Main Street, U.S.A.",True,15,2026-08-05T15:55:18.000Z
2026-08-05T15:59:13.029433+00:00,6,Disney Magic Kingdom,248,Astro Orbiter,True,30,2026-08-05T15:55:18.000Z
2026-08-05T15:59:13.029433+00:00,6,Disney Magic Kingdom,131,Buzz Lightyear’s Space Ranger Spin,True,40,2026-08-05T15:55:18.000Z
2026-08-05T15:59:13.029433+00:00,6,Disney Magic Kingdom,125,"Monsters, Inc. Laugh Floor",True,10,2026-08-05T15:55:18.000Z
2026-08-05T15:59:13.029433+00:00,6,Disney Magic Kingdom,138,Space Mountain,True,85,2026-08-05T15:55:18.000Z
2026-08-05T15:59:13.029433+00:00,6,Disney Magic Kingdom,143,Tomorrowland Speedway,True,30,2026-08-05T15:55:18.000Z
2026-08-05T15:59:13.029433+00:00,6,Disney Magic Kingdom,1190,Tomorrowland Transit Authority PeopleMover,True,10,2026-08-05T15:55:18.000Z
2026-08-05T15:59:13.029433+00:00,6,Disney Magic Kingdom,11527,TRON Lightcycle / Run,True,75,2026-08-05T15:55:18.000Z
2026-08-05T15:59:13.029433+00:00,6,Disney Magic Kingdom,457,Walt Disney's Carousel of Progress,False,0,2026-08-05T15:55:18.000Z
2026-08-05T15:59:13.029433+00:00,6,Disney Magic Kingdom,14927,Meet Mickey Mouse and Minnie Mouse at Mickey's Not-So-Scary Halloween Party,False,0,2026-08-05T14:40:19.000Z
2026-08-05T15:59:13.154742+00:00,5,Epcot,2495,Disney and Pixar Short Film Festival,True,0,2026-08-05T15:55:18.000Z
2026-08-05T15:59:13.154742+00:00,5,Epcot,155,Journey Into Imagination With Figment,True,20,2026-08-05T15:55:18.000Z
2026-08-05T15:59:13.154742+00:00,5,Epcot,13627,Meet Beloved Disney Pals at Mickey & Friends,True,20,2026-08-05T15:55:18.000Z
2026-08-05T15:59:13.154742+00:00,5,Epcot,159,Spaceship Earth,True,30,2026-08-05T15:55:18.000Z
2026-08-05T15:59:13.154742+00:00,5,Epcot,10916,Guardians of the Galaxy: Cosmic Rewind,True,90,2026-08-05T15:55:18.000Z
2026-08-05T15:59:13.154742+00:00,5,Epcot,158,Mission: SPACE,True,25,2026-08-05T15:55:18.000Z
2026-08-05T15:59:13.154742+00:00,5,Epcot,160,Test Track,True,125,2026-08-05T15:55:18.000Z
2026-08-05T15:59:13.154742+00:00,5,Epcot,10900,Test Track Presented by Chevrolet Single Rider,True,0,2026-08-05T15:55:18.000Z
2026-08-05T15:59:13.154742+00:00,5,Epcot,7323,Awesome Planet,True,0,2026-08-05T15:55:18.000Z
2026-08-05T15:59:13.154742+00:00,5,Epcot,12387,"Journey of Water, Inspired by Moana",True,0,2026-08-05T15:55:18.000Z
2026-08-05T15:59:13.154742+00:00,5,Epcot,156,Living with the Land,True,30,2026-08-05T15:55:18.000Z
2026-08-05T15:59:13.154742+00:00,5,Epcot,13782,SeaBase Aquarium,True,0,2026-08-05T15:55:18.000Z
2026-08-05T15:59:13.154742+00:00,5,Epcot,16467,Soarin' Across America,True,65,2026-08-05T15:55:18.000Z
2026-08-05T15:59:13.154742+00:00,5,Epcot,153,The Seas with Nemo & Friends,True,40,2026-08-05T15:55:18.000Z
2026-08-05T15:59:13.154742+00:00,5,Epcot,152,Turtle Talk With Crush,True,15,2026-08-05T15:55:18.000Z
2026-08-05T15:59:13.154742+00:00,5,Epcot,829,Canada Far and Wide in Circle-Vision 360,True,15,2026-08-05T15:55:18.000Z
2026-08-05T15:59:13.154742+00:00,5,Epcot,2679,Frozen Ever After,True,65,2026-08-05T15:55:18.000Z
2026-08-05T15:59:13.154742+00:00,5,Epcot,466,Gran Fiesta Tour Starring The Three Caballeros,True,5,2026-08-05T15:55:18.000Z
2026-08-05T15:59:13.154742+00:00,5,Epcot,6701,Meet Anna and Elsa at Royal Sommerhus,True,25,2026-08-05T15:55:18.000Z
2026-08-05T15:59:13.154742+00:00,5,Epcot,10914,Remy's Ratatouille Adventure,True,70,2026-08-05T15:55:18.000Z
2026-08-05T15:59:13.154742+00:00,5,Epcot,10915,Remy's Ratatouille Adventure Single Rider,True,0,2026-08-05T15:55:18.000Z
2026-08-05T17:46:28.779722+00:00,8,Animal Kingdom,657,Festival of the Lion King,True,0,2026-08-05T17:45:32.000Z
2026-08-05T17:46:28.779722+00:00,8,Animal Kingdom,651,Gorilla Falls Exploration Trail,True,5,2026-08-05T17:45:32.000Z
2026-08-05T17:46:28.779722+00:00,8,Animal Kingdom,113,Kilimanjaro Safaris,True,55,2026-08-05T17:45:32.000Z
2026-08-05T17:46:28.779722+00:00,8,Animal Kingdom,655,Wildlife Express Train,True,35,2026-08-05T17:45:32.000Z
2026-08-05T17:46:28.779722+00:00,8,Animal Kingdom,110,Expedition Everest - Legend of the Forbidden Mountain,True,40,2026-08-05T17:45:32.000Z
2026-08-05T17:46:28.779722+00:00,8,Animal Kingdom,14533,Expedition Everest - Legend of the Forbidden Mountain Single Rider,True,0,2026-08-05T17:45:32.000Z
2026-08-05T17:46:28.779722+00:00,8,Animal Kingdom,10921,Feathered Friends in Flight!,True,0,2026-08-05T17:45:32.000Z
2026-08-05T17:46:28.779722+00:00,8,Animal Kingdom,112,Kali River Rapids,True,50,2026-08-05T17:45:32.000Z
2026-08-05T17:46:28.779722+00:00,8,Animal Kingdom,13806,Animal Care at Conservation Station,True,0,2026-08-05T17:45:32.000Z
2026-08-05T17:46:28.779722+00:00,8,Animal Kingdom,16545,Bluey's Wild World at Conservation Station,True,15,2026-08-05T17:45:32.000Z
2026-08-05T17:46:28.779722+00:00,8,Animal Kingdom,10920,Finding Nemo: The Big Blue... and Beyond!,True,0,2026-08-05T17:45:32.000Z
2026-08-05T17:46:28.779722+00:00,8,Animal Kingdom,13811,Discovery Island Trails,True,0,2026-08-05T17:45:32.000Z
2026-08-05T17:46:28.779722+00:00,8,Animal Kingdom,116,Meet Favorite Disney Pals at Adventurers Outpost,True,30,2026-08-05T17:45:32.000Z
2026-08-05T17:46:28.779722+00:00,8,Animal Kingdom,12451,Meet Moana at Character Landing,False,0,2026-08-05T17:45:32.000Z
2026-08-05T17:46:28.779722+00:00,8,Animal Kingdom,13751,Tree of Life,True,0,2026-08-05T17:45:32.000Z
2026-08-05T17:46:28.779722+00:00,8,Animal Kingdom,14943,Zootopia: Better Zoogether!,True,10,2026-08-05T17:45:32.000Z
2026-08-05T17:46:28.779722+00:00,8,Animal Kingdom,4439,Avatar Flight of Passage,True,55,2026-08-05T17:45:32.000Z
2026-08-05T17:46:28.779722+00:00,8,Animal Kingdom,4438,Na'vi River Journey,True,45,2026-08-05T17:45:32.000Z
2026-08-05T17:46:28.779722+00:00,8,Animal Kingdom,13812,The Oasis Exhibits,True,0,2026-08-05T17:45:32.000Z
2026-08-05T17:46:28.779722+00:00,8,Animal Kingdom,13808,Wilderness Explorers,True,0,2026-08-05T17:45:32.000Z
2026-08-05T17:46:28.892803+00:00,7,Disney Hollywood Studios,16641,Disney Jr. Mickey Mouse Clubhouse Live!,True,0,2026-08-05T17:45:32.000Z
2026-08-05T17:46:28.892803+00:00,7,Disney Hollywood Studios,12430,Meet Ariel at Walt Disney Presents,True,0,2026-08-05T17:45:32.000Z
2026-08-05T17:46:28.892803+00:00,7,Disney Hollywood Studios,14859,The Little Mermaid – A Musical Adventure,True,0,2026-08-05T17:45:32.000Z
2026-08-05T17:46:28.892803+00:00,7,Disney Hollywood Studios,5145,Walt Disney Presents,True,0,2026-08-05T17:45:32.000Z
2026-08-05T17:46:28.892803+00:00,7,Disney Hollywood Studios,6704,Meet Disney Stars at Red Carpet Dreams,True,30,2026-08-05T17:45:32.000Z
2026-08-05T17:46:28.892803+00:00,7,Disney Hollywood Studios,1174,For the First Time in Forever: A Frozen Sing-Along Celebration,True,0,2026-08-05T17:45:32.000Z
2026-08-05T17:46:28.892803+00:00,7,Disney Hollywood Studios,6702,Indiana Jones™ Epic Stunt Spectacular!,True,0,2026-08-05T17:45:32.000Z
2026-08-05T17:46:28.892803+00:00,7,Disney Hollywood Studios,6703,Meet Olaf at Celebrity Spotlight,True,15,2026-08-05T17:45:32.000Z
2026-08-05T17:46:28.892803+00:00,7,Disney Hollywood Studios,120,Star Tours – The Adventures Continue,True,5,2026-08-05T17:45:32.000Z
2026-08-05T17:46:28.892803+00:00,7,Disney Hollywood Studios,7333,Vacation Fun - An Original Animated Short with Mickey & Minnie,True,10,2026-08-05T17:45:32.000Z
2026-08-05T17:46:28.892803+00:00,7,Disney Hollywood Studios,6361,Mickey & Minnie's Runaway Railway,True,50,2026-08-05T17:45:32.000Z
2026-08-05T17:46:28.892803+00:00,7,Disney Hollywood Studios,12425,Meet Edna Mode at the Edna Mode Experience,False,0,2026-08-05T17:45:32.000Z
2026-08-05T17:46:28.892803+00:00,7,Disney Hollywood Studios,117,Toy Story Mania!,True,45,2026-08-05T17:45:32.000Z
2026-08-05T17:46:28.892803+00:00,7,Disney Hollywood Studios,6368,Millennium Falcon: Smugglers Run,True,40,2026-08-05T17:45:32.000Z
2026-08-05T17:46:28.892803+00:00,7,Disney Hollywood Studios,10902,Millennium Falcon: Smugglers Run Single Rider,True,0,2026-08-05T17:45:32.000Z
2026-08-05T17:46:28.892803+00:00,7,Disney Hollywood Studios,6369,Star Wars: Rise of the Resistance,False,0,2026-08-05T17:45:32.000Z
2026-08-05T17:46:28.892803+00:00,7,Disney Hollywood Studios,14531,Star Wars: Rise of the Resistance Single Rider,False,0,2026-08-05T17:45:32.000Z
2026-08-05T17:46:28.892803+00:00,7,Disney Hollywood Studios,1176,Beauty and the Beast – Live on Stage,True,0,2026-08-05T17:45:32.000Z
2026-08-05T17:46:28.892803+00:00,7,Disney Hollywood Studios,16343,Rock 'n' Roller Coaster Starring Aerosmith Single Rider,True,0,2026-08-05T17:45:32.000Z
2026-08-05T17:46:28.892803+00:00,7,Disney Hollywood Studios,16342,Rock ’n’ Roller Coaster Starring The Muppets,True,85,2026-08-05T17:45:32.000Z
2026-08-05T17:46:28.892803+00:00,7,Disney Hollywood Studios,123,The Twilight Zone™ Tower of Terror,True,60,2026-08-05T17:45:32.000Z
2026-08-05T17:46:28.892803+00:00,7,Disney Hollywood Studios,5477,Alien Swirling Saucers,True,55,2026-08-05T17:45:32.000Z
2026-08-05T17:46:28.892803+00:00,7,Disney Hollywood Studios,5476,Slinky Dog Dash,True,90,2026-08-05T17:45:32.000Z
2026-08-05T17:46:29.018747+00:00,6,Disney Magic Kingdom,1184,A Pirate's Adventure ~ Treasures of the Seven Seas,True,0,2026-08-05T17:45:19.000Z
2026-08-05T17:46:29.018747+00:00,6,Disney Magic Kingdom,134,Jungle Cruise,True,30,2026-08-05T17:45:19.000Z
2026-08-05T17:46:29.018747+00:00,6,Disney Magic Kingdom,137,Pirates of the Caribbean,True,35,2026-08-05T17:45:19.000Z
2026-08-05T17:46:29.018747+00:00,6,Disney Magic Kingdom,355,Swiss Family Treehouse,True,5,2026-08-05T17:45:19.000Z
2026-08-05T17:46:29.018747+00:00,6,Disney Magic Kingdom,141,The Magic Carpets of Aladdin,True,20,2026-08-05T17:45:19.000Z
2026-08-05T17:46:29.018747+00:00,6,Disney Magic Kingdom,334,Walt Disney's Enchanted Tiki Room,True,10,2026-08-05T17:45:19.000Z
2026-08-05T17:46:29.018747+00:00,6,Disney Magic Kingdom,133,"""it's a small world""",True,15,2026-08-05T17:45:19.000Z
2026-08-05T17:46:29.018747+00:00,6,Disney Magic Kingdom,13764,Casey Jr. Splash 'N' Soak Station,True,0,2026-08-05T17:45:19.000Z
2026-08-05T17:46:29.018747+00:00,6,Disney Magic Kingdom,13763,Cinderella Castle,True,0,2026-08-05T17:45:19.000Z
2026-08-05T17:46:29.018747+00:00,6,Disney Magic Kingdom,132,Dumbo the Flying Elephant,True,35,2026-08-05T17:45:19.000Z
2026-08-05T17:46:29.018747+00:00,6,Disney Magic Kingdom,128,Enchanted Tales with Belle,True,30,2026-08-05T17:45:19.000Z
2026-08-05T17:46:29.018747+00:00,6,Disney Magic Kingdom,135,Mad Tea Party,True,20,2026-08-05T17:45:19.000Z
2026-08-05T17:46:29.018747+00:00,6,Disney Magic Kingdom,147,Meet Ariel at Her Grotto,True,10,2026-08-05T17:45:19.000Z
2026-08-05T17:46:29.018747+00:00,6,Disney Magic Kingdom,6700,Meet Cinderella and a Visiting Princess at Princess Fairytale Hall,True,35,2026-08-05T17:45:19.000Z
2026-08-05T17:46:29.018747+00:00,6,Disney Magic Kingdom,144,Meet Daring Disney Pals as Circus Stars at Pete's Silly Sideshow,True,20,2026-08-05T17:45:19.000Z
2026-08-05T17:46:29.018747+00:00,6,Disney Magic Kingdom,145,Meet Dashing Disney Pals as Circus Stars at Pete's Silly Sideshow,True,20,2026-08-05T17:45:19.000Z
2026-08-05T17:46:29.018747+00:00,6,Disney Magic Kingdom,6699,Meet Princess Tiana and a Visiting Princess at Princess Fairytale Hall,True,30,2026-08-05T17:45:19.000Z
2026-08-05T17:46:29.018747+00:00,6,Disney Magic Kingdom,171,Mickey's PhilharMagic,True,15,2026-08-05T17:45:19.000Z
2026-08-05T17:46:29.018747+00:00,6,Disney Magic Kingdom,136,Peter Pan's Flight,True,50,2026-08-05T17:45:19.000Z
2026-08-05T17:46:29.018747+00:00,6,Disney Magic Kingdom,161,Prince Charming Regal Carrousel,True,15,2026-08-05T17:45:19.000Z
2026-08-05T17:46:29.018747+00:00,6,Disney Magic Kingdom,129,Seven Dwarfs Mine Train,True,65,2026-08-05T17:45:19.000Z
2026-08-05T17:46:29.018747+00:00,6,Disney Magic Kingdom,126,The Barnstormer,True,15,2026-08-05T17:45:19.000Z
2026-08-05T17:46:29.018747+00:00,6,Disney Magic Kingdom,142,The Many Adventures of Winnie the Pooh,True,40,2026-08-05T17:45:19.000Z
2026-08-05T17:46:29.018747+00:00,6,Disney Magic Kingdom,127,Under the Sea - Journey of The Little Mermaid,False,0,2026-08-05T17:45:19.000Z
2026-08-05T17:46:29.018747+00:00,6,Disney Magic Kingdom,1181,Walt Disney World Railroad - Fantasyland,True,15,2026-08-05T17:45:19.000Z
2026-08-05T17:46:29.018747+00:00,6,Disney Magic Kingdom,130,Big Thunder Mountain Railroad,True,45,2026-08-05T17:45:19.000Z
2026-08-05T17:46:29.018747+00:00,6,Disney Magic Kingdom,1214,Country Bear Musical Jamboree,True,10,2026-08-05T17:45:19.000Z
2026-08-05T17:46:29.018747+00:00,6,Disney Magic Kingdom,13630,Tiana's Bayou Adventure,True,70,2026-08-05T17:45:19.000Z
2026-08-05T17:46:29.018747+00:00,6,Disney Magic Kingdom,140,Haunted Mansion,True,35,2026-08-05T17:45:19.000Z
2026-08-05T17:46:29.018747+00:00,6,Disney Magic Kingdom,356,The Hall of Presidents,True,15,2026-08-05T17:45:19.000Z
2026-08-05T17:46:29.018747+00:00,6,Disney Magic Kingdom,1188,Main Street Vehicles,True,0,2026-08-05T17:45:19.000Z
2026-08-05T17:46:29.018747+00:00,6,Disney Magic Kingdom,146,Meet Mickey at Town Square Theater,True,25,2026-08-05T17:45:19.000Z
2026-08-05T17:46:29.018747+00:00,6,Disney Magic Kingdom,1189,"Walt Disney World Railroad - Main Street, U.S.A.",True,15,2026-08-05T17:45:19.000Z
2026-08-05T17:46:29.018747+00:00,6,Disney Magic Kingdom,248,Astro Orbiter,True,30,2026-08-05T17:45:19.000Z
2026-08-05T17:46:29.018747+00:00,6,Disney Magic Kingdom,131,Buzz Lightyear’s Space Ranger Spin,True,35,2026-08-05T17:45:19.000Z
2026-08-05T17:46:29.018747+00:00,6,Disney Magic Kingdom,125,"Monsters, Inc. Laugh Floor",True,10,2026-08-05T17:45:19.000Z
2026-08-05T17:46:29.018747+00:00,6,Disney Magic Kingdom,138,Space Mountain,True,80,2026-08-05T17:45:19.000Z
2026-08-05T17:46:29.018747+00:00,6,Disney Magic Kingdom,143,Tomorrowland Speedway,True,20,2026-08-05T17:45:19.000Z
2026-08-05T17:46:29.018747+00:00,6,Disney Magic Kingdom,1190,Tomorrowland Transit Authority PeopleMover,True,15,2026-08-05T17:45:19.000Z
2026-08-05T17:46:29.018747+00:00,6,Disney Magic Kingdom,11527,TRON Lightcycle / Run,True,90,2026-08-05T17:45:19.000Z
2026-08-05T17:46:29.018747+00:00,6,Disney Magic Kingdom,457,Walt Disney's Carousel of Progress,False,0,2026-08-05T17:45:19.000Z
2026-08-05T17:46:29.018747+00:00,6,Disney Magic Kingdom,14927,Meet Mickey Mouse and Minnie Mouse at Mickey's Not-So-Scary Halloween Party,False,0,2026-08-05T14:40:19.000Z
2026-08-05T17:46:29.142861+00:00,5,Epcot,2495,Disney and Pixar Short Film Festival,True,0,2026-08-05T17:45:18.000Z
2026-08-05T17:46:29.142861+00:00,5,Epcot,155,Journey Into Imagination With Figment,True,15,2026-08-05T17:45:18.000Z
2026-08-05T17:46:29.142861+00:00,5,Epcot,13627,Meet Beloved Disney Pals at Mickey & Friends,True,20,2026-08-05T17:45:18.000Z
2026-08-05T17:46:29.142861+00:00,5,Epcot,159,Spaceship Earth,True,15,2026-08-05T17:45:18.000Z
2026-08-05T17:46:29.142861+00:00,5,Epcot,10916,Guardians of the Galaxy: Cosmic Rewind,True,110,2026-08-05T17:45:18.000Z
2026-08-05T17:46:29.142861+00:00,5,Epcot,158,Mission: SPACE,True,15,2026-08-05T17:45:18.000Z
2026-08-05T17:46:29.142861+00:00,5,Epcot,160,Test Track,True,95,2026-08-05T17:45:18.000Z
2026-08-05T17:46:29.142861+00:00,5,Epcot,10900,Test Track Presented by Chevrolet Single Rider,True,0,2026-08-05T17:45:18.000Z
2026-08-05T17:46:29.142861+00:00,5,Epcot,7323,Awesome Planet,True,0,2026-08-05T17:45:18.000Z
2026-08-05T17:46:29.142861+00:00,5,Epcot,12387,"Journey of Water, Inspired by Moana",True,0,2026-08-05T17:45:18.000Z
2026-08-05T17:46:29.142861+00:00,5,Epcot,156,Living with the Land,True,15,2026-08-05T17:45:18.000Z
2026-08-05T17:46:29.142861+00:00,5,Epcot,13782,SeaBase Aquarium,True,0,2026-08-05T17:45:18.000Z
2026-08-05T17:46:29.142861+00:00,5,Epcot,16467,Soarin' Across America,True,40,2026-08-05T17:45:18.000Z
2026-08-05T17:46:29.142861+00:00,5,Epcot,153,The Seas with Nemo & Friends,True,20,2026-08-05T17:45:18.000Z
2026-08-05T17:46:29.142861+00:00,5,Epcot,152,Turtle Talk With Crush,True,15,2026-08-05T17:45:18.000Z
2026-08-05T17:46:29.142861+00:00,5,Epcot,829,Canada Far and Wide in Circle-Vision 360,True,15,2026-08-05T17:45:18.000Z
2026-08-05T17:46:29.142861+00:00,5,Epcot,2679,Frozen Ever After,True,85,2026-08-05T17:45:18.000Z
2026-08-05T17:46:29.142861+00:00,5,Epcot,466,Gran Fiesta Tour Starring The Three Caballeros,True,10,2026-08-05T17:45:18.000Z
2026-08-05T17:46:29.142861+00:00,5,Epcot,6701,Meet Anna and Elsa at Royal Sommerhus,True,25,2026-08-05T17:45:18.000Z
2026-08-05T17:46:29.142861+00:00,5,Epcot,10914,Remy's Ratatouille Adventure,True,40,2026-08-05T17:45:18.000Z
2026-08-05T17:46:29.142861+00:00,5,Epcot,10915,Remy's Ratatouille Adventure Single Rider,True,0,2026-08-05T17:45:18.000Z
2026-08-05T19:22:12.738450+00:00,8,Animal Kingdom,657,Festival of the Lion King,True,0,2026-08-05T19:20:28.000Z
2026-08-05T19:22:12.738450+00:00,8,Animal Kingdom,651,Gorilla Falls Exploration Trail,True,5,2026-08-05T19:20:28.000Z
2026-08-05T19:22:12.738450+00:00,8,Animal Kingdom,113,Kilimanjaro Safaris,True,15,2026-08-05T19:20:28.000Z
2026-08-05T19:22:12.738450+00:00,8,Animal Kingdom,655,Wildlife Express Train,True,5,2026-08-05T19:20:28.000Z
2026-08-05T19:22:12.738450+00:00,8,Animal Kingdom,110,Expedition Everest - Legend of the Forbidden Mountain,True,30,2026-08-05T19:20:28.000Z
2026-08-05T19:22:12.738450+00:00,8,Animal Kingdom,14533,Expedition Everest - Legend of the Forbidden Mountain Single Rider,True,0,2026-08-05T19:20:28.000Z
2026-08-05T19:22:12.738450+00:00,8,Animal Kingdom,10921,Feathered Friends in Flight!,True,0,2026-08-05T19:20:28.000Z
2026-08-05T19:22:12.738450+00:00,8,Animal Kingdom,112,Kali River Rapids,True,50,2026-08-05T19:20:28.000Z
2026-08-05T19:22:12.738450+00:00,8,Animal Kingdom,13806,Animal Care at Conservation Station,True,0,2026-08-05T19:20:28.000Z
2026-08-05T19:22:12.738450+00:00,8,Animal Kingdom,16545,Bluey's Wild World at Conservation Station,True,15,2026-08-05T19:20:28.000Z
2026-08-05T19:22:12.738450+00:00,8,Animal Kingdom,10920,Finding Nemo: The Big Blue... and Beyond!,True,0,2026-08-05T19:20:28.000Z
2026-08-05T19:22:12.738450+00:00,8,Animal Kingdom,13811,Discovery Island Trails,True,0,2026-08-05T19:20:28.000Z
2026-08-05T19:22:12.738450+00:00,8,Animal Kingdom,116,Meet Favorite Disney Pals at Adventurers Outpost,True,15,2026-08-05T19:20:28.000Z
2026-08-05T19:22:12.738450+00:00,8,Animal Kingdom,12451,Meet Moana at Character Landing,True,0,2026-08-05T19:20:28.000Z
2026-08-05T19:22:12.738450+00:00,8,Animal Kingdom,13751,Tree of Life,True,0,2026-08-05T19:20:28.000Z
2026-08-05T19:22:12.738450+00:00,8,Animal Kingdom,14943,Zootopia: Better Zoogether!,True,10,2026-08-05T19:20:28.000Z
2026-08-05T19:22:12.738450+00:00,8,Animal Kingdom,4439,Avatar Flight of Passage,True,55,2026-08-05T19:20:28.000Z
2026-08-05T19:22:12.738450+00:00,8,Animal Kingdom,4438,Na'vi River Journey,True,40,2026-08-05T19:20:28.000Z
2026-08-05T19:22:12.738450+00:00,8,Animal Kingdom,13812,The Oasis Exhibits,True,0,2026-08-05T19:20:28.000Z
2026-08-05T19:22:12.738450+00:00,8,Animal Kingdom,13808,Wilderness Explorers,True,0,2026-08-05T19:20:28.000Z
2026-08-05T19:22:12.874573+00:00,7,Disney Hollywood Studios,16641,Disney Jr. Mickey Mouse Clubhouse Live!,True,0,2026-08-05T19:20:21.000Z
2026-08-05T19:22:12.874573+00:00,7,Disney Hollywood Studios,12430,Meet Ariel at Walt Disney Presents,True,0,2026-08-05T19:20:21.000Z
2026-08-05T19:22:12.874573+00:00,7,Disney Hollywood Studios,14859,The Little Mermaid – A Musical Adventure,True,0,2026-08-05T19:20:21.000Z
2026-08-05T19:22:12.874573+00:00,7,Disney Hollywood Studios,5145,Walt Disney Presents,True,0,2026-08-05T19:20:21.000Z
2026-08-05T19:22:12.874573+00:00,7,Disney Hollywood Studios,6704,Meet Disney Stars at Red Carpet Dreams,True,30,2026-08-05T19:20:21.000Z
2026-08-05T19:22:12.874573+00:00,7,Disney Hollywood Studios,1174,For the First Time in Forever: A Frozen Sing-Along Celebration,True,0,2026-08-05T19:20:21.000Z
2026-08-05T19:22:12.874573+00:00,7,Disney Hollywood Studios,6702,Indiana Jones™ Epic Stunt Spectacular!,True,0,2026-08-05T19:20:21.000Z
2026-08-05T19:22:12.874573+00:00,7,Disney Hollywood Studios,6703,Meet Olaf at Celebrity Spotlight,True,15,2026-08-05T19:20:21.000Z
2026-08-05T19:22:12.874573+00:00,7,Disney Hollywood Studios,120,Star Tours – The Adventures Continue,True,5,2026-08-05T19:20:21.000Z
2026-08-05T19:22:12.874573+00:00,7,Disney Hollywood Studios,7333,Vacation Fun - An Original Animated Short with Mickey & Minnie,True,10,2026-08-05T19:20:21.000Z
2026-08-05T19:22:12.874573+00:00,7,Disney Hollywood Studios,6361,Mickey & Minnie's Runaway Railway,True,40,2026-08-05T19:20:21.000Z
2026-08-05T19:22:12.874573+00:00,7,Disney Hollywood Studios,12425,Meet Edna Mode at the Edna Mode Experience,True,0,2026-08-05T19:20:21.000Z
2026-08-05T19:22:12.874573+00:00,7,Disney Hollywood Studios,117,Toy Story Mania!,True,50,2026-08-05T19:20:21.000Z
2026-08-05T19:22:12.874573+00:00,7,Disney Hollywood Studios,6368,Millennium Falcon: Smugglers Run,True,40,2026-08-05T19:20:21.000Z
2026-08-05T19:22:12.874573+00:00,7,Disney Hollywood Studios,10902,Millennium Falcon: Smugglers Run Single Rider,True,0,2026-08-05T19:20:21.000Z
2026-08-05T19:22:12.874573+00:00,7,Disney Hollywood Studios,6369,Star Wars: Rise of the Resistance,True,105,2026-08-05T19:20:21.000Z
2026-08-05T19:22:12.874573+00:00,7,Disney Hollywood Studios,14531,Star Wars: Rise of the Resistance Single Rider,True,0,2026-08-05T19:20:21.000Z
2026-08-05T19:22:12.874573+00:00,7,Disney Hollywood Studios,1176,Beauty and the Beast – Live on Stage,True,0,2026-08-05T19:20:21.000Z
2026-08-05T19:22:12.874573+00:00,7,Disney Hollywood Studios,16343,Rock 'n' Roller Coaster Starring Aerosmith Single Rider,True,0,2026-08-05T19:20:21.000Z
2026-08-05T19:22:12.874573+00:00,7,Disney Hollywood Studios,16342,Rock ’n’ Roller Coaster Starring The Muppets,True,55,2026-08-05T19:20:21.000Z
2026-08-05T19:22:12.874573+00:00,7,Disney Hollywood Studios,123,The Twilight Zone™ Tower of Terror,True,60,2026-08-05T19:20:21.000Z
2026-08-05T19:22:12.874573+00:00,7,Disney Hollywood Studios,5477,Alien Swirling Saucers,True,30,2026-08-05T19:20:21.000Z
2026-08-05T19:22:12.874573+00:00,7,Disney Hollywood Studios,5476,Slinky Dog Dash,True,75,2026-08-05T19:20:21.000Z
2026-08-05T19:22:12.998121+00:00,6,Disney Magic Kingdom,1184,A Pirate's Adventure ~ Treasures of the Seven Seas,True,0,2026-08-05T19:20:21.000Z
2026-08-05T19:22:12.998121+00:00,6,Disney Magic Kingdom,134,Jungle Cruise,True,45,2026-08-05T19:20:21.000Z
2026-08-05T19:22:12.998121+00:00,6,Disney Magic Kingdom,137,Pirates of the Caribbean,True,20,2026-08-05T19:20:21.000Z
2026-08-05T19:22:12.998121+00:00,6,Disney Magic Kingdom,355,Swiss Family Treehouse,True,5,2026-08-05T19:20:21.000Z
2026-08-05T19:22:12.998121+00:00,6,Disney Magic Kingdom,141,The Magic Carpets of Aladdin,True,10,2026-08-05T19:20:21.000Z
2026-08-05T19:22:12.998121+00:00,6,Disney Magic Kingdom,334,Walt Disney's Enchanted Tiki Room,True,10,2026-08-05T19:20:21.000Z
2026-08-05T19:22:12.998121+00:00,6,Disney Magic Kingdom,133,"""it's a small world""",True,20,2026-08-05T19:20:21.000Z
2026-08-05T19:22:12.998121+00:00,6,Disney Magic Kingdom,13764,Casey Jr. Splash 'N' Soak Station,True,0,2026-08-05T19:20:21.000Z
2026-08-05T19:22:12.998121+00:00,6,Disney Magic Kingdom,13763,Cinderella Castle,True,0,2026-08-05T19:20:21.000Z
2026-08-05T19:22:12.998121+00:00,6,Disney Magic Kingdom,132,Dumbo the Flying Elephant,True,20,2026-08-05T19:20:21.000Z
2026-08-05T19:22:12.998121+00:00,6,Disney Magic Kingdom,128,Enchanted Tales with Belle,True,15,2026-08-05T19:20:21.000Z
2026-08-05T19:22:12.998121+00:00,6,Disney Magic Kingdom,135,Mad Tea Party,True,10,2026-08-05T19:20:21.000Z
2026-08-05T19:22:12.998121+00:00,6,Disney Magic Kingdom,147,Meet Ariel at Her Grotto,True,30,2026-08-05T19:20:21.000Z
2026-08-05T19:22:12.998121+00:00,6,Disney Magic Kingdom,6700,Meet Cinderella and a Visiting Princess at Princess Fairytale Hall,True,40,2026-08-05T19:20:21.000Z
2026-08-05T19:22:12.998121+00:00,6,Disney Magic Kingdom,144,Meet Daring Disney Pals as Circus Stars at Pete's Silly Sideshow,True,15,2026-08-05T19:20:21.000Z
2026-08-05T19:22:12.998121+00:00,6,Disney Magic Kingdom,145,Meet Dashing Disney Pals as Circus Stars at Pete's Silly Sideshow,True,25,2026-08-05T19:20:21.000Z
2026-08-05T19:22:12.998121+00:00,6,Disney Magic Kingdom,6699,Meet Princess Tiana and a Visiting Princess at Princess Fairytale Hall,True,20,2026-08-05T19:20:21.000Z
2026-08-05T19:22:12.998121+00:00,6,Disney Magic Kingdom,171,Mickey's PhilharMagic,True,15,2026-08-05T19:20:21.000Z
2026-08-05T19:22:12.998121+00:00,6,Disney Magic Kingdom,136,Peter Pan's Flight,True,60,2026-08-05T19:20:21.000Z
2026-08-05T19:22:12.998121+00:00,6,Disney Magic Kingdom,161,Prince Charming Regal Carrousel,True,15,2026-08-05T19:20:21.000Z
2026-08-05T19:22:12.998121+00:00,6,Disney Magic Kingdom,129,Seven Dwarfs Mine Train,True,55,2026-08-05T19:20:21.000Z
2026-08-05T19:22:12.998121+00:00,6,Disney Magic Kingdom,126,The Barnstormer,True,10,2026-08-05T19:20:21.000Z
2026-08-05T19:22:12.998121+00:00,6,Disney Magic Kingdom,142,The Many Adventures of Winnie the Pooh,True,45,2026-08-05T19:20:21.000Z
2026-08-05T19:22:12.998121+00:00,6,Disney Magic Kingdom,127,Under the Sea - Journey of The Little Mermaid,False,0,2026-08-05T19:20:21.000Z
2026-08-05T19:22:12.998121+00:00,6,Disney Magic Kingdom,1181,Walt Disney World Railroad - Fantasyland,True,15,2026-08-05T19:20:21.000Z
2026-08-05T19:22:12.998121+00:00,6,Disney Magic Kingdom,130,Big Thunder Mountain Railroad,True,45,2026-08-05T19:20:21.000Z
2026-08-05T19:22:12.998121+00:00,6,Disney Magic Kingdom,1214,Country Bear Musical Jamboree,True,10,2026-08-05T19:20:21.000Z
2026-08-05T19:22:12.998121+00:00,6,Disney Magic Kingdom,13630,Tiana's Bayou Adventure,True,60,2026-08-05T19:20:21.000Z
2026-08-05T19:22:12.998121+00:00,6,Disney Magic Kingdom,140,Haunted Mansion,True,35,2026-08-05T19:20:21.000Z
2026-08-05T19:22:12.998121+00:00,6,Disney Magic Kingdom,356,The Hall of Presidents,True,15,2026-08-05T19:20:21.000Z
2026-08-05T19:22:12.998121+00:00,6,Disney Magic Kingdom,1188,Main Street Vehicles,True,0,2026-08-05T19:20:21.000Z
2026-08-05T19:22:12.998121+00:00,6,Disney Magic Kingdom,146,Meet Mickey at Town Square Theater,True,5,2026-08-05T19:20:21.000Z
2026-08-05T19:22:12.998121+00:00,6,Disney Magic Kingdom,1189,"Walt Disney World Railroad - Main Street, U.S.A.",True,15,2026-08-05T19:20:21.000Z
2026-08-05T19:22:12.998121+00:00,6,Disney Magic Kingdom,248,Astro Orbiter,True,30,2026-08-05T19:20:21.000Z
2026-08-05T19:22:12.998121+00:00,6,Disney Magic Kingdom,131,Buzz Lightyear’s Space Ranger Spin,True,35,2026-08-05T19:20:21.000Z
2026-08-05T19:22:12.998121+00:00,6,Disney Magic Kingdom,125,"Monsters, Inc. Laugh Floor",True,10,2026-08-05T19:20:21.000Z
2026-08-05T19:22:12.998121+00:00,6,Disney Magic Kingdom,138,Space Mountain,True,95,2026-08-05T19:20:21.000Z
2026-08-05T19:22:12.998121+00:00,6,Disney Magic Kingdom,143,Tomorrowland Speedway,True,20,2026-08-05T19:20:21.000Z
2026-08-05T19:22:12.998121+00:00,6,Disney Magic Kingdom,1190,Tomorrowland Transit Authority PeopleMover,True,15,2026-08-05T19:20:21.000Z
2026-08-05T19:22:12.998121+00:00,6,Disney Magic Kingdom,11527,TRON Lightcycle / Run,True,65,2026-08-05T19:20:21.000Z
2026-08-05T19:22:12.998121+00:00,6,Disney Magic Kingdom,457,Walt Disney's Carousel of Progress,False,0,2026-08-05T19:20:21.000Z
2026-08-05T19:22:12.998121+00:00,6,Disney Magic Kingdom,14927,Meet Mickey Mouse and Minnie Mouse at Mickey's Not-So-Scary Halloween Party,False,0,2026-08-05T14:40:19.000Z
2026-08-05T19:22:13.112100+00:00,5,Epcot,2495,Disney and Pixar Short Film Festival,True,0,2026-08-05T19:20:13.000Z
2026-08-05T19:22:13.112100+00:00,5,Epcot,155,Journey Into Imagination With Figment,True,20,2026-08-05T19:20:13.000Z
2026-08-05T19:22:13.112100+00:00,5,Epcot,13627,Meet Beloved Disney Pals at Mickey & Friends,True,20,2026-08-05T19:20:13.000Z
2026-08-05T19:22:13.112100+00:00,5,Epcot,159,Spaceship Earth,True,15,2026-08-05T19:20:13.000Z
2026-08-05T19:22:13.112100+00:00,5,Epcot,10916,Guardians of the Galaxy: Cosmic Rewind,True,85,2026-08-05T19:20:13.000Z
2026-08-05T19:22:13.112100+00:00,5,Epcot,158,Mission: SPACE,True,15,2026-08-05T19:20:13.000Z
2026-08-05T19:22:13.112100+00:00,5,Epcot,160,Test Track,True,105,2026-08-05T19:20:13.000Z
2026-08-05T19:22:13.112100+00:00,5,Epcot,10900,Test Track Presented by Chevrolet Single Rider,True,0,2026-08-05T19:20:13.000Z
2026-08-05T19:22:13.112100+00:00,5,Epcot,7323,Awesome Planet,True,0,2026-08-05T19:20:13.000Z
2026-08-05T19:22:13.112100+00:00,5,Epcot,12387,"Journey of Water, Inspired by Moana",True,0,2026-08-05T19:20:13.000Z
2026-08-05T19:22:13.112100+00:00,5,Epcot,156,Living with the Land,True,15,2026-08-05T19:20:13.000Z
2026-08-05T19:22:13.112100+00:00,5,Epcot,13782,SeaBase Aquarium,True,0,2026-08-05T19:20:13.000Z
2026-08-05T19:22:13.112100+00:00,5,Epcot,16467,Soarin' Across America,True,40,2026-08-05T19:20:13.000Z
2026-08-05T19:22:13.112100+00:00,5,Epcot,153,The Seas with Nemo & Friends,True,5,2026-08-05T19:20:13.000Z
2026-08-05T19:22:13.112100+00:00,5,Epcot,152,Turtle Talk With Crush,True,15,2026-08-05T19:20:13.000Z
2026-08-05T19:22:13.112100+00:00,5,Epcot,829,Canada Far and Wide in Circle-Vision 360,True,15,2026-08-05T19:20:13.000Z
2026-08-05T19:22:13.112100+00:00,5,Epcot,2679,Frozen Ever After,True,85,2026-08-05T19:20:13.000Z
2026-08-05T19:22:13.112100+00:00,5,Epcot,466,Gran Fiesta Tour Starring The Three Caballeros,True,10,2026-08-05T19:20:13.000Z
2026-08-05T19:22:13.112100+00:00,5,Epcot,6701,Meet Anna and Elsa at Royal Sommerhus,True,30,2026-08-05T19:20:13.000Z
2026-08-05T19:22:13.112100+00:00,5,Epcot,10914,Remy's Ratatouille Adventure,True,65,2026-08-05T19:20:13.000Z
2026-08-05T19:22:13.112100+00:00,5,Epcot,10915,Remy's Ratatouille Adventure Single Rider,True,0,2026-08-05T19:20:13.000Z
2026-08-05T21:02:21.584551+00:00,8,Animal Kingdom,657,Festival of the Lion King,True,0,2026-08-05T21:00:43.000Z
2026-08-05T21:02:21.584551+00:00,8,Animal Kingdom,651,Gorilla Falls Exploration Trail,True,5,2026-08-05T21:00:43.000Z
2026-08-05T21:02:21.584551+00:00,8,Animal Kingdom,113,Kilimanjaro Safaris,True,10,2026-08-05T21:00:43.000Z
2026-08-05T21:02:21.584551+00:00,8,Animal Kingdom,655,Wildlife Express Train,False,0,2026-08-05T21:00:43.000Z
2026-08-05T21:02:21.584551+00:00,8,Animal Kingdom,110,Expedition Everest - Legend of the Forbidden Mountain,True,25,2026-08-05T21:00:43.000Z
2026-08-05T21:02:21.584551+00:00,8,Animal Kingdom,14533,Expedition Everest - Legend of the Forbidden Mountain Single Rider,True,0,2026-08-05T21:00:43.000Z
2026-08-05T21:02:21.584551+00:00,8,Animal Kingdom,10921,Feathered Friends in Flight!,True,0,2026-08-05T21:00:43.000Z
2026-08-05T21:02:21.584551+00:00,8,Animal Kingdom,112,Kali River Rapids,True,30,2026-08-05T21:00:43.000Z
2026-08-05T21:02:21.584551+00:00,8,Animal Kingdom,13806,Animal Care at Conservation Station,True,0,2026-08-05T21:00:43.000Z
2026-08-05T21:02:21.584551+00:00,8,Animal Kingdom,16545,Bluey's Wild World at Conservation Station,False,0,2026-08-05T21:00:43.000Z
2026-08-05T21:02:21.584551+00:00,8,Animal Kingdom,10920,Finding Nemo: The Big Blue... and Beyond!,True,0,2026-08-05T21:00:43.000Z
2026-08-05T21:02:21.584551+00:00,8,Animal Kingdom,13811,Discovery Island Trails,True,0,2026-08-05T21:00:43.000Z
2026-08-05T21:02:21.584551+00:00,8,Animal Kingdom,116,Meet Favorite Disney Pals at Adventurers Outpost,True,45,2026-08-05T21:00:43.000Z
2026-08-05T21:02:21.584551+00:00,8,Animal Kingdom,12451,Meet Moana at Character Landing,False,0,2026-08-05T21:00:43.000Z
2026-08-05T21:02:21.584551+00:00,8,Animal Kingdom,13751,Tree of Life,True,0,2026-08-05T21:00:43.000Z
2026-08-05T21:02:21.584551+00:00,8,Animal Kingdom,14943,Zootopia: Better Zoogether!,True,10,2026-08-05T21:00:43.000Z
2026-08-05T21:02:21.584551+00:00,8,Animal Kingdom,4439,Avatar Flight of Passage,True,50,2026-08-05T21:00:43.000Z
2026-08-05T21:02:21.584551+00:00,8,Animal Kingdom,4438,Na'vi River Journey,True,40,2026-08-05T21:00:43.000Z
2026-08-05T21:02:21.584551+00:00,8,Animal Kingdom,13812,The Oasis Exhibits,True,0,2026-08-05T21:00:43.000Z
2026-08-05T21:02:21.584551+00:00,8,Animal Kingdom,13808,Wilderness Explorers,True,0,2026-08-05T21:00:43.000Z
2026-08-05T21:02:21.696376+00:00,7,Disney Hollywood Studios,16641,Disney Jr. Mickey Mouse Clubhouse Live!,True,0,2026-08-05T21:00:40.000Z
2026-08-05T21:02:21.696376+00:00,7,Disney Hollywood Studios,12430,Meet Ariel at Walt Disney Presents,False,0,2026-08-05T21:00:40.000Z
2026-08-05T21:02:21.696376+00:00,7,Disney Hollywood Studios,14859,The Little Mermaid – A Musical Adventure,True,0,2026-08-05T21:00:40.000Z
2026-08-05T21:02:21.696376+00:00,7,Disney Hollywood Studios,5145,Walt Disney Presents,True,0,2026-08-05T21:00:40.000Z
2026-08-05T21:02:21.696376+00:00,7,Disney Hollywood Studios,6704,Meet Disney Stars at Red Carpet Dreams,True,15,2026-08-05T21:00:40.000Z
2026-08-05T21:02:21.696376+00:00,7,Disney Hollywood Studios,1174,For the First Time in Forever: A Frozen Sing-Along Celebration,True,0,2026-08-05T21:00:40.000Z
2026-08-05T21:02:21.696376+00:00,7,Disney Hollywood Studios,6702,Indiana Jones™ Epic Stunt Spectacular!,True,0,2026-08-05T21:00:40.000Z
2026-08-05T21:02:21.696376+00:00,7,Disney Hollywood Studios,6703,Meet Olaf at Celebrity Spotlight,True,10,2026-08-05T21:00:40.000Z
2026-08-05T21:02:21.696376+00:00,7,Disney Hollywood Studios,120,Star Tours – The Adventures Continue,True,5,2026-08-05T21:00:40.000Z
2026-08-05T21:02:21.696376+00:00,7,Disney Hollywood Studios,7333,Vacation Fun - An Original Animated Short with Mickey & Minnie,True,10,2026-08-05T21:00:40.000Z
2026-08-05T21:02:21.696376+00:00,7,Disney Hollywood Studios,6361,Mickey & Minnie's Runaway Railway,True,40,2026-08-05T21:00:40.000Z
2026-08-05T21:02:21.696376+00:00,7,Disney Hollywood Studios,12425,Meet Edna Mode at the Edna Mode Experience,False,0,2026-08-05T21:00:40.000Z
2026-08-05T21:02:21.696376+00:00,7,Disney Hollywood Studios,117,Toy Story Mania!,True,30,2026-08-05T21:00:40.000Z
2026-08-05T21:02:21.696376+00:00,7,Disney Hollywood Studios,6368,Millennium Falcon: Smugglers Run,True,20,2026-08-05T21:00:40.000Z
2026-08-05T21:02:21.696376+00:00,7,Disney Hollywood Studios,10902,Millennium Falcon: Smugglers Run Single Rider,True,0,2026-08-05T21:00:40.000Z
2026-08-05T21:02:21.696376+00:00,7,Disney Hollywood Studios,6369,Star Wars: Rise of the Resistance,True,70,2026-08-05T21:00:40.000Z
2026-08-05T21:02:21.696376+00:00,7,Disney Hollywood Studios,14531,Star Wars: Rise of the Resistance Single Rider,True,0,2026-08-05T21:00:40.000Z
2026-08-05T21:02:21.696376+00:00,7,Disney Hollywood Studios,1176,Beauty and the Beast – Live on Stage,True,0,2026-08-05T21:00:40.000Z
2026-08-05T21:02:21.696376+00:00,7,Disney Hollywood Studios,16343,Rock 'n' Roller Coaster Starring Aerosmith Single Rider,True,0,2026-08-05T21:00:40.000Z
2026-08-05T21:02:21.696376+00:00,7,Disney Hollywood Studios,16342,Rock ’n’ Roller Coaster Starring The Muppets,True,60,2026-08-05T21:00:40.000Z
2026-08-05T21:02:21.696376+00:00,7,Disney Hollywood Studios,123,The Twilight Zone™ Tower of Terror,True,35,2026-08-05T21:00:40.000Z
2026-08-05T21:02:21.696376+00:00,7,Disney Hollywood Studios,5477,Alien Swirling Saucers,True,30,2026-08-05T21:00:40.000Z
2026-08-05T21:02:21.696376+00:00,7,Disney Hollywood Studios,5476,Slinky Dog Dash,True,75,2026-08-05T21:00:40.000Z
2026-08-05T21:02:21.802525+00:00,6,Disney Magic Kingdom,1184,A Pirate's Adventure ~ Treasures of the Seven Seas,True,0,2026-08-05T21:00:29.000Z
2026-08-05T21:02:21.802525+00:00,6,Disney Magic Kingdom,134,Jungle Cruise,True,50,2026-08-05T21:00:29.000Z
2026-08-05T21:02:21.802525+00:00,6,Disney Magic Kingdom,137,Pirates of the Caribbean,True,25,2026-08-05T21:00:29.000Z
2026-08-05T21:02:21.802525+00:00,6,Disney Magic Kingdom,355,Swiss Family Treehouse,True,5,2026-08-05T21:00:29.000Z
2026-08-05T21:02:21.802525+00:00,6,Disney Magic Kingdom,141,The Magic Carpets of Aladdin,True,20,2026-08-05T21:00:29.000Z
2026-08-05T21:02:21.802525+00:00,6,Disney Magic Kingdom,334,Walt Disney's Enchanted Tiki Room,True,10,2026-08-05T21:00:29.000Z
2026-08-05T21:02:21.802525+00:00,6,Disney Magic Kingdom,133,"""it's a small world""",True,15,2026-08-05T21:00:29.000Z
2026-08-05T21:02:21.802525+00:00,6,Disney Magic Kingdom,13764,Casey Jr. Splash 'N' Soak Station,True,0,2026-08-05T21:00:29.000Z
2026-08-05T21:02:21.802525+00:00,6,Disney Magic Kingdom,13763,Cinderella Castle,True,0,2026-08-05T21:00:29.000Z
2026-08-05T21:02:21.802525+00:00,6,Disney Magic Kingdom,132,Dumbo the Flying Elephant,True,20,2026-08-05T21:00:29.000Z
2026-08-05T21:02:21.802525+00:00,6,Disney Magic Kingdom,128,Enchanted Tales with Belle,True,20,2026-08-05T21:00:29.000Z
2026-08-05T21:02:21.802525+00:00,6,Disney Magic Kingdom,135,Mad Tea Party,True,20,2026-08-05T21:00:29.000Z
2026-08-05T21:02:21.802525+00:00,6,Disney Magic Kingdom,147,Meet Ariel at Her Grotto,True,35,2026-08-05T21:00:29.000Z
2026-08-05T21:02:21.802525+00:00,6,Disney Magic Kingdom,6700,Meet Cinderella and a Visiting Princess at Princess Fairytale Hall,True,40,2026-08-05T21:00:29.000Z
2026-08-05T21:02:21.802525+00:00,6,Disney Magic Kingdom,144,Meet Daring Disney Pals as Circus Stars at Pete's Silly Sideshow,True,30,2026-08-05T21:00:29.000Z
2026-08-05T21:02:21.802525+00:00,6,Disney Magic Kingdom,145,Meet Dashing Disney Pals as Circus Stars at Pete's Silly Sideshow,True,50,2026-08-05T21:00:29.000Z
2026-08-05T21:02:21.802525+00:00,6,Disney Magic Kingdom,6699,Meet Princess Tiana and a Visiting Princess at Princess Fairytale Hall,True,35,2026-08-05T21:00:29.000Z
2026-08-05T21:02:21.802525+00:00,6,Disney Magic Kingdom,171,Mickey's PhilharMagic,True,15,2026-08-05T21:00:29.000Z
2026-08-05T21:02:21.802525+00:00,6,Disney Magic Kingdom,136,Peter Pan's Flight,True,50,2026-08-05T21:00:29.000Z
2026-08-05T21:02:21.802525+00:00,6,Disney Magic Kingdom,161,Prince Charming Regal Carrousel,True,5,2026-08-05T21:00:29.000Z
2026-08-05T21:02:21.802525+00:00,6,Disney Magic Kingdom,129,Seven Dwarfs Mine Train,True,60,2026-08-05T21:00:29.000Z
2026-08-05T21:02:21.802525+00:00,6,Disney Magic Kingdom,126,The Barnstormer,True,25,2026-08-05T21:00:29.000Z
2026-08-05T21:02:21.802525+00:00,6,Disney Magic Kingdom,142,The Many Adventures of Winnie the Pooh,True,45,2026-08-05T21:00:29.000Z
2026-08-05T21:02:21.802525+00:00,6,Disney Magic Kingdom,127,Under the Sea - Journey of The Little Mermaid,True,45,2026-08-05T21:00:29.000Z
2026-08-05T21:02:21.802525+00:00,6,Disney Magic Kingdom,1181,Walt Disney World Railroad - Fantasyland,True,15,2026-08-05T21:00:29.000Z
2026-08-05T21:02:21.802525+00:00,6,Disney Magic Kingdom,130,Big Thunder Mountain Railroad,True,45,2026-08-05T21:00:29.000Z
2026-08-05T21:02:21.802525+00:00,6,Disney Magic Kingdom,1214,Country Bear Musical Jamboree,True,10,2026-08-05T21:00:29.000Z
2026-08-05T21:02:21.802525+00:00,6,Disney Magic Kingdom,13630,Tiana's Bayou Adventure,True,75,2026-08-05T21:00:29.000Z
2026-08-05T21:02:21.802525+00:00,6,Disney Magic Kingdom,140,Haunted Mansion,True,35,2026-08-05T21:00:29.000Z
2026-08-05T21:02:21.802525+00:00,6,Disney Magic Kingdom,356,The Hall of Presidents,True,15,2026-08-05T21:00:29.000Z
2026-08-05T21:02:21.802525+00:00,6,Disney Magic Kingdom,1188,Main Street Vehicles,False,0,2026-08-05T21:00:29.000Z
2026-08-05T21:02:21.802525+00:00,6,Disney Magic Kingdom,146,Meet Mickey at Town Square Theater,True,25,2026-08-05T21:00:29.000Z
2026-08-05T21:02:21.802525+00:00,6,Disney Magic Kingdom,1189,"Walt Disney World Railroad - Main Street, U.S.A.",True,15,2026-08-05T21:00:29.000Z
2026-08-05T21:02:21.802525+00:00,6,Disney Magic Kingdom,248,Astro Orbiter,True,25,2026-08-05T21:00:29.000Z
2026-08-05T21:02:21.802525+00:00,6,Disney Magic Kingdom,131,Buzz Lightyear’s Space Ranger Spin,True,55,2026-08-05T21:00:29.000Z
2026-08-05T21:02:21.802525+00:00,6,Disney Magic Kingdom,125,"Monsters, Inc. Laugh Floor",True,10,2026-08-05T21:00:29.000Z
2026-08-05T21:02:21.802525+00:00,6,Disney Magic Kingdom,138,Space Mountain,True,95,2026-08-05T21:00:29.000Z
2026-08-05T21:02:21.802525+00:00,6,Disney Magic Kingdom,143,Tomorrowland Speedway,True,10,2026-08-05T21:00:29.000Z
2026-08-05T21:02:21.802525+00:00,6,Disney Magic Kingdom,1190,Tomorrowland Transit Authority PeopleMover,True,20,2026-08-05T21:00:29.000Z
2026-08-05T21:02:21.802525+00:00,6,Disney Magic Kingdom,11527,TRON Lightcycle / Run,True,75,2026-08-05T21:00:29.000Z
2026-08-05T21:02:21.802525+00:00,6,Disney Magic Kingdom,457,Walt Disney's Carousel of Progress,False,0,2026-08-05T21:00:29.000Z
2026-08-05T21:02:21.802525+00:00,6,Disney Magic Kingdom,14927,Meet Mickey Mouse and Minnie Mouse at Mickey's Not-So-Scary Halloween Party,False,0,2026-08-05T14:40:19.000Z
2026-08-05T21:02:21.906181+00:00,5,Epcot,2495,Disney and Pixar Short Film Festival,True,0,2026-08-05T21:00:27.000Z
2026-08-05T21:02:21.906181+00:00,5,Epcot,155,Journey Into Imagination With Figment,True,15,2026-08-05T21:00:27.000Z
2026-08-05T21:02:21.906181+00:00,5,Epcot,13627,Meet Beloved Disney Pals at Mickey & Friends,True,25,2026-08-05T21:00:27.000Z
2026-08-05T21:02:21.906181+00:00,5,Epcot,159,Spaceship Earth,True,20,2026-08-05T21:00:27.000Z
2026-08-05T21:02:21.906181+00:00,5,Epcot,10916,Guardians of the Galaxy: Cosmic Rewind,True,95,2026-08-05T21:00:27.000Z
2026-08-05T21:02:21.906181+00:00,5,Epcot,158,Mission: SPACE,True,15,2026-08-05T21:00:27.000Z
2026-08-05T21:02:21.906181+00:00,5,Epcot,160,Test Track,True,85,2026-08-05T21:00:27.000Z
2026-08-05T21:02:21.906181+00:00,5,Epcot,10900,Test Track Presented by Chevrolet Single Rider,True,0,2026-08-05T21:00:27.000Z
2026-08-05T21:02:21.906181+00:00,5,Epcot,7323,Awesome Planet,True,0,2026-08-05T21:00:27.000Z
2026-08-05T21:02:21.906181+00:00,5,Epcot,12387,"Journey of Water, Inspired by Moana",True,0,2026-08-05T21:00:27.000Z
2026-08-05T21:02:21.906181+00:00,5,Epcot,156,Living with the Land,True,5,2026-08-05T21:00:27.000Z
2026-08-05T21:02:21.906181+00:00,5,Epcot,13782,SeaBase Aquarium,True,0,2026-08-05T21:00:27.000Z
2026-08-05T21:02:21.906181+00:00,5,Epcot,16467,Soarin' Across America,True,25,2026-08-05T21:00:27.000Z
2026-08-05T21:02:21.906181+00:00,5,Epcot,153,The Seas with Nemo & Friends,True,5,2026-08-05T21:00:27.000Z
2026-08-05T21:02:21.906181+00:00,5,Epcot,152,Turtle Talk With Crush,True,15,2026-08-05T21:00:27.000Z
2026-08-05T21:02:21.906181+00:00,5,Epcot,829,Canada Far and Wide in Circle-Vision 360,True,15,2026-08-05T21:00:27.000Z
2026-08-05T21:02:21.906181+00:00,5,Epcot,2679,Frozen Ever After,True,80,2026-08-05T21:00:27.000Z
2026-08-05T21:02:21.906181+00:00,5,Epcot,466,Gran Fiesta Tour Starring The Three Caballeros,True,5,2026-08-05T21:00:27.000Z
2026-08-05T21:02:21.906181+00:00,5,Epcot,6701,Meet Anna and Elsa at Royal Sommerhus,True,45,2026-08-05T21:00:27.000Z
2026-08-05T21:02:21.906181+00:00,5,Epcot,10914,Remy's Ratatouille Adventure,True,55,2026-08-05T21:00:27.000Z
2026-08-05T21:02:21.906181+00:00,5,Epcot,10915,Remy's Ratatouille Adventure Single Rider,True,0,2026-08-05T21:00:27.000Z
2026-08-05T22:53:26.298912+00:00,8,Animal Kingdom,657,Festival of the Lion King,True,0,2026-08-05T22:50:37.000Z
2026-08-05T22:53:26.298912+00:00,8,Animal Kingdom,651,Gorilla Falls Exploration Trail,False,0,2026-08-05T22:50:37.000Z
2026-08-05T22:53:26.298912+00:00,8,Animal Kingdom,113,Kilimanjaro Safaris,True,5,2026-08-05T22:50:37.000Z
2026-08-05T22:53:26.298912+00:00,8,Animal Kingdom,655,Wildlife Express Train,False,0,2026-08-05T22:50:37.000Z
2026-08-05T22:53:26.298912+00:00,8,Animal Kingdom,110,Expedition Everest - Legend of the Forbidden Mountain,True,5,2026-08-05T22:50:37.000Z
2026-08-05T22:53:26.298912+00:00,8,Animal Kingdom,14533,Expedition Everest - Legend of the Forbidden Mountain Single Rider,True,0,2026-08-05T22:50:37.000Z
2026-08-05T22:53:26.298912+00:00,8,Animal Kingdom,10921,Feathered Friends in Flight!,True,0,2026-08-05T22:50:37.000Z
2026-08-05T22:53:26.298912+00:00,8,Animal Kingdom,112,Kali River Rapids,True,10,2026-08-05T22:50:37.000Z
2026-08-05T22:53:26.298912+00:00,8,Animal Kingdom,13806,Animal Care at Conservation Station,False,0,2026-08-05T22:50:37.000Z
2026-08-05T22:53:26.298912+00:00,8,Animal Kingdom,16545,Bluey's Wild World at Conservation Station,False,0,2026-08-05T22:50:37.000Z
2026-08-05T22:53:26.298912+00:00,8,Animal Kingdom,10920,Finding Nemo: The Big Blue... and Beyond!,True,0,2026-08-05T22:50:37.000Z
2026-08-05T22:53:26.298912+00:00,8,Animal Kingdom,13811,Discovery Island Trails,True,0,2026-08-05T22:50:37.000Z
2026-08-05T22:53:26.298912+00:00,8,Animal Kingdom,116,Meet Favorite Disney Pals at Adventurers Outpost,False,0,2026-08-05T22:50:37.000Z
2026-08-05T22:53:26.298912+00:00,8,Animal Kingdom,12451,Meet Moana at Character Landing,False,0,2026-08-05T22:50:37.000Z
2026-08-05T22:53:26.298912+00:00,8,Animal Kingdom,13751,Tree of Life,True,0,2026-08-05T22:50:37.000Z
2026-08-05T22:53:26.298912+00:00,8,Animal Kingdom,14943,Zootopia: Better Zoogether!,True,10,2026-08-05T22:50:37.000Z
2026-08-05T22:53:26.298912+00:00,8,Animal Kingdom,4439,Avatar Flight of Passage,True,40,2026-08-05T22:50:37.000Z
2026-08-05T22:53:26.298912+00:00,8,Animal Kingdom,4438,Na'vi River Journey,False,0,2026-08-05T22:50:37.000Z
2026-08-05T22:53:26.298912+00:00,8,Animal Kingdom,13812,The Oasis Exhibits,True,0,2026-08-05T22:50:37.000Z
2026-08-05T22:53:26.298912+00:00,8,Animal Kingdom,13808,Wilderness Explorers,False,0,2026-08-05T22:50:37.000Z
2026-08-05T22:53:26.817891+00:00,7,Disney Hollywood Studios,16641,Disney Jr. Mickey Mouse Clubhouse Live!,True,0,2026-08-05T22:50:23.000Z
2026-08-05T22:53:26.817891+00:00,7,Disney Hollywood Studios,12430,Meet Ariel at Walt Disney Presents,False,0,2026-08-05T22:50:23.000Z
2026-08-05T22:53:26.817891+00:00,7,Disney Hollywood Studios,14859,The Little Mermaid – A Musical Adventure,True,0,2026-08-05T22:50:23.000Z
2026-08-05T22:53:26.817891+00:00,7,Disney Hollywood Studios,5145,Walt Disney Presents,True,0,2026-08-05T22:50:23.000Z
2026-08-05T22:53:26.817891+00:00,7,Disney Hollywood Studios,6704,Meet Disney Stars at Red Carpet Dreams,True,35,2026-08-05T22:50:23.000Z
2026-08-05T22:53:26.817891+00:00,7,Disney Hollywood Studios,1174,For the First Time in Forever: A Frozen Sing-Along Celebration,True,0,2026-08-05T22:50:23.000Z
2026-08-05T22:53:26.817891+00:00,7,Disney Hollywood Studios,6702,Indiana Jones™ Epic Stunt Spectacular!,True,0,2026-08-05T22:50:23.000Z
2026-08-05T22:53:26.817891+00:00,7,Disney Hollywood Studios,6703,Meet Olaf at Celebrity Spotlight,False,0,2026-08-05T22:50:23.000Z
2026-08-05T22:53:26.817891+00:00,7,Disney Hollywood Studios,120,Star Tours – The Adventures Continue,True,5,2026-08-05T22:50:23.000Z
2026-08-05T22:53:26.817891+00:00,7,Disney Hollywood Studios,7333,Vacation Fun - An Original Animated Short with Mickey & Minnie,True,10,2026-08-05T22:50:23.000Z
2026-08-05T22:53:26.817891+00:00,7,Disney Hollywood Studios,6361,Mickey & Minnie's Runaway Railway,True,40,2026-08-05T22:50:23.000Z
2026-08-05T22:53:26.817891+00:00,7,Disney Hollywood Studios,12425,Meet Edna Mode at the Edna Mode Experience,False,0,2026-08-05T22:50:23.000Z
2026-08-05T22:53:26.817891+00:00,7,Disney Hollywood Studios,117,Toy Story Mania!,True,40,2026-08-05T22:50:23.000Z
2026-08-05T22:53:26.817891+00:00,7,Disney Hollywood Studios,6368,Millennium Falcon: Smugglers Run,True,25,2026-08-05T22:50:23.000Z
2026-08-05T22:53:26.817891+00:00,7,Disney Hollywood Studios,10902,Millennium Falcon: Smugglers Run Single Rider,True,0,2026-08-05T22:50:23.000Z
2026-08-05T22:53:26.817891+00:00,7,Disney Hollywood Studios,6369,Star Wars: Rise of the Resistance,True,70,2026-08-05T22:50:23.000Z
2026-08-05T22:53:26.817891+00:00,7,Disney Hollywood Studios,14531,Star Wars: Rise of the Resistance Single Rider,True,0,2026-08-05T22:50:23.000Z
2026-08-05T22:53:26.817891+00:00,7,Disney Hollywood Studios,1176,Beauty and the Beast – Live on Stage,True,0,2026-08-05T22:50:23.000Z
2026-08-05T22:53:26.817891+00:00,7,Disney Hollywood Studios,16343,Rock 'n' Roller Coaster Starring Aerosmith Single Rider,True,0,2026-08-05T22:50:23.000Z
2026-08-05T22:53:26.817891+00:00,7,Disney Hollywood Studios,16342,Rock ’n’ Roller Coaster Starring The Muppets,True,75,2026-08-05T22:50:23.000Z
2026-08-05T22:53:26.817891+00:00,7,Disney Hollywood Studios,123,The Twilight Zone™ Tower of Terror,True,80,2026-08-05T22:50:23.000Z
2026-08-05T22:53:26.817891+00:00,7,Disney Hollywood Studios,5477,Alien Swirling Saucers,True,35,2026-08-05T22:50:23.000Z
2026-08-05T22:53:26.817891+00:00,7,Disney Hollywood Studios,5476,Slinky Dog Dash,True,80,2026-08-05T22:50:23.000Z
2026-08-05T22:53:27.329745+00:00,6,Disney Magic Kingdom,1184,A Pirate's Adventure ~ Treasures of the Seven Seas,False,0,2026-08-05T22:50:23.000Z
2026-08-05T22:53:27.329745+00:00,6,Disney Magic Kingdom,134,Jungle Cruise,True,50,2026-08-05T22:50:23.000Z
2026-08-05T22:53:27.329745+00:00,6,Disney Magic Kingdom,137,Pirates of the Caribbean,True,25,2026-08-05T22:50:23.000Z
2026-08-05T22:53:27.329745+00:00,6,Disney Magic Kingdom,355,Swiss Family Treehouse,True,5,2026-08-05T22:50:23.000Z
2026-08-05T22:53:27.329745+00:00,6,Disney Magic Kingdom,141,The Magic Carpets of Aladdin,True,20,2026-08-05T22:50:23.000Z
2026-08-05T22:53:27.329745+00:00,6,Disney Magic Kingdom,334,Walt Disney's Enchanted Tiki Room,True,10,2026-08-05T22:50:23.000Z
2026-08-05T22:53:27.329745+00:00,6,Disney Magic Kingdom,133,"""it's a small world""",False,0,2026-08-05T22:50:23.000Z
2026-08-05T22:53:27.329745+00:00,6,Disney Magic Kingdom,13764,Casey Jr. Splash 'N' Soak Station,False,0,2026-08-05T22:50:23.000Z
2026-08-05T22:53:27.329745+00:00,6,Disney Magic Kingdom,13763,Cinderella Castle,True,0,2026-08-05T22:50:23.000Z
2026-08-05T22:53:27.329745+00:00,6,Disney Magic Kingdom,132,Dumbo the Flying Elephant,True,15,2026-08-05T22:50:23.000Z
2026-08-05T22:53:27.329745+00:00,6,Disney Magic Kingdom,128,Enchanted Tales with Belle,True,15,2026-08-05T22:50:23.000Z
2026-08-05T22:53:27.329745+00:00,6,Disney Magic Kingdom,135,Mad Tea Party,True,10,2026-08-05T22:50:23.000Z
2026-08-05T22:53:27.329745+00:00,6,Disney Magic Kingdom,147,Meet Ariel at Her Grotto,True,30,2026-08-05T22:50:23.000Z
2026-08-05T22:53:27.329745+00:00,6,Disney Magic Kingdom,6700,Meet Cinderella and a Visiting Princess at Princess Fairytale Hall,True,35,2026-08-05T22:50:23.000Z
2026-08-05T22:53:27.329745+00:00,6,Disney Magic Kingdom,144,Meet Daring Disney Pals as Circus Stars at Pete's Silly Sideshow,True,40,2026-08-05T22:50:23.000Z
2026-08-05T22:53:27.329745+00:00,6,Disney Magic Kingdom,145,Meet Dashing Disney Pals as Circus Stars at Pete's Silly Sideshow,True,50,2026-08-05T22:50:23.000Z
2026-08-05T22:53:27.329745+00:00,6,Disney Magic Kingdom,6699,Meet Princess Tiana and a Visiting Princess at Princess Fairytale Hall,True,35,2026-08-05T22:50:23.000Z
2026-08-05T22:53:27.329745+00:00,6,Disney Magic Kingdom,171,Mickey's PhilharMagic,True,15,2026-08-05T22:50:23.000Z
2026-08-05T22:53:27.329745+00:00,6,Disney Magic Kingdom,136,Peter Pan's Flight,True,55,2026-08-05T22:50:23.000Z
2026-08-05T22:53:27.329745+00:00,6,Disney Magic Kingdom,161,Prince Charming Regal Carrousel,True,15,2026-08-05T22:50:23.000Z
2026-08-05T22:53:27.329745+00:00,6,Disney Magic Kingdom,129,Seven Dwarfs Mine Train,True,60,2026-08-05T22:50:23.000Z
2026-08-05T22:53:27.329745+00:00,6,Disney Magic Kingdom,126,The Barnstormer,True,30,2026-08-05T22:50:23.000Z
2026-08-05T22:53:27.329745+00:00,6,Disney Magic Kingdom,142,The Many Adventures of Winnie the Pooh,True,55,2026-08-05T22:50:23.000Z
2026-08-05T22:53:27.329745+00:00,6,Disney Magic Kingdom,127,Under the Sea - Journey of The Little Mermaid,True,45,2026-08-05T22:50:23.000Z
2026-08-05T22:53:27.329745+00:00,6,Disney Magic Kingdom,1181,Walt Disney World Railroad - Fantasyland,True,15,2026-08-05T22:50:23.000Z
2026-08-05T22:53:27.329745+00:00,6,Disney Magic Kingdom,130,Big Thunder Mountain Railroad,True,40,2026-08-05T22:50:23.000Z
2026-08-05T22:53:27.329745+00:00,6,Disney Magic Kingdom,1214,Country Bear Musical Jamboree,True,10,2026-08-05T22:50:23.000Z
2026-08-05T22:53:27.329745+00:00,6,Disney Magic Kingdom,13630,Tiana's Bayou Adventure,True,65,2026-08-05T22:50:23.000Z
2026-08-05T22:53:27.329745+00:00,6,Disney Magic Kingdom,140,Haunted Mansion,True,30,2026-08-05T22:50:23.000Z
2026-08-05T22:53:27.329745+00:00,6,Disney Magic Kingdom,356,The Hall of Presidents,True,15,2026-08-05T22:50:23.000Z
2026-08-05T22:53:27.329745+00:00,6,Disney Magic Kingdom,1188,Main Street Vehicles,False,0,2026-08-05T22:50:23.000Z
2026-08-05T22:53:27.329745+00:00,6,Disney Magic Kingdom,146,Meet Mickey at Town Square Theater,True,15,2026-08-05T22:50:23.000Z
2026-08-05T22:53:27.329745+00:00,6,Disney Magic Kingdom,1189,"Walt Disney World Railroad - Main Street, U.S.A.",True,15,2026-08-05T22:50:23.000Z
2026-08-05T22:53:27.329745+00:00,6,Disney Magic Kingdom,248,Astro Orbiter,True,25,2026-08-05T22:50:23.000Z
2026-08-05T22:53:27.329745+00:00,6,Disney Magic Kingdom,131,Buzz Lightyear’s Space Ranger Spin,True,45,2026-08-05T22:50:23.000Z
2026-08-05T22:53:27.329745+00:00,6,Disney Magic Kingdom,125,"Monsters, Inc. Laugh Floor",True,10,2026-08-05T22:50:23.000Z
2026-08-05T22:53:27.329745+00:00,6,Disney Magic Kingdom,138,Space Mountain,True,85,2026-08-05T22:50:23.000Z
2026-08-05T22:53:27.329745+00:00,6,Disney Magic Kingdom,143,Tomorrowland Speedway,True,20,2026-08-05T22:50:23.000Z
2026-08-05T22:53:27.329745+00:00,6,Disney Magic Kingdom,1190,Tomorrowland Transit Authority PeopleMover,True,20,2026-08-05T22:50:23.000Z
2026-08-05T22:53:27.329745+00:00,6,Disney Magic Kingdom,11527,TRON Lightcycle / Run,True,90,2026-08-05T22:50:23.000Z
2026-08-05T22:53:27.329745+00:00,6,Disney Magic Kingdom,457,Walt Disney's Carousel of Progress,False,0,2026-08-05T22:50:23.000Z
2026-08-05T22:53:27.329745+00:00,6,Disney Magic Kingdom,14927,Meet Mickey Mouse and Minnie Mouse at Mickey's Not-So-Scary Halloween Party,False,0,2026-08-05T14:40:19.000Z
2026-08-05T22:53:27.831409+00:00,5,Epcot,2495,Disney and Pixar Short Film Festival,True,0,2026-08-05T22:50:17.000Z
2026-08-05T22:53:27.831409+00:00,5,Epcot,155,Journey Into Imagination With Figment,True,5,2026-08-05T22:50:17.000Z
2026-08-05T22:53:27.831409+00:00,5,Epcot,13627,Meet Beloved Disney Pals at Mickey & Friends,True,30,2026-08-05T22:50:17.000Z
2026-08-05T22:53:27.831409+00:00,5,Epcot,159,Spaceship Earth,True,5,2026-08-05T22:50:17.000Z
2026-08-05T22:53:27.831409+00:00,5,Epcot,10916,Guardians of the Galaxy: Cosmic Rewind,True,90,2026-08-05T22:50:17.000Z
2026-08-05T22:53:27.831409+00:00,5,Epcot,158,Mission: SPACE,True,15,2026-08-05T22:50:17.000Z
2026-08-05T22:53:27.831409+00:00,5,Epcot,160,Test Track,True,85,2026-08-05T22:50:17.000Z
2026-08-05T22:53:27.831409+00:00,5,Epcot,10900,Test Track Presented by Chevrolet Single Rider,True,0,2026-08-05T22:50:17.000Z
2026-08-05T22:53:27.831409+00:00,5,Epcot,7323,Awesome Planet,True,0,2026-08-05T22:50:17.000Z
2026-08-05T22:53:27.831409+00:00,5,Epcot,12387,"Journey of Water, Inspired by Moana",True,0,2026-08-05T22:50:17.000Z
2026-08-05T22:53:27.831409+00:00,5,Epcot,156,Living with the Land,True,5,2026-08-05T22:50:17.000Z
2026-08-05T22:53:27.831409+00:00,5,Epcot,13782,SeaBase Aquarium,True,0,2026-08-05T22:50:17.000Z
2026-08-05T22:53:27.831409+00:00,5,Epcot,16467,Soarin' Across America,True,25,2026-08-05T22:50:17.000Z
2026-08-05T22:53:27.831409+00:00,5,Epcot,153,The Seas with Nemo & Friends,True,5,2026-08-05T22:50:17.000Z
2026-08-05T22:53:27.831409+00:00,5,Epcot,152,Turtle Talk With Crush,True,15,2026-08-05T22:50:17.000Z
2026-08-05T22:53:27.831409+00:00,5,Epcot,829,Canada Far and Wide in Circle-Vision 360,True,15,2026-08-05T22:50:17.000Z
2026-08-05T22:53:27.831409+00:00,5,Epcot,2679,Frozen Ever After,True,65,2026-08-05T22:50:17.000Z
2026-08-05T22:53:27.831409+00:00,5,Epcot,466,Gran Fiesta Tour Starring The Three Caballeros,True,5,2026-08-05T22:50:17.000Z
2026-08-05T22:53:27.831409+00:00,5,Epcot,6701,Meet Anna and Elsa at Royal Sommerhus,False,0,2026-08-05T22:50:17.000Z
2026-08-05T22:53:27.831409+00:00,5,Epcot,10914,Remy's Ratatouille Adventure,True,65,2026-08-05T22:50:17.000Z
2026-08-05T22:53:27.831409+00:00,5,Epcot,10915,Remy's Ratatouille Adventure Single Rider,True,0,2026-08-05T22:50:17.000Z
2026-08-06T02:03:57.236821+00:00,8,Animal Kingdom,657,Festival of the Lion King,True,0,2026-08-06T02:00:42.000Z
2026-08-06T02:03:57.236821+00:00,8,Animal Kingdom,651,Gorilla Falls Exploration Trail,False,0,2026-08-06T02:00:42.000Z
2026-08-06T02:03:57.236821+00:00,8,Animal Kingdom,113,Kilimanjaro Safaris,False,0,2026-08-06T02:00:42.000Z
2026-08-06T02:03:57.236821+00:00,8,Animal Kingdom,655,Wildlife Express Train,False,0,2026-08-06T02:00:42.000Z
2026-08-06T02:03:57.236821+00:00,8,Animal Kingdom,110,Expedition Everest - Legend of the Forbidden Mountain,False,0,2026-08-06T02:00:42.000Z
2026-08-06T02:03:57.236821+00:00,8,Animal Kingdom,14533,Expedition Everest - Legend of the Forbidden Mountain Single Rider,False,0,2026-08-06T02:00:42.000Z
2026-08-06T02:03:57.236821+00:00,8,Animal Kingdom,10921,Feathered Friends in Flight!,True,0,2026-08-06T02:00:42.000Z
2026-08-06T02:03:57.236821+00:00,8,Animal Kingdom,112,Kali River Rapids,False,0,2026-08-06T02:00:42.000Z
2026-08-06T02:03:57.236821+00:00,8,Animal Kingdom,13806,Animal Care at Conservation Station,False,0,2026-08-06T02:00:42.000Z
2026-08-06T02:03:57.236821+00:00,8,Animal Kingdom,16545,Bluey's Wild World at Conservation Station,False,0,2026-08-06T02:00:42.000Z
2026-08-06T02:03:57.236821+00:00,8,Animal Kingdom,10920,Finding Nemo: The Big Blue... and Beyond!,True,0,2026-08-06T02:00:42.000Z
2026-08-06T02:03:57.236821+00:00,8,Animal Kingdom,13811,Discovery Island Trails,False,0,2026-08-06T02:00:42.000Z
2026-08-06T02:03:57.236821+00:00,8,Animal Kingdom,116,Meet Favorite Disney Pals at Adventurers Outpost,False,0,2026-08-06T02:00:42.000Z
2026-08-06T02:03:57.236821+00:00,8,Animal Kingdom,12451,Meet Moana at Character Landing,False,0,2026-08-06T02:00:42.000Z
2026-08-06T02:03:57.236821+00:00,8,Animal Kingdom,13751,Tree of Life,True,0,2026-08-06T02:00:42.000Z
2026-08-06T02:03:57.236821+00:00,8,Animal Kingdom,14943,Zootopia: Better Zoogether!,False,0,2026-08-06T02:00:42.000Z
2026-08-06T02:03:57.236821+00:00,8,Animal Kingdom,4439,Avatar Flight of Passage,False,0,2026-08-06T02:00:42.000Z
2026-08-06T02:03:57.236821+00:00,8,Animal Kingdom,4438,Na'vi River Journey,False,0,2026-08-06T02:00:42.000Z
2026-08-06T02:03:57.236821+00:00,8,Animal Kingdom,13812,The Oasis Exhibits,False,0,2026-08-06T02:00:42.000Z
2026-08-06T02:03:57.236821+00:00,8,Animal Kingdom,13808,Wilderness Explorers,False,0,2026-08-06T02:00:42.000Z
2026-08-06T02:03:57.437242+00:00,7,Disney Hollywood Studios,16641,Disney Jr. Mickey Mouse Clubhouse Live!,True,0,2026-08-06T02:00:40.000Z
2026-08-06T02:03:57.437242+00:00,7,Disney Hollywood Studios,12430,Meet Ariel at Walt Disney Presents,False,0,2026-08-06T02:00:40.000Z
2026-08-06T02:03:57.437242+00:00,7,Disney Hollywood Studios,14859,The Little Mermaid – A Musical Adventure,True,0,2026-08-06T02:00:40.000Z
2026-08-06T02:03:57.437242+00:00,7,Disney Hollywood Studios,5145,Walt Disney Presents,False,0,2026-08-06T02:00:40.000Z
2026-08-06T02:03:57.437242+00:00,7,Disney Hollywood Studios,6704,Meet Disney Stars at Red Carpet Dreams,False,0,2026-08-06T02:00:40.000Z
2026-08-06T02:03:57.437242+00:00,7,Disney Hollywood Studios,1174,For the First Time in Forever: A Frozen Sing-Along Celebration,True,0,2026-08-06T02:00:40.000Z
2026-08-06T02:03:57.437242+00:00,7,Disney Hollywood Studios,6702,Indiana Jones™ Epic Stunt Spectacular!,True,0,2026-08-06T02:00:40.000Z
2026-08-06T02:03:57.437242+00:00,7,Disney Hollywood Studios,6703,Meet Olaf at Celebrity Spotlight,False,0,2026-08-06T02:00:40.000Z
2026-08-06T02:03:57.437242+00:00,7,Disney Hollywood Studios,120,Star Tours – The Adventures Continue,True,5,2026-08-06T02:00:40.000Z
2026-08-06T02:03:57.437242+00:00,7,Disney Hollywood Studios,7333,Vacation Fun - An Original Animated Short with Mickey & Minnie,False,0,2026-08-06T02:00:40.000Z
2026-08-06T02:03:57.437242+00:00,7,Disney Hollywood Studios,6361,Mickey & Minnie's Runaway Railway,True,10,2026-08-06T02:00:40.000Z
2026-08-06T02:03:57.437242+00:00,7,Disney Hollywood Studios,12425,Meet Edna Mode at the Edna Mode Experience,False,0,2026-08-06T02:00:40.000Z
2026-08-06T02:03:57.437242+00:00,7,Disney Hollywood Studios,117,Toy Story Mania!,True,15,2026-08-06T02:00:40.000Z
2026-08-06T02:03:57.437242+00:00,7,Disney Hollywood Studios,6368,Millennium Falcon: Smugglers Run,True,15,2026-08-06T02:00:40.000Z
2026-08-06T02:03:57.437242+00:00,7,Disney Hollywood Studios,10902,Millennium Falcon: Smugglers Run Single Rider,True,0,2026-08-06T02:00:40.000Z
2026-08-06T02:03:57.437242+00:00,7,Disney Hollywood Studios,6369,Star Wars: Rise of the Resistance,True,35,2026-08-06T02:00:40.000Z
2026-08-06T02:03:57.437242+00:00,7,Disney Hollywood Studios,14531,Star Wars: Rise of the Resistance Single Rider,True,0,2026-08-06T02:00:40.000Z
2026-08-06T02:03:57.437242+00:00,7,Disney Hollywood Studios,1176,Beauty and the Beast – Live on Stage,True,0,2026-08-06T02:00:40.000Z
2026-08-06T02:03:57.437242+00:00,7,Disney Hollywood Studios,16343,Rock 'n' Roller Coaster Starring Aerosmith Single Rider,True,0,2026-08-06T02:00:40.000Z
2026-08-06T02:03:57.437242+00:00,7,Disney Hollywood Studios,16342,Rock ’n’ Roller Coaster Starring The Muppets,True,30,2026-08-06T02:00:40.000Z
2026-08-06T02:03:57.437242+00:00,7,Disney Hollywood Studios,123,The Twilight Zone™ Tower of Terror,True,15,2026-08-06T02:00:40.000Z
2026-08-06T02:03:57.437242+00:00,7,Disney Hollywood Studios,5477,Alien Swirling Saucers,True,5,2026-08-06T02:00:40.000Z
2026-08-06T02:03:57.437242+00:00,7,Disney Hollywood Studios,5476,Slinky Dog Dash,True,30,2026-08-06T02:00:40.000Z
2026-08-06T02:03:57.625972+00:00,6,Disney Magic Kingdom,1184,A Pirate's Adventure ~ Treasures of the Seven Seas,False,0,2026-08-06T02:00:37.000Z
2026-08-06T02:03:57.625972+00:00,6,Disney Magic Kingdom,134,Jungle Cruise,True,5,2026-08-06T02:00:37.000Z
2026-08-06T02:03:57.625972+00:00,6,Disney Magic Kingdom,137,Pirates of the Caribbean,True,5,2026-08-06T02:00:37.000Z
2026-08-06T02:03:57.625972+00:00,6,Disney Magic Kingdom,355,Swiss Family Treehouse,True,5,2026-08-06T02:00:37.000Z
2026-08-06T02:03:57.625972+00:00,6,Disney Magic Kingdom,141,The Magic Carpets of Aladdin,True,20,2026-08-06T02:00:37.000Z
2026-08-06T02:03:57.625972+00:00,6,Disney Magic Kingdom,334,Walt Disney's Enchanted Tiki Room,True,10,2026-08-06T02:00:37.000Z
2026-08-06T02:03:57.625972+00:00,6,Disney Magic Kingdom,133,"""it's a small world""",True,5,2026-08-06T02:00:37.000Z
2026-08-06T02:03:57.625972+00:00,6,Disney Magic Kingdom,13764,Casey Jr. Splash 'N' Soak Station,False,0,2026-08-06T02:00:37.000Z
2026-08-06T02:03:57.625972+00:00,6,Disney Magic Kingdom,13763,Cinderella Castle,True,0,2026-08-06T02:00:37.000Z
2026-08-06T02:03:57.625972+00:00,6,Disney Magic Kingdom,132,Dumbo the Flying Elephant,True,35,2026-08-06T02:00:37.000Z
2026-08-06T02:03:57.625972+00:00,6,Disney Magic Kingdom,128,Enchanted Tales with Belle,False,0,2026-08-06T02:00:37.000Z
2026-08-06T02:03:57.625972+00:00,6,Disney Magic Kingdom,135,Mad Tea Party,True,5,2026-08-06T02:00:37.000Z
2026-08-06T02:03:57.625972+00:00,6,Disney Magic Kingdom,147,Meet Ariel at Her Grotto,False,0,2026-08-06T02:00:37.000Z
2026-08-06T02:03:57.625972+00:00,6,Disney Magic Kingdom,6700,Meet Cinderella and a Visiting Princess at Princess Fairytale Hall,False,0,2026-08-06T02:00:37.000Z
2026-08-06T02:03:57.625972+00:00,6,Disney Magic Kingdom,144,Meet Daring Disney Pals as Circus Stars at Pete's Silly Sideshow,False,0,2026-08-06T02:00:37.000Z
2026-08-06T02:03:57.625972+00:00,6,Disney Magic Kingdom,145,Meet Dashing Disney Pals as Circus Stars at Pete's Silly Sideshow,False,0,2026-08-06T02:00:37.000Z
2026-08-06T02:03:57.625972+00:00,6,Disney Magic Kingdom,6699,Meet Princess Tiana and a Visiting Princess at Princess Fairytale Hall,False,0,2026-08-06T02:00:37.000Z
2026-08-06T02:03:57.625972+00:00,6,Disney Magic Kingdom,171,Mickey's PhilharMagic,True,10,2026-08-06T02:00:37.000Z
2026-08-06T02:03:57.625972+00:00,6,Disney Magic Kingdom,136,Peter Pan's Flight,True,35,2026-08-06T02:00:37.000Z
2026-08-06T02:03:57.625972+00:00,6,Disney Magic Kingdom,161,Prince Charming Regal Carrousel,False,0,2026-08-06T02:00:37.000Z
2026-08-06T02:03:57.625972+00:00,6,Disney Magic Kingdom,129,Seven Dwarfs Mine Train,True,40,2026-08-06T02:00:37.000Z
2026-08-06T02:03:57.625972+00:00,6,Disney Magic Kingdom,126,The Barnstormer,False,0,2026-08-06T02:00:37.000Z
2026-08-06T02:03:57.625972+00:00,6,Disney Magic Kingdom,142,The Many Adventures of Winnie the Pooh,True,30,2026-08-06T02:00:37.000Z
2026-08-06T02:03:57.625972+00:00,6,Disney Magic Kingdom,127,Under the Sea - Journey of The Little Mermaid,True,5,2026-08-06T02:00:37.000Z
2026-08-06T02:03:57.625972+00:00,6,Disney Magic Kingdom,1181,Walt Disney World Railroad - Fantasyland,False,0,2026-08-06T02:00:37.000Z
2026-08-06T02:03:57.625972+00:00,6,Disney Magic Kingdom,130,Big Thunder Mountain Railroad,True,5,2026-08-06T02:00:37.000Z
2026-08-06T02:03:57.625972+00:00,6,Disney Magic Kingdom,1214,Country Bear Musical Jamboree,True,10,2026-08-06T02:00:37.000Z
2026-08-06T02:03:57.625972+00:00,6,Disney Magic Kingdom,13630,Tiana's Bayou Adventure,True,5,2026-08-06T02:00:37.000Z
2026-08-06T02:03:57.625972+00:00,6,Disney Magic Kingdom,140,Haunted Mansion,True,20,2026-08-06T02:00:37.000Z
2026-08-06T02:03:57.625972+00:00,6,Disney Magic Kingdom,356,The Hall of Presidents,False,0,2026-08-06T02:00:37.000Z
2026-08-06T02:03:57.625972+00:00,6,Disney Magic Kingdom,1188,Main Street Vehicles,False,0,2026-08-06T02:00:37.000Z
2026-08-06T02:03:57.625972+00:00,6,Disney Magic Kingdom,146,Meet Mickey at Town Square Theater,True,15,2026-08-06T02:00:37.000Z
2026-08-06T02:03:57.625972+00:00,6,Disney Magic Kingdom,1189,"Walt Disney World Railroad - Main Street, U.S.A.",False,0,2026-08-06T02:00:37.000Z
2026-08-06T02:03:57.625972+00:00,6,Disney Magic Kingdom,248,Astro Orbiter,False,0,2026-08-06T02:00:37.000Z
2026-08-06T02:03:57.625972+00:00,6,Disney Magic Kingdom,131,Buzz Lightyear’s Space Ranger Spin,True,30,2026-08-06T02:00:37.000Z
2026-08-06T02:03:57.625972+00:00,6,Disney Magic Kingdom,125,"Monsters, Inc. Laugh Floor",True,15,2026-08-06T02:00:37.000Z
2026-08-06T02:03:57.625972+00:00,6,Disney Magic Kingdom,138,Space Mountain,True,120,2026-08-06T02:00:37.000Z
2026-08-06T02:03:57.625972+00:00,6,Disney Magic Kingdom,143,Tomorrowland Speedway,True,10,2026-08-06T02:00:37.000Z
2026-08-06T02:03:57.625972+00:00,6,Disney Magic Kingdom,1190,Tomorrowland Transit Authority PeopleMover,True,15,2026-08-06T02:00:37.000Z
2026-08-06T02:03:57.625972+00:00,6,Disney Magic Kingdom,11527,TRON Lightcycle / Run,True,65,2026-08-06T02:00:37.000Z
2026-08-06T02:03:57.625972+00:00,6,Disney Magic Kingdom,457,Walt Disney's Carousel of Progress,False,0,2026-08-06T02:00:37.000Z
2026-08-06T02:03:57.625972+00:00,6,Disney Magic Kingdom,14927,Meet Mickey Mouse and Minnie Mouse at Mickey's Not-So-Scary Halloween Party,False,0,2026-08-05T14:40:19.000Z
2026-08-06T02:03:57.828881+00:00,5,Epcot,2495,Disney and Pixar Short Film Festival,False,0,2026-08-06T02:00:33.000Z
2026-08-06T02:03:57.828881+00:00,5,Epcot,155,Journey Into Imagination With Figment,False,0,2026-08-06T02:00:33.000Z
2026-08-06T02:03:57.828881+00:00,5,Epcot,13627,Meet Beloved Disney Pals at Mickey & Friends,False,0,2026-08-06T02:00:33.000Z
2026-08-06T02:03:57.828881+00:00,5,Epcot,159,Spaceship Earth,False,0,2026-08-06T02:00:33.000Z
2026-08-06T02:03:57.828881+00:00,5,Epcot,10916,Guardians of the Galaxy: Cosmic Rewind,False,0,2026-08-06T02:00:33.000Z
2026-08-06T02:03:57.828881+00:00,5,Epcot,158,Mission: SPACE,False,0,2026-08-06T02:00:33.000Z
2026-08-06T02:03:57.828881+00:00,5,Epcot,160,Test Track,False,0,2026-08-06T02:00:33.000Z
2026-08-06T02:03:57.828881+00:00,5,Epcot,10900,Test Track Presented by Chevrolet Single Rider,False,0,2026-08-06T02:00:33.000Z
2026-08-06T02:03:57.828881+00:00,5,Epcot,7323,Awesome Planet,False,0,2026-08-06T02:00:33.000Z
2026-08-06T02:03:57.828881+00:00,5,Epcot,12387,"Journey of Water, Inspired by Moana",False,0,2026-08-06T02:00:33.000Z
2026-08-06T02:03:57.828881+00:00,5,Epcot,156,Living with the Land,False,0,2026-08-06T02:00:33.000Z
2026-08-06T02:03:57.828881+00:00,5,Epcot,13782,SeaBase Aquarium,False,0,2026-08-06T02:00:33.000Z
2026-08-06T02:03:57.828881+00:00,5,Epcot,16467,Soarin' Across America,False,0,2026-08-06T02:00:33.000Z
2026-08-06T02:03:57.828881+00:00,5,Epcot,153,The Seas with Nemo & Friends,False,0,2026-08-06T02:00:33.000Z
2026-08-06T02:03:57.828881+00:00,5,Epcot,152,Turtle Talk With Crush,False,0,2026-08-06T02:00:33.000Z
2026-08-06T02:03:57.828881+00:00,5,Epcot,829,Canada Far and Wide in Circle-Vision 360,False,0,2026-08-06T02:00:33.000Z
2026-08-06T02:03:57.828881+00:00,5,Epcot,2679,Frozen Ever After,False,0,2026-08-06T02:00:33.000Z
2026-08-06T02:03:57.828881+00:00,5,Epcot,466,Gran Fiesta Tour Starring The Three Caballeros,False,0,2026-08-06T02:00:33.000Z
2026-08-06T02:03:57.828881+00:00,5,Epcot,6701,Meet Anna and Elsa at Royal Sommerhus,False,0,2026-08-06T02:00:33.000Z
2026-08-06T02:03:57.828881+00:00,5,Epcot,10914,Remy's Ratatouille Adventure,False,0,2026-08-06T02:00:33.000Z
2026-08-06T02:03:57.828881+00:00,5,Epcot,10915,Remy's Ratatouille Adventure Single Rider,False,0,2026-08-06T02:00:33.000Z
2026-08-06T13:52:47.469992+00:00,8,Animal Kingdom,657,Festival of the Lion King,True,0,2026-08-06T13:50:27.000Z
2026-08-06T13:52:47.469992+00:00,8,Animal Kingdom,651,Gorilla Falls Exploration Trail,True,5,2026-08-06T13:50:27.000Z
2026-08-06T13:52:47.469992+00:00,8,Animal Kingdom,113,Kilimanjaro Safaris,True,40,2026-08-06T13:50:27.000Z
2026-08-06T13:52:47.469992+00:00,8,Animal Kingdom,655,Wildlife Express Train,True,5,2026-08-06T13:50:27.000Z
2026-08-06T13:52:47.469992+00:00,8,Animal Kingdom,110,Expedition Everest - Legend of the Forbidden Mountain,True,35,2026-08-06T13:50:27.000Z
2026-08-06T13:52:47.469992+00:00,8,Animal Kingdom,14533,Expedition Everest - Legend of the Forbidden Mountain Single Rider,True,0,2026-08-06T13:50:27.000Z
2026-08-06T13:52:47.469992+00:00,8,Animal Kingdom,10921,Feathered Friends in Flight!,True,0,2026-08-06T13:50:27.000Z
2026-08-06T13:52:47.469992+00:00,8,Animal Kingdom,112,Kali River Rapids,True,10,2026-08-06T13:50:27.000Z
2026-08-06T13:52:47.469992+00:00,8,Animal Kingdom,13806,Animal Care at Conservation Station,True,0,2026-08-06T13:50:27.000Z
2026-08-06T13:52:47.469992+00:00,8,Animal Kingdom,16545,Bluey's Wild World at Conservation Station,True,15,2026-08-06T13:50:27.000Z
2026-08-06T13:52:47.469992+00:00,8,Animal Kingdom,10920,Finding Nemo: The Big Blue... and Beyond!,True,0,2026-08-06T13:50:27.000Z
2026-08-06T13:52:47.469992+00:00,8,Animal Kingdom,13811,Discovery Island Trails,True,0,2026-08-06T13:50:27.000Z
2026-08-06T13:52:47.469992+00:00,8,Animal Kingdom,116,Meet Favorite Disney Pals at Adventurers Outpost,True,20,2026-08-06T13:50:27.000Z
2026-08-06T13:52:47.469992+00:00,8,Animal Kingdom,12451,Meet Moana at Character Landing,True,0,2026-08-06T13:50:27.000Z
2026-08-06T13:52:47.469992+00:00,8,Animal Kingdom,13751,Tree of Life,True,0,2026-08-06T13:50:27.000Z
2026-08-06T13:52:47.469992+00:00,8,Animal Kingdom,14943,Zootopia: Better Zoogether!,True,10,2026-08-06T13:50:27.000Z
2026-08-06T13:52:47.469992+00:00,8,Animal Kingdom,4439,Avatar Flight of Passage,True,65,2026-08-06T13:50:27.000Z
2026-08-06T13:52:47.469992+00:00,8,Animal Kingdom,4438,Na'vi River Journey,True,40,2026-08-06T13:50:27.000Z
2026-08-06T13:52:47.469992+00:00,8,Animal Kingdom,13812,The Oasis Exhibits,True,0,2026-08-06T13:50:27.000Z
2026-08-06T13:52:47.469992+00:00,8,Animal Kingdom,13808,Wilderness Explorers,True,0,2026-08-06T13:50:27.000Z
2026-08-06T13:52:47.674476+00:00,7,Disney Hollywood Studios,16641,Disney Jr. Mickey Mouse Clubhouse Live!,True,0,2026-08-06T13:50:27.000Z
2026-08-06T13:52:47.674476+00:00,7,Disney Hollywood Studios,12430,Meet Ariel at Walt Disney Presents,True,0,2026-08-06T13:50:27.000Z
2026-08-06T13:52:47.674476+00:00,7,Disney Hollywood Studios,14859,The Little Mermaid – A Musical Adventure,True,0,2026-08-06T13:50:27.000Z
2026-08-06T13:52:47.674476+00:00,7,Disney Hollywood Studios,5145,Walt Disney Presents,True,0,2026-08-06T13:50:27.000Z
2026-08-06T13:52:47.674476+00:00,7,Disney Hollywood Studios,6704,Meet Disney Stars at Red Carpet Dreams,True,35,2026-08-06T13:50:27.000Z
2026-08-06T13:52:47.674476+00:00,7,Disney Hollywood Studios,1174,For the First Time in Forever: A Frozen Sing-Along Celebration,True,0,2026-08-06T13:50:27.000Z
2026-08-06T13:52:47.674476+00:00,7,Disney Hollywood Studios,6702,Indiana Jones™ Epic Stunt Spectacular!,True,0,2026-08-06T13:50:27.000Z
2026-08-06T13:52:47.674476+00:00,7,Disney Hollywood Studios,6703,Meet Olaf at Celebrity Spotlight,True,25,2026-08-06T13:50:27.000Z
2026-08-06T13:52:47.674476+00:00,7,Disney Hollywood Studios,120,Star Tours – The Adventures Continue,True,5,2026-08-06T13:50:27.000Z
2026-08-06T13:52:47.674476+00:00,7,Disney Hollywood Studios,7333,Vacation Fun - An Original Animated Short with Mickey & Minnie,True,10,2026-08-06T13:50:27.000Z
2026-08-06T13:52:47.674476+00:00,7,Disney Hollywood Studios,6361,Mickey & Minnie's Runaway Railway,True,45,2026-08-06T13:50:27.000Z
2026-08-06T13:52:47.674476+00:00,7,Disney Hollywood Studios,12425,Meet Edna Mode at the Edna Mode Experience,False,0,2026-08-06T13:50:27.000Z
2026-08-06T13:52:47.674476+00:00,7,Disney Hollywood Studios,117,Toy Story Mania!,True,30,2026-08-06T13:50:27.000Z
2026-08-06T13:52:47.674476+00:00,7,Disney Hollywood Studios,6368,Millennium Falcon: Smugglers Run,True,35,2026-08-06T13:50:27.000Z
2026-08-06T13:52:47.674476+00:00,7,Disney Hollywood Studios,10902,Millennium Falcon: Smugglers Run Single Rider,True,0,2026-08-06T13:50:27.000Z
2026-08-06T13:52:47.674476+00:00,7,Disney Hollywood Studios,6369,Star Wars: Rise of the Resistance,True,50,2026-08-06T13:50:27.000Z
2026-08-06T13:52:47.674476+00:00,7,Disney Hollywood Studios,14531,Star Wars: Rise of the Resistance Single Rider,True,0,2026-08-06T13:50:27.000Z
2026-08-06T13:52:47.674476+00:00,7,Disney Hollywood Studios,1176,Beauty and the Beast – Live on Stage,True,0,2026-08-06T13:50:27.000Z
2026-08-06T13:52:47.674476+00:00,7,Disney Hollywood Studios,16343,Rock 'n' Roller Coaster Starring Aerosmith Single Rider,True,0,2026-08-06T13:50:27.000Z
2026-08-06T13:52:47.674476+00:00,7,Disney Hollywood Studios,16342,Rock ’n’ Roller Coaster Starring The Muppets,True,45,2026-08-06T13:50:27.000Z
2026-08-06T13:52:47.674476+00:00,7,Disney Hollywood Studios,123,The Twilight Zone™ Tower of Terror,True,40,2026-08-06T13:50:27.000Z
2026-08-06T13:52:47.674476+00:00,7,Disney Hollywood Studios,5477,Alien Swirling Saucers,True,30,2026-08-06T13:50:27.000Z
2026-08-06T13:52:47.674476+00:00,7,Disney Hollywood Studios,5476,Slinky Dog Dash,True,65,2026-08-06T13:50:27.000Z
2026-08-06T13:52:47.865790+00:00,6,Disney Magic Kingdom,1184,A Pirate's Adventure ~ Treasures of the Seven Seas,False,0,2026-08-06T13:50:15.000Z
2026-08-06T13:52:47.865790+00:00,6,Disney Magic Kingdom,134,Jungle Cruise,True,20,2026-08-06T13:50:15.000Z
2026-08-06T13:52:47.865790+00:00,6,Disney Magic Kingdom,137,Pirates of the Caribbean,True,5,2026-08-06T13:50:15.000Z
2026-08-06T13:52:47.865790+00:00,6,Disney Magic Kingdom,355,Swiss Family Treehouse,True,10,2026-08-06T13:50:15.000Z
2026-08-06T13:52:47.865790+00:00,6,Disney Magic Kingdom,141,The Magic Carpets of Aladdin,True,5,2026-08-06T13:50:15.000Z
2026-08-06T13:52:47.865790+00:00,6,Disney Magic Kingdom,334,Walt Disney's Enchanted Tiki Room,True,10,2026-08-06T13:50:15.000Z
2026-08-06T13:52:47.865790+00:00,6,Disney Magic Kingdom,133,"""it's a small world""",True,5,2026-08-06T13:50:15.000Z
2026-08-06T13:52:47.865790+00:00,6,Disney Magic Kingdom,13764,Casey Jr. Splash 'N' Soak Station,True,0,2026-08-06T13:50:15.000Z
2026-08-06T13:52:47.865790+00:00,6,Disney Magic Kingdom,13763,Cinderella Castle,True,0,2026-08-06T13:50:15.000Z
2026-08-06T13:52:47.865790+00:00,6,Disney Magic Kingdom,132,Dumbo the Flying Elephant,True,5,2026-08-06T13:50:15.000Z
2026-08-06T13:52:47.865790+00:00,6,Disney Magic Kingdom,128,Enchanted Tales with Belle,False,0,2026-08-06T13:50:15.000Z
2026-08-06T13:52:47.865790+00:00,6,Disney Magic Kingdom,135,Mad Tea Party,True,10,2026-08-06T13:50:15.000Z
2026-08-06T13:52:47.865790+00:00,6,Disney Magic Kingdom,147,Meet Ariel at Her Grotto,False,0,2026-08-06T13:50:15.000Z
2026-08-06T13:52:47.865790+00:00,6,Disney Magic Kingdom,6700,Meet Cinderella and a Visiting Princess at Princess Fairytale Hall,True,30,2026-08-06T13:50:15.000Z
2026-08-06T13:52:47.865790+00:00,6,Disney Magic Kingdom,144,Meet Daring Disney Pals as Circus Stars at Pete's Silly Sideshow,False,0,2026-08-06T13:50:15.000Z
2026-08-06T13:52:47.865790+00:00,6,Disney Magic Kingdom,145,Meet Dashing Disney Pals as Circus Stars at Pete's Silly Sideshow,False,0,2026-08-06T13:50:15.000Z
2026-08-06T13:52:47.865790+00:00,6,Disney Magic Kingdom,6699,Meet Princess Tiana and a Visiting Princess at Princess Fairytale Hall,True,20,2026-08-06T13:50:15.000Z
2026-08-06T13:52:47.865790+00:00,6,Disney Magic Kingdom,171,Mickey's PhilharMagic,True,15,2026-08-06T13:50:15.000Z
2026-08-06T13:52:47.865790+00:00,6,Disney Magic Kingdom,136,Peter Pan's Flight,True,40,2026-08-06T13:50:15.000Z
2026-08-06T13:52:47.865790+00:00,6,Disney Magic Kingdom,161,Prince Charming Regal Carrousel,True,5,2026-08-06T13:50:15.000Z
2026-08-06T13:52:47.865790+00:00,6,Disney Magic Kingdom,129,Seven Dwarfs Mine Train,True,50,2026-08-06T13:50:15.000Z
2026-08-06T13:52:47.865790+00:00,6,Disney Magic Kingdom,126,The Barnstormer,True,5,2026-08-06T13:50:15.000Z
2026-08-06T13:52:47.865790+00:00,6,Disney Magic Kingdom,142,The Many Adventures of Winnie the Pooh,True,25,2026-08-06T13:50:15.000Z
2026-08-06T13:52:47.865790+00:00,6,Disney Magic Kingdom,127,Under the Sea - Journey of The Little Mermaid,True,5,2026-08-06T13:50:15.000Z
2026-08-06T13:52:47.865790+00:00,6,Disney Magic Kingdom,1181,Walt Disney World Railroad - Fantasyland,True,15,2026-08-06T13:50:15.000Z
2026-08-06T13:52:47.865790+00:00,6,Disney Magic Kingdom,130,Big Thunder Mountain Railroad,True,25,2026-08-06T13:50:15.000Z
2026-08-06T13:52:47.865790+00:00,6,Disney Magic Kingdom,1214,Country Bear Musical Jamboree,True,10,2026-08-06T13:50:15.000Z
2026-08-06T13:52:47.865790+00:00,6,Disney Magic Kingdom,13630,Tiana's Bayou Adventure,True,60,2026-08-06T13:50:15.000Z
2026-08-06T13:52:47.865790+00:00,6,Disney Magic Kingdom,140,Haunted Mansion,True,13,2026-08-06T13:50:15.000Z
2026-08-06T13:52:47.865790+00:00,6,Disney Magic Kingdom,356,The Hall of Presidents,False,0,2026-08-06T13:50:15.000Z
2026-08-06T13:52:47.865790+00:00,6,Disney Magic Kingdom,1188,Main Street Vehicles,True,0,2026-08-06T13:50:15.000Z
2026-08-06T13:52:47.865790+00:00,6,Disney Magic Kingdom,146,Meet Mickey at Town Square Theater,True,25,2026-08-06T13:50:15.000Z
2026-08-06T13:52:47.865790+00:00,6,Disney Magic Kingdom,1189,"Walt Disney World Railroad - Main Street, U.S.A.",True,15,2026-08-06T13:50:15.000Z
2026-08-06T13:52:47.865790+00:00,6,Disney Magic Kingdom,248,Astro Orbiter,True,5,2026-08-06T13:50:15.000Z
2026-08-06T13:52:47.865790+00:00,6,Disney Magic Kingdom,131,Buzz Lightyear’s Space Ranger Spin,True,15,2026-08-06T13:50:15.000Z
2026-08-06T13:52:47.865790+00:00,6,Disney Magic Kingdom,125,"Monsters, Inc. Laugh Floor",True,10,2026-08-06T13:50:15.000Z
2026-08-06T13:52:47.865790+00:00,6,Disney Magic Kingdom,138,Space Mountain,True,75,2026-08-06T13:50:15.000Z
2026-08-06T13:52:47.865790+00:00,6,Disney Magic Kingdom,143,Tomorrowland Speedway,True,15,2026-08-06T13:50:15.000Z
2026-08-06T13:52:47.865790+00:00,6,Disney Magic Kingdom,1190,Tomorrowland Transit Authority PeopleMover,True,5,2026-08-06T13:50:15.000Z
2026-08-06T13:52:47.865790+00:00,6,Disney Magic Kingdom,11527,TRON Lightcycle / Run,True,75,2026-08-06T13:50:15.000Z
2026-08-06T13:52:47.865790+00:00,6,Disney Magic Kingdom,457,Walt Disney's Carousel of Progress,False,0,2026-08-06T13:50:15.000Z
2026-08-06T13:52:47.865790+00:00,6,Disney Magic Kingdom,14927,Meet Mickey Mouse and Minnie Mouse at Mickey's Not-So-Scary Halloween Party,False,0,2026-08-05T14:40:19.000Z
2026-08-06T13:52:48.087194+00:00,5,Epcot,2495,Disney and Pixar Short Film Festival,True,0,2026-08-06T13:50:15.000Z
2026-08-06T13:52:48.087194+00:00,5,Epcot,155,Journey Into Imagination With Figment,True,5,2026-08-06T13:50:15.000Z
2026-08-06T13:52:48.087194+00:00,5,Epcot,13627,Meet Beloved Disney Pals at Mickey & Friends,True,25,2026-08-06T13:50:15.000Z
2026-08-06T13:52:48.087194+00:00,5,Epcot,159,Spaceship Earth,True,15,2026-08-06T13:50:15.000Z
2026-08-06T13:52:48.087194+00:00,5,Epcot,10916,Guardians of the Galaxy: Cosmic Rewind,True,90,2026-08-06T13:50:15.000Z
2026-08-06T13:52:48.087194+00:00,5,Epcot,158,Mission: SPACE,True,15,2026-08-06T13:50:15.000Z
2026-08-06T13:52:48.087194+00:00,5,Epcot,160,Test Track,True,75,2026-08-06T13:50:15.000Z
2026-08-06T13:52:48.087194+00:00,5,Epcot,10900,Test Track Presented by Chevrolet Single Rider,True,0,2026-08-06T13:50:15.000Z
2026-08-06T13:52:48.087194+00:00,5,Epcot,7323,Awesome Planet,True,0,2026-08-06T13:50:15.000Z
2026-08-06T13:52:48.087194+00:00,5,Epcot,12387,"Journey of Water, Inspired by Moana",True,0,2026-08-06T13:50:15.000Z
2026-08-06T13:52:48.087194+00:00,5,Epcot,156,Living with the Land,True,5,2026-08-06T13:50:15.000Z
2026-08-06T13:52:48.087194+00:00,5,Epcot,13782,SeaBase Aquarium,True,0,2026-08-06T13:50:15.000Z
2026-08-06T13:52:48.087194+00:00,5,Epcot,16467,Soarin' Across America,True,15,2026-08-06T13:50:15.000Z
2026-08-06T13:52:48.087194+00:00,5,Epcot,153,The Seas with Nemo & Friends,True,5,2026-08-06T13:50:15.000Z
2026-08-06T13:52:48.087194+00:00,5,Epcot,152,Turtle Talk With Crush,True,15,2026-08-06T13:50:15.000Z
2026-08-06T13:52:48.087194+00:00,5,Epcot,829,Canada Far and Wide in Circle-Vision 360,True,0,2026-08-06T13:50:15.000Z
2026-08-06T13:52:48.087194+00:00,5,Epcot,2679,Frozen Ever After,False,0,2026-08-06T13:50:15.000Z
2026-08-06T13:52:48.087194+00:00,5,Epcot,466,Gran Fiesta Tour Starring The Three Caballeros,True,5,2026-08-06T13:50:15.000Z
2026-08-06T13:52:48.087194+00:00,5,Epcot,6701,Meet Anna and Elsa at Royal Sommerhus,True,55,2026-08-06T13:50:15.000Z
2026-08-06T13:52:48.087194+00:00,5,Epcot,10914,Remy's Ratatouille Adventure,True,35,2026-08-06T13:50:15.000Z
2026-08-06T13:52:48.087194+00:00,5,Epcot,10915,Remy's Ratatouille Adventure Single Rider,True,0,2026-08-06T13:50:15.000Z
2026-08-06T23:53:51.987246+00:00,8,Animal Kingdom,657,Festival of the Lion King,True,0,2026-08-06T23:50:36.000Z
2026-08-06T23:53:51.987246+00:00,8,Animal Kingdom,651,Gorilla Falls Exploration Trail,False,0,2026-08-06T23:50:36.000Z
2026-08-06T23:53:51.987246+00:00,8,Animal Kingdom,113,Kilimanjaro Safaris,False,0,2026-08-06T23:50:36.000Z
2026-08-06T23:53:51.987246+00:00,8,Animal Kingdom,655,Wildlife Express Train,False,0,2026-08-06T23:50:36.000Z
2026-08-06T23:53:51.987246+00:00,8,Animal Kingdom,110,Expedition Everest - Legend of the Forbidden Mountain,False,0,2026-08-06T23:50:36.000Z
2026-08-06T23:53:51.987246+00:00,8,Animal Kingdom,14533,Expedition Everest - Legend of the Forbidden Mountain Single Rider,False,0,2026-08-06T23:50:36.000Z
2026-08-06T23:53:51.987246+00:00,8,Animal Kingdom,10921,Feathered Friends in Flight!,True,0,2026-08-06T23:50:36.000Z
2026-08-06T23:53:51.987246+00:00,8,Animal Kingdom,112,Kali River Rapids,False,0,2026-08-06T23:50:36.000Z
2026-08-06T23:53:51.987246+00:00,8,Animal Kingdom,13806,Animal Care at Conservation Station,False,0,2026-08-06T23:50:36.000Z
2026-08-06T23:53:51.987246+00:00,8,Animal Kingdom,16545,Bluey's Wild World at Conservation Station,False,0,2026-08-06T23:50:36.000Z
2026-08-06T23:53:51.987246+00:00,8,Animal Kingdom,10920,Finding Nemo: The Big Blue... and Beyond!,True,0,2026-08-06T23:50:36.000Z
2026-08-06T23:53:51.987246+00:00,8,Animal Kingdom,13811,Discovery Island Trails,False,0,2026-08-06T23:50:36.000Z
2026-08-06T23:53:51.987246+00:00,8,Animal Kingdom,116,Meet Favorite Disney Pals at Adventurers Outpost,False,0,2026-08-06T23:50:36.000Z
2026-08-06T23:53:51.987246+00:00,8,Animal Kingdom,12451,Meet Moana at Character Landing,False,0,2026-08-06T23:50:36.000Z
2026-08-06T23:53:51.987246+00:00,8,Animal Kingdom,13751,Tree of Life,True,0,2026-08-06T23:50:36.000Z
2026-08-06T23:53:51.987246+00:00,8,Animal Kingdom,14943,Zootopia: Better Zoogether!,False,0,2026-08-06T23:50:36.000Z
2026-08-06T23:53:51.987246+00:00,8,Animal Kingdom,4439,Avatar Flight of Passage,False,0,2026-08-06T23:50:36.000Z
2026-08-06T23:53:51.987246+00:00,8,Animal Kingdom,4438,Na'vi River Journey,False,0,2026-08-06T23:50:36.000Z
2026-08-06T23:53:51.987246+00:00,8,Animal Kingdom,13812,The Oasis Exhibits,False,0,2026-08-06T23:50:36.000Z
2026-08-06T23:53:51.987246+00:00,8,Animal Kingdom,13808,Wilderness Explorers,False,0,2026-08-06T23:50:36.000Z
2026-08-06T23:53:52.151210+00:00,7,Disney Hollywood Studios,16641,Disney Jr. Mickey Mouse Clubhouse Live!,True,0,2026-08-06T23:50:24.000Z
2026-08-06T23:53:52.151210+00:00,7,Disney Hollywood Studios,12430,Meet Ariel at Walt Disney Presents,False,0,2026-08-06T23:50:24.000Z
2026-08-06T23:53:52.151210+00:00,7,Disney Hollywood Studios,14859,The Little Mermaid – A Musical Adventure,True,0,2026-08-06T23:50:24.000Z
2026-08-06T23:53:52.151210+00:00,7,Disney Hollywood Studios,5145,Walt Disney Presents,True,0,2026-08-06T23:50:24.000Z
2026-08-06T23:53:52.151210+00:00,7,Disney Hollywood Studios,6704,Meet Disney Stars at Red Carpet Dreams,True,45,2026-08-06T23:50:24.000Z
2026-08-06T23:53:52.151210+00:00,7,Disney Hollywood Studios,1174,For the First Time in Forever: A Frozen Sing-Along Celebration,True,0,2026-08-06T23:50:24.000Z
2026-08-06T23:53:52.151210+00:00,7,Disney Hollywood Studios,6702,Indiana Jones™ Epic Stunt Spectacular!,True,0,2026-08-06T23:50:24.000Z
2026-08-06T23:53:52.151210+00:00,7,Disney Hollywood Studios,6703,Meet Olaf at Celebrity Spotlight,False,0,2026-08-06T23:50:24.000Z
2026-08-06T23:53:52.151210+00:00,7,Disney Hollywood Studios,120,Star Tours – The Adventures Continue,True,10,2026-08-06T23:50:24.000Z
2026-08-06T23:53:52.151210+00:00,7,Disney Hollywood Studios,7333,Vacation Fun - An Original Animated Short with Mickey & Minnie,True,10,2026-08-06T23:50:24.000Z
2026-08-06T23:53:52.151210+00:00,7,Disney Hollywood Studios,6361,Mickey & Minnie's Runaway Railway,True,25,2026-08-06T23:50:24.000Z
2026-08-06T23:53:52.151210+00:00,7,Disney Hollywood Studios,12425,Meet Edna Mode at the Edna Mode Experience,False,0,2026-08-06T23:50:24.000Z
2026-08-06T23:53:52.151210+00:00,7,Disney Hollywood Studios,117,Toy Story Mania!,True,45,2026-08-06T23:50:24.000Z
2026-08-06T23:53:52.151210+00:00,7,Disney Hollywood Studios,6368,Millennium Falcon: Smugglers Run,True,15,2026-08-06T23:50:24.000Z
2026-08-06T23:53:52.151210+00:00,7,Disney Hollywood Studios,10902,Millennium Falcon: Smugglers Run Single Rider,True,0,2026-08-06T23:50:24.000Z
2026-08-06T23:53:52.151210+00:00,7,Disney Hollywood Studios,6369,Star Wars: Rise of the Resistance,True,45,2026-08-06T23:50:24.000Z
2026-08-06T23:53:52.151210+00:00,7,Disney Hollywood Studios,14531,Star Wars: Rise of the Resistance Single Rider,True,0,2026-08-06T23:50:24.000Z
2026-08-06T23:53:52.151210+00:00,7,Disney Hollywood Studios,1176,Beauty and the Beast – Live on Stage,True,0,2026-08-06T23:50:24.000Z
2026-08-06T23:53:52.151210+00:00,7,Disney Hollywood Studios,16343,Rock 'n' Roller Coaster Starring Aerosmith Single Rider,True,0,2026-08-06T23:50:24.000Z
2026-08-06T23:53:52.151210+00:00,7,Disney Hollywood Studios,16342,Rock ’n’ Roller Coaster Starring The Muppets,True,55,2026-08-06T23:50:24.000Z
2026-08-06T23:53:52.151210+00:00,7,Disney Hollywood Studios,123,The Twilight Zone™ Tower of Terror,True,20,2026-08-06T23:50:24.000Z
2026-08-06T23:53:52.151210+00:00,7,Disney Hollywood Studios,5477,Alien Swirling Saucers,True,30,2026-08-06T23:50:24.000Z
2026-08-06T23:53:52.151210+00:00,7,Disney Hollywood Studios,5476,Slinky Dog Dash,False,0,2026-08-06T23:50:24.000Z
2026-08-06T23:53:52.317841+00:00,6,Disney Magic Kingdom,1184,A Pirate's Adventure ~ Treasures of the Seven Seas,False,0,2026-08-06T23:50:24.000Z
2026-08-06T23:53:52.317841+00:00,6,Disney Magic Kingdom,134,Jungle Cruise,True,45,2026-08-06T23:50:24.000Z
2026-08-06T23:53:52.317841+00:00,6,Disney Magic Kingdom,137,Pirates of the Caribbean,True,10,2026-08-06T23:50:24.000Z
2026-08-06T23:53:52.317841+00:00,6,Disney Magic Kingdom,355,Swiss Family Treehouse,True,10,2026-08-06T23:50:24.000Z
2026-08-06T23:53:52.317841+00:00,6,Disney Magic Kingdom,141,The Magic Carpets of Aladdin,True,5,2026-08-06T23:50:24.000Z
2026-08-06T23:53:52.317841+00:00,6,Disney Magic Kingdom,334,Walt Disney's Enchanted Tiki Room,True,10,2026-08-06T23:50:24.000Z
2026-08-06T23:53:52.317841+00:00,6,Disney Magic Kingdom,133,"""it's a small world""",True,5,2026-08-06T23:50:24.000Z
2026-08-06T23:53:52.317841+00:00,6,Disney Magic Kingdom,13764,Casey Jr. Splash 'N' Soak Station,False,0,2026-08-06T23:50:24.000Z
2026-08-06T23:53:52.317841+00:00,6,Disney Magic Kingdom,13763,Cinderella Castle,True,0,2026-08-06T23:50:24.000Z
2026-08-06T23:53:52.317841+00:00,6,Disney Magic Kingdom,132,Dumbo the Flying Elephant,True,5,2026-08-06T23:50:24.000Z
2026-08-06T23:53:52.317841+00:00,6,Disney Magic Kingdom,128,Enchanted Tales with Belle,False,0,2026-08-06T23:50:24.000Z
2026-08-06T23:53:52.317841+00:00,6,Disney Magic Kingdom,135,Mad Tea Party,True,10,2026-08-06T23:50:24.000Z
2026-08-06T23:53:52.317841+00:00,6,Disney Magic Kingdom,147,Meet Ariel at Her Grotto,False,0,2026-08-06T23:50:24.000Z
2026-08-06T23:53:52.317841+00:00,6,Disney Magic Kingdom,6700,Meet Cinderella and a Visiting Princess at Princess Fairytale Hall,True,60,2026-08-06T23:50:24.000Z
2026-08-06T23:53:52.317841+00:00,6,Disney Magic Kingdom,144,Meet Daring Disney Pals as Circus Stars at Pete's Silly Sideshow,False,0,2026-08-06T23:50:24.000Z
2026-08-06T23:53:52.317841+00:00,6,Disney Magic Kingdom,145,Meet Dashing Disney Pals as Circus Stars at Pete's Silly Sideshow,False,0,2026-08-06T23:50:24.000Z
2026-08-06T23:53:52.317841+00:00,6,Disney Magic Kingdom,6699,Meet Princess Tiana and a Visiting Princess at Princess Fairytale Hall,True,25,2026-08-06T23:50:24.000Z
2026-08-06T23:53:52.317841+00:00,6,Disney Magic Kingdom,171,Mickey's PhilharMagic,True,15,2026-08-06T23:50:24.000Z
2026-08-06T23:53:52.317841+00:00,6,Disney Magic Kingdom,136,Peter Pan's Flight,True,50,2026-08-06T23:50:24.000Z
2026-08-06T23:53:52.317841+00:00,6,Disney Magic Kingdom,161,Prince Charming Regal Carrousel,True,15,2026-08-06T23:50:24.000Z
2026-08-06T23:53:52.317841+00:00,6,Disney Magic Kingdom,129,Seven Dwarfs Mine Train,False,0,2026-08-06T23:50:24.000Z
2026-08-06T23:53:52.317841+00:00,6,Disney Magic Kingdom,126,The Barnstormer,True,15,2026-08-06T23:50:24.000Z
2026-08-06T23:53:52.317841+00:00,6,Disney Magic Kingdom,142,The Many Adventures of Winnie the Pooh,True,50,2026-08-06T23:50:24.000Z
2026-08-06T23:53:52.317841+00:00,6,Disney Magic Kingdom,127,Under the Sea - Journey of The Little Mermaid,False,0,2026-08-06T23:50:24.000Z
2026-08-06T23:53:52.317841+00:00,6,Disney Magic Kingdom,1181,Walt Disney World Railroad - Fantasyland,True,15,2026-08-06T23:50:24.000Z
2026-08-06T23:53:52.317841+00:00,6,Disney Magic Kingdom,130,Big Thunder Mountain Railroad,True,40,2026-08-06T23:50:24.000Z
2026-08-06T23:53:52.317841+00:00,6,Disney Magic Kingdom,1214,Country Bear Musical Jamboree,True,10,2026-08-06T23:50:24.000Z
2026-08-06T23:53:52.317841+00:00,6,Disney Magic Kingdom,13630,Tiana's Bayou Adventure,True,40,2026-08-06T23:50:24.000Z
2026-08-06T23:53:52.317841+00:00,6,Disney Magic Kingdom,140,Haunted Mansion,True,30,2026-08-06T23:50:24.000Z
2026-08-06T23:53:52.317841+00:00,6,Disney Magic Kingdom,356,The Hall of Presidents,True,15,2026-08-06T23:50:24.000Z
2026-08-06T23:53:52.317841+00:00,6,Disney Magic Kingdom,1188,Main Street Vehicles,False,0,2026-08-06T23:50:24.000Z
2026-08-06T23:53:52.317841+00:00,6,Disney Magic Kingdom,146,Meet Mickey at Town Square Theater,True,25,2026-08-06T23:50:24.000Z
2026-08-06T23:53:52.317841+00:00,6,Disney Magic Kingdom,1189,"Walt Disney World Railroad - Main Street, U.S.A.",True,15,2026-08-06T23:50:24.000Z
2026-08-06T23:53:52.317841+00:00,6,Disney Magic Kingdom,248,Astro Orbiter,True,5,2026-08-06T23:50:24.000Z
2026-08-06T23:53:52.317841+00:00,6,Disney Magic Kingdom,131,Buzz Lightyear’s Space Ranger Spin,True,40,2026-08-06T23:50:24.000Z
2026-08-06T23:53:52.317841+00:00,6,Disney Magic Kingdom,125,"Monsters, Inc. Laugh Floor",True,10,2026-08-06T23:50:24.000Z
2026-08-06T23:53:52.317841+00:00,6,Disney Magic Kingdom,138,Space Mountain,True,70,2026-08-06T23:50:24.000Z
2026-08-06T23:53:52.317841+00:00,6,Disney Magic Kingdom,143,Tomorrowland Speedway,True,25,2026-08-06T23:50:24.000Z
2026-08-06T23:53:52.317841+00:00,6,Disney Magic Kingdom,1190,Tomorrowland Transit Authority PeopleMover,True,10,2026-08-06T23:50:24.000Z
2026-08-06T23:53:52.317841+00:00,6,Disney Magic Kingdom,11527,TRON Lightcycle / Run,True,100,2026-08-06T23:50:24.000Z
2026-08-06T23:53:52.317841+00:00,6,Disney Magic Kingdom,457,Walt Disney's Carousel of Progress,False,0,2026-08-06T23:50:24.000Z
2026-08-06T23:53:52.317841+00:00,6,Disney Magic Kingdom,14927,Meet Mickey Mouse and Minnie Mouse at Mickey's Not-So-Scary Halloween Party,False,0,2026-08-05T14:40:19.000Z
2026-08-06T23:53:52.497364+00:00,5,Epcot,2495,Disney and Pixar Short Film Festival,True,0,2026-08-06T23:50:13.000Z
2026-08-06T23:53:52.497364+00:00,5,Epcot,155,Journey Into Imagination With Figment,True,10,2026-08-06T23:50:13.000Z
2026-08-06T23:53:52.497364+00:00,5,Epcot,13627,Meet Beloved Disney Pals at Mickey & Friends,True,40,2026-08-06T23:50:13.000Z
2026-08-06T23:53:52.497364+00:00,5,Epcot,159,Spaceship Earth,True,5,2026-08-06T23:50:13.000Z
2026-08-06T23:53:52.497364+00:00,5,Epcot,10916,Guardians of the Galaxy: Cosmic Rewind,True,80,2026-08-06T23:50:13.000Z
2026-08-06T23:53:52.497364+00:00,5,Epcot,158,Mission: SPACE,True,15,2026-08-06T23:50:13.000Z
2026-08-06T23:53:52.497364+00:00,5,Epcot,160,Test Track,False,0,2026-08-06T23:50:13.000Z
2026-08-06T23:53:52.497364+00:00,5,Epcot,10900,Test Track Presented by Chevrolet Single Rider,False,0,2026-08-06T23:50:13.000Z
2026-08-06T23:53:52.497364+00:00,5,Epcot,7323,Awesome Planet,True,0,2026-08-06T23:50:13.000Z
2026-08-06T23:53:52.497364+00:00,5,Epcot,12387,"Journey of Water, Inspired by Moana",True,0,2026-08-06T23:50:13.000Z
2026-08-06T23:53:52.497364+00:00,5,Epcot,156,Living with the Land,True,5,2026-08-06T23:50:13.000Z
2026-08-06T23:53:52.497364+00:00,5,Epcot,13782,SeaBase Aquarium,True,0,2026-08-06T23:50:13.000Z
2026-08-06T23:53:52.497364+00:00,5,Epcot,16467,Soarin' Across America,True,15,2026-08-06T23:50:13.000Z
2026-08-06T23:53:52.497364+00:00,5,Epcot,153,The Seas with Nemo & Friends,True,5,2026-08-06T23:50:13.000Z
2026-08-06T23:53:52.497364+00:00,5,Epcot,152,Turtle Talk With Crush,True,15,2026-08-06T23:50:13.000Z
2026-08-06T23:53:52.497364+00:00,5,Epcot,829,Canada Far and Wide in Circle-Vision 360,True,15,2026-08-06T23:50:13.000Z
2026-08-06T23:53:52.497364+00:00,5,Epcot,2679,Frozen Ever After,True,15,2026-08-06T23:50:13.000Z
2026-08-06T23:53:52.497364+00:00,5,Epcot,466,Gran Fiesta Tour Starring The Three Caballeros,True,5,2026-08-06T23:50:13.000Z
2026-08-06T23:53:52.497364+00:00,5,Epcot,6701,Meet Anna and Elsa at Royal Sommerhus,False,0,2026-08-06T23:50:13.000Z
2026-08-06T23:53:52.497364+00:00,5,Epcot,10914,Remy's Ratatouille Adventure,True,55,2026-08-06T23:50:13.000Z
2026-08-06T23:53:52.497364+00:00,5,Epcot,10915,Remy's Ratatouille Adventure Single Rider,True,0,2026-08-06T23:50:13.000Z
2026-08-07T02:24:14.383469+00:00,8,Animal Kingdom,657,Festival of the Lion King,True,0,2026-08-07T02:20:29.000Z
2026-08-07T02:24:14.383469+00:00,8,Animal Kingdom,651,Gorilla Falls Exploration Trail,False,0,2026-08-07T02:20:29.000Z
2026-08-07T02:24:14.383469+00:00,8,Animal Kingdom,113,Kilimanjaro Safaris,False,0,2026-08-07T02:20:29.000Z
2026-08-07T02:24:14.383469+00:00,8,Animal Kingdom,655,Wildlife Express Train,False,0,2026-08-07T02:20:29.000Z
2026-08-07T02:24:14.383469+00:00,8,Animal Kingdom,110,Expedition Everest - Legend of the Forbidden Mountain,False,0,2026-08-07T02:20:29.000Z
2026-08-07T02:24:14.383469+00:00,8,Animal Kingdom,14533,Expedition Everest - Legend of the Forbidden Mountain Single Rider,False,0,2026-08-07T02:20:29.000Z
2026-08-07T02:24:14.383469+00:00,8,Animal Kingdom,10921,Feathered Friends in Flight!,True,0,2026-08-07T02:20:29.000Z
2026-08-07T02:24:14.383469+00:00,8,Animal Kingdom,112,Kali River Rapids,False,0,2026-08-07T02:20:29.000Z
2026-08-07T02:24:14.383469+00:00,8,Animal Kingdom,13806,Animal Care at Conservation Station,False,0,2026-08-07T02:20:29.000Z
2026-08-07T02:24:14.383469+00:00,8,Animal Kingdom,16545,Bluey's Wild World at Conservation Station,False,0,2026-08-07T02:20:29.000Z
2026-08-07T02:24:14.383469+00:00,8,Animal Kingdom,10920,Finding Nemo: The Big Blue... and Beyond!,True,0,2026-08-07T02:20:29.000Z
2026-08-07T02:24:14.383469+00:00,8,Animal Kingdom,13811,Discovery Island Trails,False,0,2026-08-07T02:20:29.000Z
2026-08-07T02:24:14.383469+00:00,8,Animal Kingdom,116,Meet Favorite Disney Pals at Adventurers Outpost,False,0,2026-08-07T02:20:29.000Z
2026-08-07T02:24:14.383469+00:00,8,Animal Kingdom,12451,Meet Moana at Character Landing,False,0,2026-08-07T02:20:29.000Z
2026-08-07T02:24:14.383469+00:00,8,Animal Kingdom,13751,Tree of Life,True,0,2026-08-07T02:20:29.000Z
2026-08-07T02:24:14.383469+00:00,8,Animal Kingdom,14943,Zootopia: Better Zoogether!,False,0,2026-08-07T02:20:29.000Z
2026-08-07T02:24:14.383469+00:00,8,Animal Kingdom,4439,Avatar Flight of Passage,False,0,2026-08-07T02:20:29.000Z
2026-08-07T02:24:14.383469+00:00,8,Animal Kingdom,4438,Na'vi River Journey,False,0,2026-08-07T02:20:29.000Z
2026-08-07T02:24:14.383469+00:00,8,Animal Kingdom,13812,The Oasis Exhibits,False,0,2026-08-07T02:20:29.000Z
2026-08-07T02:24:14.383469+00:00,8,Animal Kingdom,13808,Wilderness Explorers,False,0,2026-08-07T02:20:29.000Z
2026-08-07T02:24:14.561044+00:00,7,Disney Hollywood Studios,16641,Disney Jr. Mickey Mouse Clubhouse Live!,True,0,2026-08-07T02:20:22.000Z
2026-08-07T02:24:14.561044+00:00,7,Disney Hollywood Studios,12430,Meet Ariel at Walt Disney Presents,False,0,2026-08-07T02:20:22.000Z
2026-08-07T02:24:14.561044+00:00,7,Disney Hollywood Studios,14859,The Little Mermaid – A Musical Adventure,True,0,2026-08-07T02:20:22.000Z
2026-08-07T02:24:14.561044+00:00,7,Disney Hollywood Studios,5145,Walt Disney Presents,False,0,2026-08-07T02:20:22.000Z
2026-08-07T02:24:14.561044+00:00,7,Disney Hollywood Studios,6704,Meet Disney Stars at Red Carpet Dreams,False,0,2026-08-07T02:20:22.000Z
2026-08-07T02:24:14.561044+00:00,7,Disney Hollywood Studios,1174,For the First Time in Forever: A Frozen Sing-Along Celebration,True,0,2026-08-07T02:20:22.000Z
2026-08-07T02:24:14.561044+00:00,7,Disney Hollywood Studios,6702,Indiana Jones™ Epic Stunt Spectacular!,True,0,2026-08-07T02:20:22.000Z
2026-08-07T02:24:14.561044+00:00,7,Disney Hollywood Studios,6703,Meet Olaf at Celebrity Spotlight,False,0,2026-08-07T02:20:22.000Z
2026-08-07T02:24:14.561044+00:00,7,Disney Hollywood Studios,120,Star Tours – The Adventures Continue,False,0,2026-08-07T02:20:22.000Z
2026-08-07T02:24:14.561044+00:00,7,Disney Hollywood Studios,7333,Vacation Fun - An Original Animated Short with Mickey & Minnie,False,0,2026-08-07T02:20:22.000Z
2026-08-07T02:24:14.561044+00:00,7,Disney Hollywood Studios,6361,Mickey & Minnie's Runaway Railway,False,0,2026-08-07T02:20:22.000Z
2026-08-07T02:24:14.561044+00:00,7,Disney Hollywood Studios,12425,Meet Edna Mode at the Edna Mode Experience,False,0,2026-08-07T02:20:22.000Z
2026-08-07T02:24:14.561044+00:00,7,Disney Hollywood Studios,117,Toy Story Mania!,False,0,2026-08-07T02:20:22.000Z
2026-08-07T02:24:14.561044+00:00,7,Disney Hollywood Studios,6368,Millennium Falcon: Smugglers Run,False,0,2026-08-07T02:20:22.000Z
2026-08-07T02:24:14.561044+00:00,7,Disney Hollywood Studios,10902,Millennium Falcon: Smugglers Run Single Rider,False,0,2026-08-07T02:20:22.000Z
2026-08-07T02:24:14.561044+00:00,7,Disney Hollywood Studios,6369,Star Wars: Rise of the Resistance,False,0,2026-08-07T02:20:22.000Z
2026-08-07T02:24:14.561044+00:00,7,Disney Hollywood Studios,14531,Star Wars: Rise of the Resistance Single Rider,False,0,2026-08-07T02:20:22.000Z
2026-08-07T02:24:14.561044+00:00,7,Disney Hollywood Studios,1176,Beauty and the Beast – Live on Stage,True,0,2026-08-07T02:20:22.000Z
2026-08-07T02:24:14.561044+00:00,7,Disney Hollywood Studios,16343,Rock 'n' Roller Coaster Starring Aerosmith Single Rider,False,0,2026-08-07T02:20:22.000Z
2026-08-07T02:24:14.561044+00:00,7,Disney Hollywood Studios,16342,Rock ’n’ Roller Coaster Starring The Muppets,False,0,2026-08-07T02:20:22.000Z
2026-08-07T02:24:14.561044+00:00,7,Disney Hollywood Studios,123,The Twilight Zone™ Tower of Terror,False,0,2026-08-07T02:20:22.000Z
2026-08-07T02:24:14.561044+00:00,7,Disney Hollywood Studios,5477,Alien Swirling Saucers,False,0,2026-08-07T02:20:22.000Z
2026-08-07T02:24:14.561044+00:00,7,Disney Hollywood Studios,5476,Slinky Dog Dash,False,0,2026-08-07T02:20:22.000Z
2026-08-07T02:24:14.726710+00:00,6,Disney Magic Kingdom,1184,A Pirate's Adventure ~ Treasures of the Seven Seas,False,0,2026-08-07T02:20:22.000Z
2026-08-07T02:24:14.726710+00:00,6,Disney Magic Kingdom,134,Jungle Cruise,True,5,2026-08-07T02:20:22.000Z
2026-08-07T02:24:14.726710+00:00,6,Disney Magic Kingdom,137,Pirates of the Caribbean,True,5,2026-08-07T02:20:22.000Z
2026-08-07T02:24:14.726710+00:00,6,Disney Magic Kingdom,355,Swiss Family Treehouse,True,10,2026-08-07T02:20:22.000Z
2026-08-07T02:24:14.726710+00:00,6,Disney Magic Kingdom,141,The Magic Carpets of Aladdin,True,5,2026-08-07T02:20:22.000Z
2026-08-07T02:24:14.726710+00:00,6,Disney Magic Kingdom,334,Walt Disney's Enchanted Tiki Room,True,10,2026-08-07T02:20:22.000Z
2026-08-07T02:24:14.726710+00:00,6,Disney Magic Kingdom,133,"""it's a small world""",True,5,2026-08-07T02:20:22.000Z
2026-08-07T02:24:14.726710+00:00,6,Disney Magic Kingdom,13764,Casey Jr. Splash 'N' Soak Station,False,0,2026-08-07T02:20:22.000Z
2026-08-07T02:24:14.726710+00:00,6,Disney Magic Kingdom,13763,Cinderella Castle,True,0,2026-08-07T02:20:22.000Z
2026-08-07T02:24:14.726710+00:00,6,Disney Magic Kingdom,132,Dumbo the Flying Elephant,True,5,2026-08-07T02:20:22.000Z
2026-08-07T02:24:14.726710+00:00,6,Disney Magic Kingdom,128,Enchanted Tales with Belle,False,0,2026-08-07T02:20:22.000Z
2026-08-07T02:24:14.726710+00:00,6,Disney Magic Kingdom,135,Mad Tea Party,True,5,2026-08-07T02:20:22.000Z
2026-08-07T02:24:14.726710+00:00,6,Disney Magic Kingdom,147,Meet Ariel at Her Grotto,False,0,2026-08-07T02:20:22.000Z
2026-08-07T02:24:14.726710+00:00,6,Disney Magic Kingdom,6700,Meet Cinderella and a Visiting Princess at Princess Fairytale Hall,False,0,2026-08-07T02:20:22.000Z
2026-08-07T02:24:14.726710+00:00,6,Disney Magic Kingdom,144,Meet Daring Disney Pals as Circus Stars at Pete's Silly Sideshow,False,0,2026-08-07T02:20:22.000Z
2026-08-07T02:24:14.726710+00:00,6,Disney Magic Kingdom,145,Meet Dashing Disney Pals as Circus Stars at Pete's Silly Sideshow,False,0,2026-08-07T02:20:22.000Z
2026-08-07T02:24:14.726710+00:00,6,Disney Magic Kingdom,6699,Meet Princess Tiana and a Visiting Princess at Princess Fairytale Hall,False,0,2026-08-07T02:20:22.000Z
2026-08-07T02:24:14.726710+00:00,6,Disney Magic Kingdom,171,Mickey's PhilharMagic,True,15,2026-08-07T02:20:22.000Z
2026-08-07T02:24:14.726710+00:00,6,Disney Magic Kingdom,136,Peter Pan's Flight,True,5,2026-08-07T02:20:22.000Z
2026-08-07T02:24:14.726710+00:00,6,Disney Magic Kingdom,161,Prince Charming Regal Carrousel,False,0,2026-08-07T02:20:22.000Z
2026-08-07T02:24:14.726710+00:00,6,Disney Magic Kingdom,129,Seven Dwarfs Mine Train,True,30,2026-08-07T02:20:22.000Z
2026-08-07T02:24:14.726710+00:00,6,Disney Magic Kingdom,126,The Barnstormer,True,5,2026-08-07T02:20:22.000Z
2026-08-07T02:24:14.726710+00:00,6,Disney Magic Kingdom,142,The Many Adventures of Winnie the Pooh,True,5,2026-08-07T02:20:22.000Z
2026-08-07T02:24:14.726710+00:00,6,Disney Magic Kingdom,127,Under the Sea - Journey of The Little Mermaid,False,0,2026-08-07T02:20:22.000Z
2026-08-07T02:24:14.726710+00:00,6,Disney Magic Kingdom,1181,Walt Disney World Railroad - Fantasyland,False,0,2026-08-07T02:20:22.000Z
2026-08-07T02:24:14.726710+00:00,6,Disney Magic Kingdom,130,Big Thunder Mountain Railroad,True,15,2026-08-07T02:20:22.000Z
2026-08-07T02:24:14.726710+00:00,6,Disney Magic Kingdom,1214,Country Bear Musical Jamboree,True,10,2026-08-07T02:20:22.000Z
2026-08-07T02:24:14.726710+00:00,6,Disney Magic Kingdom,13630,Tiana's Bayou Adventure,True,10,2026-08-07T02:20:22.000Z
2026-08-07T02:24:14.726710+00:00,6,Disney Magic Kingdom,140,Haunted Mansion,True,13,2026-08-07T02:20:22.000Z
2026-08-07T02:24:14.726710+00:00,6,Disney Magic Kingdom,356,The Hall of Presidents,False,0,2026-08-07T02:20:22.000Z
2026-08-07T02:24:14.726710+00:00,6,Disney Magic Kingdom,1188,Main Street Vehicles,False,0,2026-08-07T02:20:22.000Z
2026-08-07T02:24:14.726710+00:00,6,Disney Magic Kingdom,146,Meet Mickey at Town Square Theater,True,10,2026-08-07T02:20:22.000Z
2026-08-07T02:24:14.726710+00:00,6,Disney Magic Kingdom,1189,"Walt Disney World Railroad - Main Street, U.S.A.",False,0,2026-08-07T02:20:22.000Z
2026-08-07T02:24:14.726710+00:00,6,Disney Magic Kingdom,248,Astro Orbiter,True,5,2026-08-07T02:20:22.000Z
2026-08-07T02:24:14.726710+00:00,6,Disney Magic Kingdom,131,Buzz Lightyear’s Space Ranger Spin,True,10,2026-08-07T02:20:22.000Z
2026-08-07T02:24:14.726710+00:00,6,Disney Magic Kingdom,125,"Monsters, Inc. Laugh Floor",False,0,2026-08-07T02:20:22.000Z
2026-08-07T02:24:14.726710+00:00,6,Disney Magic Kingdom,138,Space Mountain,True,55,2026-08-07T02:20:22.000Z
2026-08-07T02:24:14.726710+00:00,6,Disney Magic Kingdom,143,Tomorrowland Speedway,True,15,2026-08-07T02:20:22.000Z
2026-08-07T02:24:14.726710+00:00,6,Disney Magic Kingdom,1190,Tomorrowland Transit Authority PeopleMover,True,10,2026-08-07T02:20:22.000Z
2026-08-07T02:24:14.726710+00:00,6,Disney Magic Kingdom,11527,TRON Lightcycle / Run,True,75,2026-08-07T02:20:22.000Z
2026-08-07T02:24:14.726710+00:00,6,Disney Magic Kingdom,457,Walt Disney's Carousel of Progress,False,0,2026-08-07T02:20:22.000Z
2026-08-07T02:24:14.726710+00:00,6,Disney Magic Kingdom,14927,Meet Mickey Mouse and Minnie Mouse at Mickey's Not-So-Scary Halloween Party,False,0,2026-08-05T14:40:19.000Z
2026-08-07T02:24:14.903373+00:00,5,Epcot,2495,Disney and Pixar Short Film Festival,False,0,2026-08-07T02:20:12.000Z
2026-08-07T02:24:14.903373+00:00,5,Epcot,155,Journey Into Imagination With Figment,True,10,2026-08-07T02:20:12.000Z
2026-08-07T02:24:14.903373+00:00,5,Epcot,13627,Meet Beloved Disney Pals at Mickey & Friends,False,0,2026-08-07T02:20:12.000Z
2026-08-07T02:24:14.903373+00:00,5,Epcot,159,Spaceship Earth,True,5,2026-08-07T02:20:12.000Z
2026-08-07T02:24:14.903373+00:00,5,Epcot,10916,Guardians of the Galaxy: Cosmic Rewind,True,15,2026-08-07T02:20:12.000Z
2026-08-07T02:24:14.903373+00:00,5,Epcot,158,Mission: SPACE,True,15,2026-08-07T02:20:12.000Z
2026-08-07T02:24:14.903373+00:00,5,Epcot,160,Test Track,True,35,2026-08-07T02:20:12.000Z
2026-08-07T02:24:14.903373+00:00,5,Epcot,10900,Test Track Presented by Chevrolet Single Rider,True,0,2026-08-07T02:20:12.000Z
2026-08-07T02:24:14.903373+00:00,5,Epcot,7323,Awesome Planet,False,0,2026-08-07T02:20:12.000Z
2026-08-07T02:24:14.903373+00:00,5,Epcot,12387,"Journey of Water, Inspired by Moana",True,0,2026-08-07T02:20:12.000Z
2026-08-07T02:24:14.903373+00:00,5,Epcot,156,Living with the Land,True,5,2026-08-07T02:20:12.000Z
2026-08-07T02:24:14.903373+00:00,5,Epcot,13782,SeaBase Aquarium,False,0,2026-08-07T02:20:12.000Z
2026-08-07T02:24:14.903373+00:00,5,Epcot,16467,Soarin' Across America,True,5,2026-08-07T02:20:12.000Z
2026-08-07T02:24:14.903373+00:00,5,Epcot,153,The Seas with Nemo & Friends,True,5,2026-08-07T02:20:12.000Z
2026-08-07T02:24:14.903373+00:00,5,Epcot,152,Turtle Talk With Crush,False,0,2026-08-07T02:20:12.000Z
2026-08-07T02:24:14.903373+00:00,5,Epcot,829,Canada Far and Wide in Circle-Vision 360,False,0,2026-08-07T02:20:12.000Z
2026-08-07T02:24:14.903373+00:00,5,Epcot,2679,Frozen Ever After,True,25,2026-08-07T02:20:12.000Z
2026-08-07T02:24:14.903373+00:00,5,Epcot,466,Gran Fiesta Tour Starring The Three Caballeros,True,5,2026-08-07T02:20:12.000Z
2026-08-07T02:24:14.903373+00:00,5,Epcot,6701,Meet Anna and Elsa at Royal Sommerhus,False,0,2026-08-07T02:20:12.000Z
2026-08-07T02:24:14.903373+00:00,5,Epcot,10914,Remy's Ratatouille Adventure,True,15,2026-08-07T02:20:12.000Z
2026-08-07T02:24:14.903373+00:00,5,Epcot,10915,Remy's Ratatouille Adventure Single Rider,True,0,2026-08-07T02:20:12.000Z
2026-08-07T12:51:31.877698+00:00,8,Animal Kingdom,657,Festival of the Lion King,True,0,2026-08-07T12:50:31.000Z
2026-08-07T12:51:31.877698+00:00,8,Animal Kingdom,651,Gorilla Falls Exploration Trail,True,5,2026-08-07T12:50:31.000Z
2026-08-07T12:51:31.877698+00:00,8,Animal Kingdom,113,Kilimanjaro Safaris,True,35,2026-08-07T12:50:31.000Z
2026-08-07T12:51:31.877698+00:00,8,Animal Kingdom,655,Wildlife Express Train,True,5,2026-08-07T12:50:31.000Z
2026-08-07T12:51:31.877698+00:00,8,Animal Kingdom,110,Expedition Everest - Legend of the Forbidden Mountain,True,20,2026-08-07T12:50:31.000Z
2026-08-07T12:51:31.877698+00:00,8,Animal Kingdom,14533,Expedition Everest - Legend of the Forbidden Mountain Single Rider,True,0,2026-08-07T12:50:31.000Z
2026-08-07T12:51:31.877698+00:00,8,Animal Kingdom,10921,Feathered Friends in Flight!,True,0,2026-08-07T12:50:31.000Z
2026-08-07T12:51:31.877698+00:00,8,Animal Kingdom,112,Kali River Rapids,False,0,2026-08-07T12:50:31.000Z
2026-08-07T12:51:31.877698+00:00,8,Animal Kingdom,13806,Animal Care at Conservation Station,True,0,2026-08-07T12:50:31.000Z
2026-08-07T12:51:31.877698+00:00,8,Animal Kingdom,16545,Bluey's Wild World at Conservation Station,True,0,2026-08-07T12:50:31.000Z
2026-08-07T12:51:31.877698+00:00,8,Animal Kingdom,10920,Finding Nemo: The Big Blue... and Beyond!,True,0,2026-08-07T12:50:31.000Z
2026-08-07T12:51:31.877698+00:00,8,Animal Kingdom,13811,Discovery Island Trails,True,0,2026-08-07T12:50:31.000Z
2026-08-07T12:51:31.877698+00:00,8,Animal Kingdom,116,Meet Favorite Disney Pals at Adventurers Outpost,True,10,2026-08-07T12:50:31.000Z
2026-08-07T12:51:31.877698+00:00,8,Animal Kingdom,12451,Meet Moana at Character Landing,True,0,2026-08-07T12:50:31.000Z
2026-08-07T12:51:31.877698+00:00,8,Animal Kingdom,13751,Tree of Life,True,0,2026-08-07T12:50:31.000Z
2026-08-07T12:51:31.877698+00:00,8,Animal Kingdom,14943,Zootopia: Better Zoogether!,True,10,2026-08-07T12:50:31.000Z
2026-08-07T12:51:31.877698+00:00,8,Animal Kingdom,4439,Avatar Flight of Passage,True,55,2026-08-07T12:50:31.000Z
2026-08-07T12:51:31.877698+00:00,8,Animal Kingdom,4438,Na'vi River Journey,True,25,2026-08-07T12:50:31.000Z
2026-08-07T12:51:31.877698+00:00,8,Animal Kingdom,13812,The Oasis Exhibits,True,0,2026-08-07T12:50:31.000Z
2026-08-07T12:51:31.877698+00:00,8,Animal Kingdom,13808,Wilderness Explorers,False,0,2026-08-07T12:50:31.000Z
2026-08-07T12:51:32.042009+00:00,7,Disney Hollywood Studios,16641,Disney Jr. Mickey Mouse Clubhouse Live!,True,0,2026-08-07T12:50:26.000Z
2026-08-07T12:51:32.042009+00:00,7,Disney Hollywood Studios,12430,Meet Ariel at Walt Disney Presents,False,0,2026-08-07T12:50:26.000Z
2026-08-07T12:51:32.042009+00:00,7,Disney Hollywood Studios,14859,The Little Mermaid – A Musical Adventure,True,0,2026-08-07T12:50:26.000Z
2026-08-07T12:51:32.042009+00:00,7,Disney Hollywood Studios,5145,Walt Disney Presents,False,0,2026-08-07T12:50:26.000Z
2026-08-07T12:51:32.042009+00:00,7,Disney Hollywood Studios,6704,Meet Disney Stars at Red Carpet Dreams,False,0,2026-08-07T12:50:26.000Z
2026-08-07T12:51:32.042009+00:00,7,Disney Hollywood Studios,1174,For the First Time in Forever: A Frozen Sing-Along Celebration,True,0,2026-08-07T12:50:26.000Z
2026-08-07T12:51:32.042009+00:00,7,Disney Hollywood Studios,6702,Indiana Jones™ Epic Stunt Spectacular!,True,0,2026-08-07T12:50:26.000Z
2026-08-07T12:51:32.042009+00:00,7,Disney Hollywood Studios,6703,Meet Olaf at Celebrity Spotlight,False,0,2026-08-07T12:50:26.000Z
2026-08-07T12:51:32.042009+00:00,7,Disney Hollywood Studios,120,Star Tours – The Adventures Continue,True,5,2026-08-07T12:50:26.000Z
2026-08-07T12:51:32.042009+00:00,7,Disney Hollywood Studios,7333,Vacation Fun - An Original Animated Short with Mickey & Minnie,False,0,2026-08-07T12:50:26.000Z
2026-08-07T12:51:32.042009+00:00,7,Disney Hollywood Studios,6361,Mickey & Minnie's Runaway Railway,True,35,2026-08-07T12:50:26.000Z
2026-08-07T12:51:32.042009+00:00,7,Disney Hollywood Studios,12425,Meet Edna Mode at the Edna Mode Experience,False,0,2026-08-07T12:50:26.000Z
2026-08-07T12:51:32.042009+00:00,7,Disney Hollywood Studios,117,Toy Story Mania!,True,55,2026-08-07T12:50:26.000Z
2026-08-07T12:51:32.042009+00:00,7,Disney Hollywood Studios,6368,Millennium Falcon: Smugglers Run,True,20,2026-08-07T12:50:26.000Z
2026-08-07T12:51:32.042009+00:00,7,Disney Hollywood Studios,10902,Millennium Falcon: Smugglers Run Single Rider,True,0,2026-08-07T12:50:26.000Z
2026-08-07T12:51:32.042009+00:00,7,Disney Hollywood Studios,6369,Star Wars: Rise of the Resistance,False,0,2026-08-07T12:50:26.000Z
2026-08-07T12:51:32.042009+00:00,7,Disney Hollywood Studios,14531,Star Wars: Rise of the Resistance Single Rider,False,0,2026-08-07T12:50:26.000Z
2026-08-07T12:51:32.042009+00:00,7,Disney Hollywood Studios,1176,Beauty and the Beast – Live on Stage,True,0,2026-08-07T12:50:26.000Z
2026-08-07T12:51:32.042009+00:00,7,Disney Hollywood Studios,16343,Rock 'n' Roller Coaster Starring Aerosmith Single Rider,True,0,2026-08-07T12:50:26.000Z
2026-08-07T12:51:32.042009+00:00,7,Disney Hollywood Studios,16342,Rock ’n’ Roller Coaster Starring The Muppets,True,45,2026-08-07T12:50:26.000Z
2026-08-07T12:51:32.042009+00:00,7,Disney Hollywood Studios,123,The Twilight Zone™ Tower of Terror,True,13,2026-08-07T12:50:26.000Z
2026-08-07T12:51:32.042009+00:00,7,Disney Hollywood Studios,5477,Alien Swirling Saucers,True,5,2026-08-07T12:50:26.000Z
2026-08-07T12:51:32.042009+00:00,7,Disney Hollywood Studios,5476,Slinky Dog Dash,False,0,2026-08-07T12:50:26.000Z
2026-08-07T12:51:32.224843+00:00,6,Disney Magic Kingdom,1184,A Pirate's Adventure ~ Treasures of the Seven Seas,False,0,2026-08-07T12:50:26.000Z
2026-08-07T12:51:32.224843+00:00,6,Disney Magic Kingdom,134,Jungle Cruise,True,10,2026-08-07T12:50:26.000Z
2026-08-07T12:51:32.224843+00:00,6,Disney Magic Kingdom,137,Pirates of the Caribbean,True,5,2026-08-07T12:50:26.000Z
2026-08-07T12:51:32.224843+00:00,6,Disney Magic Kingdom,355,Swiss Family Treehouse,True,0,2026-08-07T12:50:26.000Z
2026-08-07T12:51:32.224843+00:00,6,Disney Magic Kingdom,141,The Magic Carpets of Aladdin,True,5,2026-08-07T12:50:26.000Z
2026-08-07T12:51:32.224843+00:00,6,Disney Magic Kingdom,334,Walt Disney's Enchanted Tiki Room,False,0,2026-08-07T12:50:26.000Z
2026-08-07T12:51:32.224843+00:00,6,Disney Magic Kingdom,133,"""it's a small world""",False,0,2026-08-07T12:50:26.000Z
2026-08-07T12:51:32.224843+00:00,6,Disney Magic Kingdom,13764,Casey Jr. Splash 'N' Soak Station,True,0,2026-08-07T12:50:26.000Z
2026-08-07T12:51:32.224843+00:00,6,Disney Magic Kingdom,13763,Cinderella Castle,True,0,2026-08-07T12:50:26.000Z
2026-08-07T12:51:32.224843+00:00,6,Disney Magic Kingdom,132,Dumbo the Flying Elephant,True,5,2026-08-07T12:50:26.000Z
2026-08-07T12:51:32.224843+00:00,6,Disney Magic Kingdom,128,Enchanted Tales with Belle,False,0,2026-08-07T12:50:26.000Z
2026-08-07T12:51:32.224843+00:00,6,Disney Magic Kingdom,135,Mad Tea Party,False,0,2026-08-07T12:50:26.000Z
2026-08-07T12:51:32.224843+00:00,6,Disney Magic Kingdom,147,Meet Ariel at Her Grotto,False,0,2026-08-07T12:50:26.000Z
2026-08-07T12:51:32.224843+00:00,6,Disney Magic Kingdom,6700,Meet Cinderella and a Visiting Princess at Princess Fairytale Hall,False,0,2026-08-07T12:50:26.000Z
2026-08-07T12:51:32.224843+00:00,6,Disney Magic Kingdom,144,Meet Daring Disney Pals as Circus Stars at Pete's Silly Sideshow,False,0,2026-08-07T12:50:26.000Z
2026-08-07T12:51:32.224843+00:00,6,Disney Magic Kingdom,145,Meet Dashing Disney Pals as Circus Stars at Pete's Silly Sideshow,False,0,2026-08-07T12:50:26.000Z
2026-08-07T12:51:32.224843+00:00,6,Disney Magic Kingdom,6699,Meet Princess Tiana and a Visiting Princess at Princess Fairytale Hall,False,0,2026-08-07T12:50:26.000Z
2026-08-07T12:51:32.224843+00:00,6,Disney Magic Kingdom,171,Mickey's PhilharMagic,True,15,2026-08-07T12:50:26.000Z
2026-08-07T12:51:32.224843+00:00,6,Disney Magic Kingdom,136,Peter Pan's Flight,True,35,2026-08-07T12:50:26.000Z
2026-08-07T12:51:32.224843+00:00,6,Disney Magic Kingdom,161,Prince Charming Regal Carrousel,True,5,2026-08-07T12:50:26.000Z
2026-08-07T12:51:32.224843+00:00,6,Disney Magic Kingdom,129,Seven Dwarfs Mine Train,True,35,2026-08-07T12:50:26.000Z
2026-08-07T12:51:32.224843+00:00,6,Disney Magic Kingdom,126,The Barnstormer,True,5,2026-08-07T12:50:26.000Z
2026-08-07T12:51:32.224843+00:00,6,Disney Magic Kingdom,142,The Many Adventures of Winnie the Pooh,True,20,2026-08-07T12:50:26.000Z
2026-08-07T12:51:32.224843+00:00,6,Disney Magic Kingdom,127,Under the Sea - Journey of The Little Mermaid,True,5,2026-08-07T12:50:26.000Z
2026-08-07T12:51:32.224843+00:00,6,Disney Magic Kingdom,1181,Walt Disney World Railroad - Fantasyland,False,0,2026-08-07T12:50:26.000Z
2026-08-07T12:51:32.224843+00:00,6,Disney Magic Kingdom,130,Big Thunder Mountain Railroad,True,15,2026-08-07T12:50:26.000Z
2026-08-07T12:51:32.224843+00:00,6,Disney Magic Kingdom,1214,Country Bear Musical Jamboree,False,0,2026-08-07T12:50:26.000Z
2026-08-07T12:51:32.224843+00:00,6,Disney Magic Kingdom,13630,Tiana's Bayou Adventure,True,15,2026-08-07T12:50:26.000Z
2026-08-07T12:51:32.224843+00:00,6,Disney Magic Kingdom,140,Haunted Mansion,True,13,2026-08-07T12:50:26.000Z
2026-08-07T12:51:32.224843+00:00,6,Disney Magic Kingdom,356,The Hall of Presidents,True,0,2026-08-07T12:50:26.000Z
2026-08-07T12:51:32.224843+00:00,6,Disney Magic Kingdom,1188,Main Street Vehicles,False,0,2026-08-07T12:50:26.000Z
2026-08-07T12:51:32.224843+00:00,6,Disney Magic Kingdom,146,Meet Mickey at Town Square Theater,True,5,2026-08-07T12:50:26.000Z
2026-08-07T12:51:32.224843+00:00,6,Disney Magic Kingdom,1189,"Walt Disney World Railroad - Main Street, U.S.A.",False,0,2026-08-07T12:50:26.000Z
2026-08-07T12:51:32.224843+00:00,6,Disney Magic Kingdom,248,Astro Orbiter,True,5,2026-08-07T12:50:26.000Z
2026-08-07T12:51:32.224843+00:00,6,Disney Magic Kingdom,131,Buzz Lightyear’s Space Ranger Spin,True,15,2026-08-07T12:50:26.000Z
2026-08-07T12:51:32.224843+00:00,6,Disney Magic Kingdom,125,"Monsters, Inc. Laugh Floor",False,0,2026-08-07T12:50:26.000Z
2026-08-07T12:51:32.224843+00:00,6,Disney Magic Kingdom,138,Space Mountain,False,0,2026-08-07T12:50:26.000Z
2026-08-07T12:51:32.224843+00:00,6,Disney Magic Kingdom,143,Tomorrowland Speedway,True,5,2026-08-07T12:50:26.000Z
2026-08-07T12:51:32.224843+00:00,6,Disney Magic Kingdom,1190,Tomorrowland Transit Authority PeopleMover,True,5,2026-08-07T12:50:26.000Z
2026-08-07T12:51:32.224843+00:00,6,Disney Magic Kingdom,11527,TRON Lightcycle / Run,True,55,2026-08-07T12:50:26.000Z
2026-08-07T12:51:32.224843+00:00,6,Disney Magic Kingdom,457,Walt Disney's Carousel of Progress,False,0,2026-08-07T12:50:26.000Z
2026-08-07T12:51:32.224843+00:00,6,Disney Magic Kingdom,14927,Meet Mickey Mouse and Minnie Mouse at Mickey's Not-So-Scary Halloween Party,False,0,2026-08-05T14:40:19.000Z
2026-08-07T12:51:32.408862+00:00,5,Epcot,2495,Disney and Pixar Short Film Festival,False,0,2026-08-07T12:50:19.000Z
2026-08-07T12:51:32.408862+00:00,5,Epcot,155,Journey Into Imagination With Figment,False,0,2026-08-07T12:50:19.000Z
2026-08-07T12:51:32.408862+00:00,5,Epcot,13627,Meet Beloved Disney Pals at Mickey & Friends,False,0,2026-08-07T12:50:19.000Z
2026-08-07T12:51:32.408862+00:00,5,Epcot,159,Spaceship Earth,True,5,2026-08-07T12:50:19.000Z
2026-08-07T12:51:32.408862+00:00,5,Epcot,10916,Guardians of the Galaxy: Cosmic Rewind,True,75,2026-08-07T12:50:19.000Z
2026-08-07T12:51:32.408862+00:00,5,Epcot,158,Mission: SPACE,True,15,2026-08-07T12:50:19.000Z
2026-08-07T12:51:32.408862+00:00,5,Epcot,160,Test Track,True,40,2026-08-07T12:50:19.000Z
2026-08-07T12:51:32.408862+00:00,5,Epcot,10900,Test Track Presented by Chevrolet Single Rider,True,0,2026-08-07T12:50:19.000Z
2026-08-07T12:51:32.408862+00:00,5,Epcot,7323,Awesome Planet,False,0,2026-08-07T12:50:19.000Z
2026-08-07T12:51:32.408862+00:00,5,Epcot,12387,"Journey of Water, Inspired by Moana",True,0,2026-08-07T12:50:19.000Z
2026-08-07T12:51:32.408862+00:00,5,Epcot,156,Living with the Land,False,0,2026-08-07T12:50:19.000Z
2026-08-07T12:51:32.408862+00:00,5,Epcot,13782,SeaBase Aquarium,True,0,2026-08-07T12:50:19.000Z
2026-08-07T12:51:32.408862+00:00,5,Epcot,16467,Soarin' Across America,True,10,2026-08-07T12:50:19.000Z
2026-08-07T12:51:32.408862+00:00,5,Epcot,153,The Seas with Nemo & Friends,True,5,2026-08-07T12:50:19.000Z
2026-08-07T12:51:32.408862+00:00,5,Epcot,152,Turtle Talk With Crush,False,0,2026-08-07T12:50:19.000Z
2026-08-07T12:51:32.408862+00:00,5,Epcot,829,Canada Far and Wide in Circle-Vision 360,False,0,2026-08-07T12:50:19.000Z
2026-08-07T12:51:32.408862+00:00,5,Epcot,2679,Frozen Ever After,True,15,2026-08-07T12:50:19.000Z
2026-08-07T12:51:32.408862+00:00,5,Epcot,466,Gran Fiesta Tour Starring The Three Caballeros,False,0,2026-08-07T12:50:19.000Z
2026-08-07T12:51:32.408862+00:00,5,Epcot,6701,Meet Anna and Elsa at Royal Sommerhus,False,0,2026-08-07T12:50:19.000Z
2026-08-07T12:51:32.408862+00:00,5,Epcot,10914,Remy's Ratatouille Adventure,True,55,2026-08-07T12:50:19.000Z
2026-08-07T12:51:32.408862+00:00,5,Epcot,10915,Remy's Ratatouille Adventure Single Rider,True,0,2026-08-07T12:50:19.000Z
2026-08-07T14:48:31.007628+00:00,8,Animal Kingdom,657,Festival of the Lion King,True,0,2026-08-07T14:45:34.000Z
2026-08-07T14:48:31.007628+00:00,8,Animal Kingdom,651,Gorilla Falls Exploration Trail,True,5,2026-08-07T14:45:34.000Z
2026-08-07T14:48:31.007628+00:00,8,Animal Kingdom,113,Kilimanjaro Safaris,True,90,2026-08-07T14:45:34.000Z
2026-08-07T14:48:31.007628+00:00,8,Animal Kingdom,655,Wildlife Express Train,True,5,2026-08-07T14:45:34.000Z
2026-08-07T14:48:31.007628+00:00,8,Animal Kingdom,110,Expedition Everest - Legend of the Forbidden Mountain,True,55,2026-08-07T14:45:34.000Z
2026-08-07T14:48:31.007628+00:00,8,Animal Kingdom,14533,Expedition Everest - Legend of the Forbidden Mountain Single Rider,True,0,2026-08-07T14:45:34.000Z
2026-08-07T14:48:31.007628+00:00,8,Animal Kingdom,10921,Feathered Friends in Flight!,True,0,2026-08-07T14:45:34.000Z
2026-08-07T14:48:31.007628+00:00,8,Animal Kingdom,112,Kali River Rapids,True,35,2026-08-07T14:45:34.000Z
2026-08-07T14:48:31.007628+00:00,8,Animal Kingdom,13806,Animal Care at Conservation Station,True,0,2026-08-07T14:45:34.000Z
2026-08-07T14:48:31.007628+00:00,8,Animal Kingdom,16545,Bluey's Wild World at Conservation Station,True,10,2026-08-07T14:45:34.000Z
2026-08-07T14:48:31.007628+00:00,8,Animal Kingdom,10920,Finding Nemo: The Big Blue... and Beyond!,True,0,2026-08-07T14:45:34.000Z
2026-08-07T14:48:31.007628+00:00,8,Animal Kingdom,13811,Discovery Island Trails,True,0,2026-08-07T14:45:34.000Z
2026-08-07T14:48:31.007628+00:00,8,Animal Kingdom,116,Meet Favorite Disney Pals at Adventurers Outpost,True,20,2026-08-07T14:45:34.000Z
2026-08-07T14:48:31.007628+00:00,8,Animal Kingdom,12451,Meet Moana at Character Landing,True,0,2026-08-07T14:45:34.000Z
2026-08-07T14:48:31.007628+00:00,8,Animal Kingdom,13751,Tree of Life,True,0,2026-08-07T14:45:34.000Z
2026-08-07T14:48:31.007628+00:00,8,Animal Kingdom,14943,Zootopia: Better Zoogether!,True,10,2026-08-07T14:45:34.000Z
2026-08-07T14:48:31.007628+00:00,8,Animal Kingdom,4439,Avatar Flight of Passage,True,70,2026-08-07T14:45:34.000Z
2026-08-07T14:48:31.007628+00:00,8,Animal Kingdom,4438,Na'vi River Journey,True,55,2026-08-07T14:45:34.000Z
2026-08-07T14:48:31.007628+00:00,8,Animal Kingdom,13812,The Oasis Exhibits,True,0,2026-08-07T14:45:34.000Z
2026-08-07T14:48:31.007628+00:00,8,Animal Kingdom,13808,Wilderness Explorers,True,0,2026-08-07T14:45:34.000Z
2026-08-07T14:48:31.635457+00:00,7,Disney Hollywood Studios,16641,Disney Jr. Mickey Mouse Clubhouse Live!,True,0,2026-08-07T14:45:25.000Z
2026-08-07T14:48:31.635457+00:00,7,Disney Hollywood Studios,12430,Meet Ariel at Walt Disney Presents,True,0,2026-08-07T14:45:25.000Z
2026-08-07T14:48:31.635457+00:00,7,Disney Hollywood Studios,14859,The Little Mermaid – A Musical Adventure,True,0,2026-08-07T14:45:25.000Z
2026-08-07T14:48:31.635457+00:00,7,Disney Hollywood Studios,5145,Walt Disney Presents,True,0,2026-08-07T14:45:25.000Z
2026-08-07T14:48:31.635457+00:00,7,Disney Hollywood Studios,6704,Meet Disney Stars at Red Carpet Dreams,True,35,2026-08-07T14:45:25.000Z
2026-08-07T14:48:31.635457+00:00,7,Disney Hollywood Studios,1174,For the First Time in Forever: A Frozen Sing-Along Celebration,True,0,2026-08-07T14:45:25.000Z
2026-08-07T14:48:31.635457+00:00,7,Disney Hollywood Studios,6702,Indiana Jones™ Epic Stunt Spectacular!,True,0,2026-08-07T14:45:25.000Z
2026-08-07T14:48:31.635457+00:00,7,Disney Hollywood Studios,6703,Meet Olaf at Celebrity Spotlight,True,25,2026-08-07T14:45:25.000Z
2026-08-07T14:48:31.635457+00:00,7,Disney Hollywood Studios,120,Star Tours – The Adventures Continue,True,25,2026-08-07T14:45:25.000Z
2026-08-07T14:48:31.635457+00:00,7,Disney Hollywood Studios,7333,Vacation Fun - An Original Animated Short with Mickey & Minnie,True,10,2026-08-07T14:45:25.000Z
2026-08-07T14:48:31.635457+00:00,7,Disney Hollywood Studios,6361,Mickey & Minnie's Runaway Railway,True,60,2026-08-07T14:45:25.000Z
2026-08-07T14:48:31.635457+00:00,7,Disney Hollywood Studios,12425,Meet Edna Mode at the Edna Mode Experience,True,0,2026-08-07T14:45:25.000Z
2026-08-07T14:48:31.635457+00:00,7,Disney Hollywood Studios,117,Toy Story Mania!,False,0,2026-08-07T14:45:25.000Z
2026-08-07T14:48:31.635457+00:00,7,Disney Hollywood Studios,6368,Millennium Falcon: Smugglers Run,True,75,2026-08-07T14:45:25.000Z
2026-08-07T14:48:31.635457+00:00,7,Disney Hollywood Studios,10902,Millennium Falcon: Smugglers Run Single Rider,True,0,2026-08-07T14:45:25.000Z
2026-08-07T14:48:31.635457+00:00,7,Disney Hollywood Studios,6369,Star Wars: Rise of the Resistance,False,0,2026-08-07T14:45:25.000Z
2026-08-07T14:48:31.635457+00:00,7,Disney Hollywood Studios,14531,Star Wars: Rise of the Resistance Single Rider,False,0,2026-08-07T14:45:25.000Z
2026-08-07T14:48:31.635457+00:00,7,Disney Hollywood Studios,1176,Beauty and the Beast – Live on Stage,True,0,2026-08-07T14:45:25.000Z
2026-08-07T14:48:31.635457+00:00,7,Disney Hollywood Studios,16343,Rock 'n' Roller Coaster Starring Aerosmith Single Rider,True,0,2026-08-07T14:45:25.000Z
2026-08-07T14:48:31.635457+00:00,7,Disney Hollywood Studios,16342,Rock ’n’ Roller Coaster Starring The Muppets,True,75,2026-08-07T14:45:25.000Z
2026-08-07T14:48:31.635457+00:00,7,Disney Hollywood Studios,123,The Twilight Zone™ Tower of Terror,True,50,2026-08-07T14:45:25.000Z
2026-08-07T14:48:31.635457+00:00,7,Disney Hollywood Studios,5477,Alien Swirling Saucers,True,45,2026-08-07T14:45:25.000Z
2026-08-07T14:48:31.635457+00:00,7,Disney Hollywood Studios,5476,Slinky Dog Dash,False,0,2026-08-07T14:45:25.000Z
2026-08-07T14:48:32.148974+00:00,6,Disney Magic Kingdom,1184,A Pirate's Adventure ~ Treasures of the Seven Seas,False,0,2026-08-07T14:45:25.000Z
2026-08-07T14:48:32.148974+00:00,6,Disney Magic Kingdom,134,Jungle Cruise,True,40,2026-08-07T14:45:25.000Z
2026-08-07T14:48:32.148974+00:00,6,Disney Magic Kingdom,137,Pirates of the Caribbean,True,15,2026-08-07T14:45:25.000Z
2026-08-07T14:48:32.148974+00:00,6,Disney Magic Kingdom,355,Swiss Family Treehouse,True,0,2026-08-07T14:45:25.000Z
2026-08-07T14:48:32.148974+00:00,6,Disney Magic Kingdom,141,The Magic Carpets of Aladdin,True,10,2026-08-07T14:45:25.000Z
2026-08-07T14:48:32.148974+00:00,6,Disney Magic Kingdom,334,Walt Disney's Enchanted Tiki Room,True,10,2026-08-07T14:45:25.000Z
2026-08-07T14:48:32.148974+00:00,6,Disney Magic Kingdom,133,"""it's a small world""",False,0,2026-08-07T14:45:25.000Z
2026-08-07T14:48:32.148974+00:00,6,Disney Magic Kingdom,13764,Casey Jr. Splash 'N' Soak Station,True,0,2026-08-07T14:45:25.000Z
2026-08-07T14:48:32.148974+00:00,6,Disney Magic Kingdom,13763,Cinderella Castle,True,0,2026-08-07T14:45:25.000Z
2026-08-07T14:48:32.148974+00:00,6,Disney Magic Kingdom,132,Dumbo the Flying Elephant,True,5,2026-08-07T14:45:25.000Z
2026-08-07T14:48:32.148974+00:00,6,Disney Magic Kingdom,128,Enchanted Tales with Belle,True,20,2026-08-07T14:45:25.000Z
2026-08-07T14:48:32.148974+00:00,6,Disney Magic Kingdom,135,Mad Tea Party,True,10,2026-08-07T14:45:25.000Z
2026-08-07T14:48:32.148974+00:00,6,Disney Magic Kingdom,147,Meet Ariel at Her Grotto,True,10,2026-08-07T14:45:25.000Z
2026-08-07T14:48:32.148974+00:00,6,Disney Magic Kingdom,6700,Meet Cinderella and a Visiting Princess at Princess Fairytale Hall,True,20,2026-08-07T14:45:25.000Z
2026-08-07T14:48:32.148974+00:00,6,Disney Magic Kingdom,144,Meet Daring Disney Pals as Circus Stars at Pete's Silly Sideshow,True,20,2026-08-07T14:45:25.000Z
2026-08-07T14:48:32.148974+00:00,6,Disney Magic Kingdom,145,Meet Dashing Disney Pals as Circus Stars at Pete's Silly Sideshow,True,15,2026-08-07T14:45:25.000Z
2026-08-07T14:48:32.148974+00:00,6,Disney Magic Kingdom,6699,Meet Princess Tiana and a Visiting Princess at Princess Fairytale Hall,True,10,2026-08-07T14:45:25.000Z
2026-08-07T14:48:32.148974+00:00,6,Disney Magic Kingdom,171,Mickey's PhilharMagic,True,15,2026-08-07T14:45:25.000Z
2026-08-07T14:48:32.148974+00:00,6,Disney Magic Kingdom,136,Peter Pan's Flight,True,40,2026-08-07T14:45:25.000Z
2026-08-07T14:48:32.148974+00:00,6,Disney Magic Kingdom,161,Prince Charming Regal Carrousel,True,5,2026-08-07T14:45:25.000Z
2026-08-07T14:48:32.148974+00:00,6,Disney Magic Kingdom,129,Seven Dwarfs Mine Train,True,55,2026-08-07T14:45:25.000Z
2026-08-07T14:48:32.148974+00:00,6,Disney Magic Kingdom,126,The Barnstormer,True,5,2026-08-07T14:45:25.000Z
2026-08-07T14:48:32.148974+00:00,6,Disney Magic Kingdom,142,The Many Adventures of Winnie the Pooh,True,25,2026-08-07T14:45:25.000Z
2026-08-07T14:48:32.148974+00:00,6,Disney Magic Kingdom,127,Under the Sea - Journey of The Little Mermaid,True,10,2026-08-07T14:45:25.000Z
2026-08-07T14:48:32.148974+00:00,6,Disney Magic Kingdom,1181,Walt Disney World Railroad - Fantasyland,True,20,2026-08-07T14:45:25.000Z
2026-08-07T14:48:32.148974+00:00,6,Disney Magic Kingdom,130,Big Thunder Mountain Railroad,False,0,2026-08-07T14:45:25.000Z
2026-08-07T14:48:32.148974+00:00,6,Disney Magic Kingdom,1214,Country Bear Musical Jamboree,True,10,2026-08-07T14:45:25.000Z
2026-08-07T14:48:32.148974+00:00,6,Disney Magic Kingdom,13630,Tiana's Bayou Adventure,True,45,2026-08-07T14:45:25.000Z
2026-08-07T14:48:32.148974+00:00,6,Disney Magic Kingdom,140,Haunted Mansion,True,25,2026-08-07T14:45:25.000Z
2026-08-07T14:48:32.148974+00:00,6,Disney Magic Kingdom,356,The Hall of Presidents,True,15,2026-08-07T14:45:25.000Z
2026-08-07T14:48:32.148974+00:00,6,Disney Magic Kingdom,1188,Main Street Vehicles,True,0,2026-08-07T14:45:25.000Z
2026-08-07T14:48:32.148974+00:00,6,Disney Magic Kingdom,146,Meet Mickey at Town Square Theater,True,15,2026-08-07T14:45:25.000Z
2026-08-07T14:48:32.148974+00:00,6,Disney Magic Kingdom,1189,"Walt Disney World Railroad - Main Street, U.S.A.",True,20,2026-08-07T14:45:25.000Z
2026-08-07T14:48:32.148974+00:00,6,Disney Magic Kingdom,248,Astro Orbiter,True,15,2026-08-07T14:45:25.000Z
2026-08-07T14:48:32.148974+00:00,6,Disney Magic Kingdom,131,Buzz Lightyear’s Space Ranger Spin,True,35,2026-08-07T14:45:25.000Z
2026-08-07T14:48:32.148974+00:00,6,Disney Magic Kingdom,125,"Monsters, Inc. Laugh Floor",True,10,2026-08-07T14:45:25.000Z
2026-08-07T14:48:32.148974+00:00,6,Disney Magic Kingdom,138,Space Mountain,False,0,2026-08-07T14:45:25.000Z
2026-08-07T14:48:32.148974+00:00,6,Disney Magic Kingdom,143,Tomorrowland Speedway,True,15,2026-08-07T14:45:25.000Z
2026-08-07T14:48:32.148974+00:00,6,Disney Magic Kingdom,1190,Tomorrowland Transit Authority PeopleMover,True,10,2026-08-07T14:45:25.000Z
2026-08-07T14:48:32.148974+00:00,6,Disney Magic Kingdom,11527,TRON Lightcycle / Run,True,55,2026-08-07T14:45:25.000Z
2026-08-07T14:48:32.148974+00:00,6,Disney Magic Kingdom,457,Walt Disney's Carousel of Progress,False,0,2026-08-07T14:45:25.000Z
2026-08-07T14:48:32.148974+00:00,6,Disney Magic Kingdom,14927,Meet Mickey Mouse and Minnie Mouse at Mickey's Not-So-Scary Halloween Party,False,0,2026-08-05T14:40:19.000Z
2026-08-07T14:48:32.786771+00:00,5,Epcot,2495,Disney and Pixar Short Film Festival,True,0,2026-08-07T14:45:16.000Z
2026-08-07T14:48:32.786771+00:00,5,Epcot,155,Journey Into Imagination With Figment,True,5,2026-08-07T14:45:16.000Z
2026-08-07T14:48:32.786771+00:00,5,Epcot,13627,Meet Beloved Disney Pals at Mickey & Friends,True,15,2026-08-07T14:45:16.000Z
2026-08-07T14:48:32.786771+00:00,5,Epcot,159,Spaceship Earth,True,25,2026-08-07T14:45:16.000Z
2026-08-07T14:48:32.786771+00:00,5,Epcot,10916,Guardians of the Galaxy: Cosmic Rewind,True,75,2026-08-07T14:45:16.000Z
2026-08-07T14:48:32.786771+00:00,5,Epcot,158,Mission: SPACE,True,25,2026-08-07T14:45:16.000Z
2026-08-07T14:48:32.786771+00:00,5,Epcot,160,Test Track,True,105,2026-08-07T14:45:16.000Z
2026-08-07T14:48:32.786771+00:00,5,Epcot,10900,Test Track Presented by Chevrolet Single Rider,True,0,2026-08-07T14:45:16.000Z
2026-08-07T14:48:32.786771+00:00,5,Epcot,7323,Awesome Planet,True,0,2026-08-07T14:45:16.000Z
2026-08-07T14:48:32.786771+00:00,5,Epcot,12387,"Journey of Water, Inspired by Moana",True,0,2026-08-07T14:45:16.000Z
2026-08-07T14:48:32.786771+00:00,5,Epcot,156,Living with the Land,True,5,2026-08-07T14:45:16.000Z
2026-08-07T14:48:32.786771+00:00,5,Epcot,13782,SeaBase Aquarium,True,0,2026-08-07T14:45:16.000Z
2026-08-07T14:48:32.786771+00:00,5,Epcot,16467,Soarin' Across America,True,35,2026-08-07T14:45:16.000Z
2026-08-07T14:48:32.786771+00:00,5,Epcot,153,The Seas with Nemo & Friends,True,5,2026-08-07T14:45:16.000Z
2026-08-07T14:48:32.786771+00:00,5,Epcot,152,Turtle Talk With Crush,True,15,2026-08-07T14:45:16.000Z
2026-08-07T14:48:32.786771+00:00,5,Epcot,829,Canada Far and Wide in Circle-Vision 360,True,0,2026-08-07T14:45:16.000Z
2026-08-07T14:48:32.786771+00:00,5,Epcot,2679,Frozen Ever After,True,45,2026-08-07T14:45:16.000Z
2026-08-07T14:48:32.786771+00:00,5,Epcot,466,Gran Fiesta Tour Starring The Three Caballeros,True,5,2026-08-07T14:45:16.000Z
2026-08-07T14:48:32.786771+00:00,5,Epcot,6701,Meet Anna and Elsa at Royal Sommerhus,True,50,2026-08-07T14:45:16.000Z
2026-08-07T14:48:32.786771+00:00,5,Epcot,10914,Remy's Ratatouille Adventure,True,40,2026-08-07T14:45:16.000Z
2026-08-07T14:48:32.786771+00:00,5,Epcot,10915,Remy's Ratatouille Adventure Single Rider,True,0,2026-08-07T14:45:16.000Z
