pulled_at_utc,park_id,park_name,ride_id,ride_name,is_open,wait_time_min,last_updated
2026-10-01T01:01:07.269151+00:00,8,Animal Kingdom,657,Festival of the Lion King,True,0,2026-10-01T00:55:53.000Z
2026-10-01T01:01:07.269151+00:00,8,Animal Kingdom,651,Gorilla Falls Exploration Trail,False,0,2026-10-01T00:55:53.000Z
2026-10-01T01:01:07.269151+00:00,8,Animal Kingdom,113,Kilimanjaro Safaris,False,0,2026-10-01T00:55:53.000Z
2026-10-01T01:01:07.269151+00:00,8,Animal Kingdom,655,Wildlife Express Train,False,0,2026-10-01T00:55:53.000Z
2026-10-01T01:01:07.269151+00:00,8,Animal Kingdom,110,Expedition Everest - Legend of the Forbidden Mountain,False,0,2026-10-01T00:55:53.000Z
2026-10-01T01:01:07.269151+00:00,8,Animal Kingdom,14533,Expedition Everest - Legend of the Forbidden Mountain Single Rider,False,0,2026-10-01T00:55:53.000Z
2026-10-01T01:01:07.269151+00:00,8,Animal Kingdom,10921,Feathered Friends in Flight!,True,0,2026-10-01T00:55:53.000Z
2026-10-01T01:01:07.269151+00:00,8,Animal Kingdom,112,Kali River Rapids,False,0,2026-10-01T00:55:53.000Z
2026-10-01T01:01:07.269151+00:00,8,Animal Kingdom,13806,Animal Care at Conservation Station,False,0,2026-10-01T00:55:53.000Z
2026-10-01T01:01:07.269151+00:00,8,Animal Kingdom,17661,Bluey's Wild World at Conservation Station,False,0,2026-10-01T00:55:53.000Z
2026-10-01T01:01:07.269151+00:00,8,Animal Kingdom,10920,Finding Nemo: The Big Blue... and Beyond!,True,0,2026-10-01T00:55:53.000Z
2026-10-01T01:01:07.269151+00:00,8,Animal Kingdom,13811,Discovery Island Trails,False,0,2026-10-01T00:55:53.000Z
2026-10-01T01:01:07.269151+00:00,8,Animal Kingdom,116,Meet Favorite Disney Pals at Adventurers Outpost,False,0,2026-10-01T00:55:53.000Z
2026-10-01T01:01:07.269151+00:00,8,Animal Kingdom,12451,Meet Moana at Character Landing,False,0,2026-10-01T00:55:53.000Z
2026-10-01T01:01:07.269151+00:00,8,Animal Kingdom,13751,Tree of Life,True,0,2026-10-01T00:55:53.000Z
2026-10-01T01:01:07.269151+00:00,8,Animal Kingdom,14943,Zootopia: Better Zoogether!,False,0,2026-10-01T00:55:53.000Z
2026-10-01T01:01:07.269151+00:00,8,Animal Kingdom,4439,Avatar Flight of Passage,False,0,2026-10-01T00:55:53.000Z
2026-10-01T01:01:07.269151+00:00,8,Animal Kingdom,4438,Na'vi River Journey,False,0,2026-10-01T00:55:53.000Z
2026-10-01T01:01:07.269151+00:00,8,Animal Kingdom,13812,The Oasis Exhibits,False,0,2026-10-01T00:55:53.000Z
2026-10-01T01:01:07.269151+00:00,8,Animal Kingdom,13808,Wilderness Explorers,False,0,2026-10-01T00:55:53.000Z
2026-10-01T01:01:07.269151+00:00,8,Animal Kingdom,17808,Jumping Junction,False,0,2026-10-01T00:55:53.000Z
2026-10-01T01:01:07.391887+00:00,7,Disney Hollywood Studios,16641,Disney Jr. Mickey Mouse Clubhouse Live!,True,0,2026-10-01T01:00:31.000Z
2026-10-01T01:01:07.391887+00:00,7,Disney Hollywood Studios,12430,Meet Ariel at Walt Disney Presents,False,0,2026-10-01T01:00:31.000Z
2026-10-01T01:01:07.391887+00:00,7,Disney Hollywood Studios,14859,The Little Mermaid – A Musical Adventure,True,0,2026-10-01T01:00:31.000Z
2026-10-01T01:01:07.391887+00:00,7,Disney Hollywood Studios,5145,Walt Disney Presents,False,0,2026-10-01T01:00:31.000Z
2026-10-01T01:01:07.391887+00:00,7,Disney Hollywood Studios,6704,Meet Disney Stars at Red Carpet Dreams,False,0,2026-10-01T01:00:31.000Z
2026-10-01T01:01:07.391887+00:00,7,Disney Hollywood Studios,1174,For the First Time in Forever: A Frozen Sing-Along Celebration,True,0,2026-10-01T01:00:31.000Z
2026-10-01T01:01:07.391887+00:00,7,Disney Hollywood Studios,6702,Indiana Jones™ Epic Stunt Spectacular!,True,0,2026-10-01T01:00:31.000Z
2026-10-01T01:01:07.391887+00:00,7,Disney Hollywood Studios,6703,Meet Olaf at Celebrity Spotlight,False,0,2026-10-01T01:00:31.000Z
2026-10-01T01:01:07.391887+00:00,7,Disney Hollywood Studios,120,Star Tours – The Adventures Continue,True,5,2026-10-01T01:00:31.000Z
2026-10-01T01:01:07.391887+00:00,7,Disney Hollywood Studios,7333,Vacation Fun - An Original Animated Short with Mickey & Minnie,False,0,2026-10-01T01:00:31.000Z
2026-10-01T01:01:07.391887+00:00,7,Disney Hollywood Studios,6361,Mickey & Minnie's Runaway Railway,True,30,2026-10-01T01:00:31.000Z
2026-10-01T01:01:07.391887+00:00,7,Disney Hollywood Studios,12425,Meet Edna Mode at the Edna Mode Experience,False,0,2026-10-01T01:00:31.000Z
2026-10-01T01:01:07.391887+00:00,7,Disney Hollywood Studios,117,Toy Story Mania!,True,5,2026-10-01T01:00:31.000Z
2026-10-01T01:01:07.391887+00:00,7,Disney Hollywood Studios,6368,Millennium Falcon: Smugglers Run,True,10,2026-10-01T01:00:31.000Z
2026-10-01T01:01:07.391887+00:00,7,Disney Hollywood Studios,10902,Millennium Falcon: Smugglers Run Single Rider,True,0,2026-10-01T01:00:31.000Z
2026-10-01T01:01:07.391887+00:00,7,Disney Hollywood Studios,6369,Star Wars: Rise of the Resistance,True,25,2026-10-01T01:00:31.000Z
2026-10-01T01:01:07.391887+00:00,7,Disney Hollywood Studios,14531,Star Wars: Rise of the Resistance Single Rider,True,0,2026-10-01T01:00:31.000Z
2026-10-01T01:01:07.391887+00:00,7,Disney Hollywood Studios,1176,Beauty and the Beast – Live on Stage,True,0,2026-10-01T01:00:31.000Z
2026-10-01T01:01:07.391887+00:00,7,Disney Hollywood Studios,16343,Rock 'n' Roller Coaster Starring Aerosmith Single Rider,True,0,2026-10-01T01:00:31.000Z
2026-10-01T01:01:07.391887+00:00,7,Disney Hollywood Studios,16342,Rock ’n’ Roller Coaster Starring The Muppets,True,15,2026-10-01T01:00:31.000Z
2026-10-01T01:01:07.391887+00:00,7,Disney Hollywood Studios,123,The Twilight Zone™ Tower of Terror,True,25,2026-10-01T01:00:31.000Z
2026-10-01T01:01:07.391887+00:00,7,Disney Hollywood Studios,5477,Alien Swirling Saucers,True,5,2026-10-01T01:00:31.000Z
2026-10-01T01:01:07.391887+00:00,7,Disney Hollywood Studios,5476,Slinky Dog Dash,True,30,2026-10-01T01:00:31.000Z
2026-10-01T01:01:07.542450+00:00,6,Disney Magic Kingdom,1184,A Pirate's Adventure ~ Treasures of the Seven Seas,False,0,2026-10-01T01:00:27.000Z
2026-10-01T01:01:07.542450+00:00,6,Disney Magic Kingdom,134,Jungle Cruise,True,15,2026-10-01T01:00:27.000Z
2026-10-01T01:01:07.542450+00:00,6,Disney Magic Kingdom,137,Pirates of the Caribbean,True,5,2026-10-01T01:00:27.000Z
2026-10-01T01:01:07.542450+00:00,6,Disney Magic Kingdom,355,Swiss Family Treehouse,True,5,2026-10-01T01:00:27.000Z
2026-10-01T01:01:07.542450+00:00,6,Disney Magic Kingdom,141,The Magic Carpets of Aladdin,True,5,2026-10-01T01:00:27.000Z
2026-10-01T01:01:07.542450+00:00,6,Disney Magic Kingdom,334,Walt Disney's Enchanted Tiki Room,True,10,2026-10-01T01:00:27.000Z
2026-10-01T01:01:07.542450+00:00,6,Disney Magic Kingdom,133,"""it's a small world""",True,5,2026-10-01T01:00:27.000Z
2026-10-01T01:01:07.542450+00:00,6,Disney Magic Kingdom,13764,Casey Jr. Splash 'N' Soak Station,False,0,2026-10-01T01:00:27.000Z
2026-10-01T01:01:07.542450+00:00,6,Disney Magic Kingdom,13763,Cinderella Castle,True,0,2026-10-01T01:00:27.000Z
2026-10-01T01:01:07.542450+00:00,6,Disney Magic Kingdom,132,Dumbo the Flying Elephant,True,5,2026-10-01T01:00:27.000Z
2026-10-01T01:01:07.542450+00:00,6,Disney Magic Kingdom,128,Enchanted Tales with Belle,False,0,2026-10-01T01:00:27.000Z
2026-10-01T01:01:07.542450+00:00,6,Disney Magic Kingdom,135,Mad Tea Party,True,10,2026-10-01T01:00:27.000Z
2026-10-01T01:01:07.542450+00:00,6,Disney Magic Kingdom,147,Meet Ariel at Her Grotto,False,0,2026-10-01T01:00:27.000Z
2026-10-01T01:01:07.542450+00:00,6,Disney Magic Kingdom,6700,Meet Cinderella and a Visiting Princess at Princess Fairytale Hall,True,20,2026-10-01T01:00:27.000Z
2026-10-01T01:01:07.542450+00:00,6,Disney Magic Kingdom,144,Meet Daring Disney Pals as Circus Stars at Pete's Silly Sideshow,False,0,2026-10-01T01:00:27.000Z
2026-10-01T01:01:07.542450+00:00,6,Disney Magic Kingdom,145,Meet Dashing Disney Pals as Circus Stars at Pete's Silly Sideshow,False,0,2026-10-01T01:00:27.000Z
2026-10-01T01:01:07.542450+00:00,6,Disney Magic Kingdom,6699,Meet Princess Tiana and a Visiting Princess at Princess Fairytale Hall,True,10,2026-10-01T01:00:27.000Z
2026-10-01T01:01:07.542450+00:00,6,Disney Magic Kingdom,171,Mickey's PhilharMagic,True,10,2026-10-01T01:00:27.000Z
2026-10-01T01:01:07.542450+00:00,6,Disney Magic Kingdom,136,Peter Pan's Flight,True,25,2026-10-01T01:00:27.000Z
2026-10-01T01:01:07.542450+00:00,6,Disney Magic Kingdom,161,Prince Charming Regal Carrousel,True,20,2026-10-01T01:00:27.000Z
2026-10-01T01:01:07.542450+00:00,6,Disney Magic Kingdom,129,Seven Dwarfs Mine Train,True,35,2026-10-01T01:00:27.000Z
2026-10-01T01:01:07.542450+00:00,6,Disney Magic Kingdom,126,The Barnstormer,True,5,2026-10-01T01:00:27.000Z
2026-10-01T01:01:07.542450+00:00,6,Disney Magic Kingdom,142,The Many Adventures of Winnie the Pooh,True,25,2026-10-01T01:00:27.000Z
2026-10-01T01:01:07.542450+00:00,6,Disney Magic Kingdom,127,Under the Sea - Journey of The Little Mermaid,True,5,2026-10-01T01:00:27.000Z
2026-10-01T01:01:07.542450+00:00,6,Disney Magic Kingdom,1181,Walt Disney World Railroad - Fantasyland,False,0,2026-10-01T01:00:27.000Z
2026-10-01T01:01:07.542450+00:00,6,Disney Magic Kingdom,130,Big Thunder Mountain Railroad,True,25,2026-10-01T01:00:27.000Z
2026-10-01T01:01:07.542450+00:00,6,Disney Magic Kingdom,1214,Country Bear Musical Jamboree,True,10,2026-10-01T01:00:27.000Z
2026-10-01T01:01:07.542450+00:00,6,Disney Magic Kingdom,13630,Tiana's Bayou Adventure,True,5,2026-10-01T01:00:27.000Z
2026-10-01T01:01:07.542450+00:00,6,Disney Magic Kingdom,140,Haunted Mansion,True,15,2026-10-01T01:00:27.000Z
2026-10-01T01:01:07.542450+00:00,6,Disney Magic Kingdom,356,The Hall of Presidents,False,0,2026-10-01T01:00:27.000Z
2026-10-01T01:01:07.542450+00:00,6,Disney Magic Kingdom,1188,Main Street Vehicles,False,0,2026-10-01T01:00:27.000Z
2026-10-01T01:01:07.542450+00:00,6,Disney Magic Kingdom,146,Meet Mickey at Town Square Theater,True,25,2026-10-01T01:00:27.000Z
2026-10-01T01:01:07.542450+00:00,6,Disney Magic Kingdom,1189,"Walt Disney World Railroad - Main Street, U.S.A.",False,0,2026-10-01T01:00:27.000Z
2026-10-01T01:01:07.542450+00:00,6,Disney Magic Kingdom,248,Astro Orbiter,True,15,2026-10-01T01:00:27.000Z
2026-10-01T01:01:07.542450+00:00,6,Disney Magic Kingdom,131,Buzz Lightyear’s Space Ranger Spin,True,25,2026-10-01T01:00:27.000Z
2026-10-01T01:01:07.542450+00:00,6,Disney Magic Kingdom,125,"Monsters, Inc. Laugh Floor",True,10,2026-10-01T01:00:27.000Z
2026-10-01T01:01:07.542450+00:00,6,Disney Magic Kingdom,138,Space Mountain,True,15,2026-10-01T01:00:27.000Z
2026-10-01T01:01:07.542450+00:00,6,Disney Magic Kingdom,143,Tomorrowland Speedway,True,5,2026-10-01T01:00:27.000Z
2026-10-01T01:01:07.542450+00:00,6,Disney Magic Kingdom,1190,Tomorrowland Transit Authority PeopleMover,True,5,2026-10-01T01:00:27.000Z
2026-10-01T01:01:07.542450+00:00,6,Disney Magic Kingdom,11527,TRON Lightcycle / Run,True,60,2026-10-01T01:00:27.000Z
2026-10-01T01:01:07.542450+00:00,6,Disney Magic Kingdom,457,Walt Disney's Carousel of Progress,False,0,2026-10-01T01:00:27.000Z
2026-10-01T01:01:07.542450+00:00,6,Disney Magic Kingdom,17526,Meet Festive Disney Pals at Mickey’s Not-So-Scary Halloween Party,False,0,2026-10-01T01:00:27.000Z
2026-10-01T01:01:07.542450+00:00,6,Disney Magic Kingdom,14928,Meet Jack Skellington and Sally at Mickey's Not-So-Scary Halloween Party,False,0,2026-10-01T01:00:27.000Z
2026-10-01T01:01:07.542450+00:00,6,Disney Magic Kingdom,14927,Meet Mickey Mouse and Minnie Mouse at Mickey's Not-So-Scary Halloween Party,False,0,2026-10-01T01:00:27.000Z
2026-10-01T01:01:07.542450+00:00,6,Disney Magic Kingdom,2297,Trick-or-Treat Locations at Mickey's Not-So-Scary Halloween Party,True,0,2026-10-01T01:00:27.000Z
2026-10-01T01:01:07.668562+00:00,5,Epcot,2495,Disney and Pixar Short Film Festival,True,0,2026-10-01T01:00:25.000Z
2026-10-01T01:01:07.668562+00:00,5,Epcot,155,Journey Into Imagination With Figment,True,5,2026-10-01T01:00:25.000Z
2026-10-01T01:01:07.668562+00:00,5,Epcot,13627,Meet Beloved Disney Pals at Mickey & Friends,True,15,2026-10-01T01:00:25.000Z
2026-10-01T01:01:07.668562+00:00,5,Epcot,159,Spaceship Earth,True,5,2026-10-01T01:00:25.000Z
2026-10-01T01:01:07.668562+00:00,5,Epcot,10093,Guardians of the Galaxy: Cosmic Rewind,True,55,2026-10-01T01:00:25.000Z
2026-10-01T01:01:07.668562+00:00,5,Epcot,158,Mission: SPACE,True,15,2026-10-01T01:00:25.000Z
2026-10-01T01:01:07.668562+00:00,5,Epcot,160,Test Track,True,25,2026-10-01T01:00:25.000Z
2026-10-01T01:01:07.668562+00:00,5,Epcot,10900,Test Track Presented by Chevrolet Single Rider,True,0,2026-10-01T01:00:25.000Z
2026-10-01T01:01:07.668562+00:00,5,Epcot,7323,Awesome Planet,True,0,2026-10-01T01:00:25.000Z
2026-10-01T01:01:07.668562+00:00,5,Epcot,12387,"Journey of Water, Inspired by Moana",True,0,2026-10-01T01:00:25.000Z
2026-10-01T01:01:07.668562+00:00,5,Epcot,156,Living with the Land,True,5,2026-10-01T01:00:25.000Z
2026-10-01T01:01:07.668562+00:00,5,Epcot,13782,SeaBase Aquarium,True,0,2026-10-01T01:00:25.000Z
2026-10-01T01:01:07.668562+00:00,5,Epcot,16467,Soarin' Across America,True,5,2026-10-01T01:00:25.000Z
2026-10-01T01:01:07.668562+00:00,5,Epcot,153,The Seas with Nemo & Friends,True,5,2026-10-01T01:00:25.000Z
2026-10-01T01:01:07.668562+00:00,5,Epcot,152,Turtle Talk With Crush,False,0,2026-10-01T01:00:25.000Z
2026-10-01T01:01:07.668562+00:00,5,Epcot,829,Canada Far and Wide in Circle-Vision 360,True,15,2026-10-01T01:00:25.000Z
2026-10-01T01:01:07.668562+00:00,5,Epcot,2679,Frozen Ever After,True,20,2026-10-01T01:00:25.000Z
2026-10-01T01:01:07.668562+00:00,5,Epcot,466,Gran Fiesta Tour Starring The Three Caballeros,True,5,2026-10-01T01:00:25.000Z
2026-10-01T01:01:07.668562+00:00,5,Epcot,6701,Meet Anna and Elsa at Royal Sommerhus,False,0,2026-10-01T01:00:25.000Z
2026-10-01T01:01:07.668562+00:00,5,Epcot,8956,Remy's Ratatouille Adventure,True,10,2026-10-01T01:00:25.000Z
2026-10-01T01:01:07.668562+00:00,5,Epcot,10915,Remy's Ratatouille Adventure Single Rider,True,0,2026-10-01T01:00:25.000Z
2026-10-01T08:10:51.134570+00:00,8,Animal Kingdom,657,Festival of the Lion King,True,0,2026-10-01T08:05:33.000Z
2026-10-01T08:10:51.134570+00:00,8,Animal Kingdom,651,Gorilla Falls Exploration Trail,False,0,2026-10-01T08:05:33.000Z
2026-10-01T08:10:51.134570+00:00,8,Animal Kingdom,113,Kilimanjaro Safaris,False,0,2026-10-01T08:05:33.000Z
2026-10-01T08:10:51.134570+00:00,8,Animal Kingdom,655,Wildlife Express Train,False,0,2026-10-01T08:05:33.000Z
2026-10-01T08:10:51.134570+00:00,8,Animal Kingdom,110,Expedition Everest - Legend of the Forbidden Mountain,False,0,2026-10-01T08:05:33.000Z
2026-10-01T08:10:51.134570+00:00,8,Animal Kingdom,14533,Expedition Everest - Legend of the Forbidden Mountain Single Rider,False,0,2026-10-01T08:05:33.000Z
2026-10-01T08:10:51.134570+00:00,8,Animal Kingdom,10921,Feathered Friends in Flight!,True,0,2026-10-01T08:05:33.000Z
2026-10-01T08:10:51.134570+00:00,8,Animal Kingdom,112,Kali River Rapids,False,0,2026-10-01T08:05:33.000Z
2026-10-01T08:10:51.134570+00:00,8,Animal Kingdom,13806,Animal Care at Conservation Station,False,0,2026-10-01T08:05:33.000Z
2026-10-01T08:10:51.134570+00:00,8,Animal Kingdom,17661,Bluey's Wild World at Conservation Station,False,0,2026-10-01T08:05:33.000Z
2026-10-01T08:10:51.134570+00:00,8,Animal Kingdom,10920,Finding Nemo: The Big Blue... and Beyond!,True,0,2026-10-01T08:05:33.000Z
2026-10-01T08:10:51.134570+00:00,8,Animal Kingdom,13811,Discovery Island Trails,False,0,2026-10-01T08:05:33.000Z
2026-10-01T08:10:51.134570+00:00,8,Animal Kingdom,116,Meet Favorite Disney Pals at Adventurers Outpost,False,0,2026-10-01T08:05:33.000Z
2026-10-01T08:10:51.134570+00:00,8,Animal Kingdom,12451,Meet Moana at Character Landing,False,0,2026-10-01T08:05:33.000Z
2026-10-01T08:10:51.134570+00:00,8,Animal Kingdom,13751,Tree of Life,True,0,2026-10-01T08:05:33.000Z
2026-10-01T08:10:51.134570+00:00,8,Animal Kingdom,14943,Zootopia: Better Zoogether!,False,0,2026-10-01T08:05:33.000Z
2026-10-01T08:10:51.134570+00:00,8,Animal Kingdom,4439,Avatar Flight of Passage,False,0,2026-10-01T08:05:33.000Z
2026-10-01T08:10:51.134570+00:00,8,Animal Kingdom,4438,Na'vi River Journey,False,0,2026-10-01T08:05:33.000Z
2026-10-01T08:10:51.134570+00:00,8,Animal Kingdom,13812,The Oasis Exhibits,False,0,2026-10-01T08:05:33.000Z
2026-10-01T08:10:51.134570+00:00,8,Animal Kingdom,13808,Wilderness Explorers,False,0,2026-10-01T08:05:33.000Z
2026-10-01T08:10:51.134570+00:00,8,Animal Kingdom,17808,Jumping Junction,False,0,2026-10-01T08:05:33.000Z
2026-10-01T08:10:51.290340+00:00,7,Disney Hollywood Studios,16641,Disney Jr. Mickey Mouse Clubhouse Live!,True,0,2026-10-01T08:05:29.000Z
2026-10-01T08:10:51.290340+00:00,7,Disney Hollywood Studios,12430,Meet Ariel at Walt Disney Presents,False,0,2026-10-01T08:05:29.000Z
2026-10-01T08:10:51.290340+00:00,7,Disney Hollywood Studios,14859,The Little Mermaid – A Musical Adventure,True,0,2026-10-01T08:05:29.000Z
2026-10-01T08:10:51.290340+00:00,7,Disney Hollywood Studios,5145,Walt Disney Presents,False,0,2026-10-01T08:05:29.000Z
2026-10-01T08:10:51.290340+00:00,7,Disney Hollywood Studios,6704,Meet Disney Stars at Red Carpet Dreams,False,0,2026-10-01T08:05:29.000Z
2026-10-01T08:10:51.290340+00:00,7,Disney Hollywood Studios,1174,For the First Time in Forever: A Frozen Sing-Along Celebration,True,0,2026-10-01T08:05:29.000Z
2026-10-01T08:10:51.290340+00:00,7,Disney Hollywood Studios,6702,Indiana Jones™ Epic Stunt Spectacular!,True,0,2026-10-01T08:05:29.000Z
2026-10-01T08:10:51.290340+00:00,7,Disney Hollywood Studios,6703,Meet Olaf at Celebrity Spotlight,False,0,2026-10-01T08:05:29.000Z
2026-10-01T08:10:51.290340+00:00,7,Disney Hollywood Studios,120,Star Tours – The Adventures Continue,False,0,2026-10-01T08:05:29.000Z
2026-10-01T08:10:51.290340+00:00,7,Disney Hollywood Studios,7333,Vacation Fun - An Original Animated Short with Mickey & Minnie,False,0,2026-10-01T08:05:29.000Z
2026-10-01T08:10:51.290340+00:00,7,Disney Hollywood Studios,6361,Mickey & Minnie's Runaway Railway,False,0,2026-10-01T08:05:29.000Z
2026-10-01T08:10:51.290340+00:00,7,Disney Hollywood Studios,12425,Meet Edna Mode at the Edna Mode Experience,False,0,2026-10-01T08:05:29.000Z
2026-10-01T08:10:51.290340+00:00,7,Disney Hollywood Studios,117,Toy Story Mania!,False,0,2026-10-01T08:05:29.000Z
2026-10-01T08:10:51.290340+00:00,7,Disney Hollywood Studios,6368,Millennium Falcon: Smugglers Run,False,0,2026-10-01T08:05:29.000Z
2026-10-01T08:10:51.290340+00:00,7,Disney Hollywood Studios,10902,Millennium Falcon: Smugglers Run Single Rider,False,0,2026-10-01T08:05:29.000Z
2026-10-01T08:10:51.290340+00:00,7,Disney Hollywood Studios,6369,Star Wars: Rise of the Resistance,False,0,2026-10-01T08:05:29.000Z
2026-10-01T08:10:51.290340+00:00,7,Disney Hollywood Studios,14531,Star Wars: Rise of the Resistance Single Rider,False,0,2026-10-01T08:05:29.000Z
2026-10-01T08:10:51.290340+00:00,7,Disney Hollywood Studios,1176,Beauty and the Beast – Live on Stage,True,0,2026-10-01T08:05:29.000Z
2026-10-01T08:10:51.290340+00:00,7,Disney Hollywood Studios,16343,Rock 'n' Roller Coaster Starring Aerosmith Single Rider,False,0,2026-10-01T08:05:29.000Z
2026-10-01T08:10:51.290340+00:00,7,Disney Hollywood Studios,16342,Rock ’n’ Roller Coaster Starring The Muppets,False,0,2026-10-01T08:05:29.000Z
2026-10-01T08:10:51.290340+00:00,7,Disney Hollywood Studios,123,The Twilight Zone™ Tower of Terror,False,0,2026-10-01T08:05:29.000Z
2026-10-01T08:10:51.290340+00:00,7,Disney Hollywood Studios,5477,Alien Swirling Saucers,False,0,2026-10-01T08:05:29.000Z
2026-10-01T08:10:51.290340+00:00,7,Disney Hollywood Studios,5476,Slinky Dog Dash,False,0,2026-10-01T08:05:29.000Z
2026-10-01T08:10:51.439449+00:00,6,Disney Magic Kingdom,1184,A Pirate's Adventure ~ Treasures of the Seven Seas,False,0,2026-10-01T08:05:27.000Z
2026-10-01T08:10:51.439449+00:00,6,Disney Magic Kingdom,134,Jungle Cruise,False,0,2026-10-01T08:05:27.000Z
2026-10-01T08:10:51.439449+00:00,6,Disney Magic Kingdom,137,Pirates of the Caribbean,False,0,2026-10-01T08:05:27.000Z
2026-10-01T08:10:51.439449+00:00,6,Disney Magic Kingdom,355,Swiss Family Treehouse,False,0,2026-10-01T08:05:27.000Z
2026-10-01T08:10:51.439449+00:00,6,Disney Magic Kingdom,141,The Magic Carpets of Aladdin,False,0,2026-10-01T08:05:27.000Z
2026-10-01T08:10:51.439449+00:00,6,Disney Magic Kingdom,334,Walt Disney's Enchanted Tiki Room,False,0,2026-10-01T08:05:27.000Z
2026-10-01T08:10:51.439449+00:00,6,Disney Magic Kingdom,133,"""it's a small world""",False,0,2026-10-01T08:05:27.000Z
2026-10-01T08:10:51.439449+00:00,6,Disney Magic Kingdom,13764,Casey Jr. Splash 'N' Soak Station,False,0,2026-10-01T08:05:27.000Z
2026-10-01T08:10:51.439449+00:00,6,Disney Magic Kingdom,13763,Cinderella Castle,False,0,2026-10-01T08:05:27.000Z
2026-10-01T08:10:51.439449+00:00,6,Disney Magic Kingdom,132,Dumbo the Flying Elephant,False,0,2026-10-01T08:05:27.000Z
2026-10-01T08:10:51.439449+00:00,6,Disney Magic Kingdom,128,Enchanted Tales with Belle,False,0,2026-10-01T08:05:27.000Z
2026-10-01T08:10:51.439449+00:00,6,Disney Magic Kingdom,135,Mad Tea Party,False,0,2026-10-01T08:05:27.000Z
2026-10-01T08:10:51.439449+00:00,6,Disney Magic Kingdom,147,Meet Ariel at Her Grotto,False,0,2026-10-01T08:05:27.000Z
2026-10-01T08:10:51.439449+00:00,6,Disney Magic Kingdom,6700,Meet Cinderella and a Visiting Princess at Princess Fairytale Hall,False,0,2026-10-01T08:05:27.000Z
2026-10-01T08:10:51.439449+00:00,6,Disney Magic Kingdom,144,Meet Daring Disney Pals as Circus Stars at Pete's Silly Sideshow,False,0,2026-10-01T08:05:27.000Z
2026-10-01T08:10:51.439449+00:00,6,Disney Magic Kingdom,145,Meet Dashing Disney Pals as Circus Stars at Pete's Silly Sideshow,False,0,2026-10-01T08:05:27.000Z
2026-10-01T08:10:51.439449+00:00,6,Disney Magic Kingdom,6699,Meet Princess Tiana and a Visiting Princess at Princess Fairytale Hall,False,0,2026-10-01T08:05:27.000Z
2026-10-01T08:10:51.439449+00:00,6,Disney Magic Kingdom,171,Mickey's PhilharMagic,False,0,2026-10-01T08:05:27.000Z
2026-10-01T08:10:51.439449+00:00,6,Disney Magic Kingdom,136,Peter Pan's Flight,False,0,2026-10-01T08:05:27.000Z
2026-10-01T08:10:51.439449+00:00,6,Disney Magic Kingdom,161,Prince Charming Regal Carrousel,False,0,2026-10-01T08:05:27.000Z
2026-10-01T08:10:51.439449+00:00,6,Disney Magic Kingdom,129,Seven Dwarfs Mine Train,False,0,2026-10-01T08:05:27.000Z
2026-10-01T08:10:51.439449+00:00,6,Disney Magic Kingdom,126,The Barnstormer,False,0,2026-10-01T08:05:27.000Z
2026-10-01T08:10:51.439449+00:00,6,Disney Magic Kingdom,142,The Many Adventures of Winnie the Pooh,False,0,2026-10-01T08:05:27.000Z
2026-10-01T08:10:51.439449+00:00,6,Disney Magic Kingdom,127,Under the Sea - Journey of The Little Mermaid,False,0,2026-10-01T08:05:27.000Z
2026-10-01T08:10:51.439449+00:00,6,Disney Magic Kingdom,1181,Walt Disney World Railroad - Fantasyland,False,0,2026-10-01T08:05:27.000Z
2026-10-01T08:10:51.439449+00:00,6,Disney Magic Kingdom,130,Big Thunder Mountain Railroad,False,0,2026-10-01T08:05:27.000Z
2026-10-01T08:10:51.439449+00:00,6,Disney Magic Kingdom,1214,Country Bear Musical Jamboree,False,0,2026-10-01T08:05:27.000Z
2026-10-01T08:10:51.439449+00:00,6,Disney Magic Kingdom,13630,Tiana's Bayou Adventure,False,0,2026-10-01T08:05:27.000Z
2026-10-01T08:10:51.439449+00:00,6,Disney Magic Kingdom,140,Haunted Mansion,False,0,2026-10-01T08:05:27.000Z
2026-10-01T08:10:51.439449+00:00,6,Disney Magic Kingdom,356,The Hall of Presidents,False,0,2026-10-01T08:05:27.000Z
2026-10-01T08:10:51.439449+00:00,6,Disney Magic Kingdom,1188,Main Street Vehicles,False,0,2026-10-01T08:05:27.000Z
2026-10-01T08:10:51.439449+00:00,6,Disney Magic Kingdom,146,Meet Mickey at Town Square Theater,False,0,2026-10-01T08:05:27.000Z
2026-10-01T08:10:51.439449+00:00,6,Disney Magic Kingdom,1189,"Walt Disney World Railroad - Main Street, U.S.A.",False,0,2026-10-01T08:05:27.000Z
2026-10-01T08:10:51.439449+00:00,6,Disney Magic Kingdom,248,Astro Orbiter,False,0,2026-10-01T08:05:27.000Z
2026-10-01T08:10:51.439449+00:00,6,Disney Magic Kingdom,131,Buzz Lightyear’s Space Ranger Spin,False,0,2026-10-01T08:05:27.000Z
2026-10-01T08:10:51.439449+00:00,6,Disney Magic Kingdom,125,"Monsters, Inc. Laugh Floor",False,0,2026-10-01T08:05:27.000Z
2026-10-01T08:10:51.439449+00:00,6,Disney Magic Kingdom,138,Space Mountain,False,0,2026-10-01T08:05:27.000Z
2026-10-01T08:10:51.439449+00:00,6,Disney Magic Kingdom,143,Tomorrowland Speedway,False,0,2026-10-01T08:05:27.000Z
2026-10-01T08:10:51.439449+00:00,6,Disney Magic Kingdom,1190,Tomorrowland Transit Authority PeopleMover,False,0,2026-10-01T08:05:27.000Z
2026-10-01T08:10:51.439449+00:00,6,Disney Magic Kingdom,11527,TRON Lightcycle / Run,False,0,2026-10-01T08:05:27.000Z
2026-10-01T08:10:51.439449+00:00,6,Disney Magic Kingdom,457,Walt Disney's Carousel of Progress,False,0,2026-10-01T08:05:27.000Z
2026-10-01T08:10:51.439449+00:00,6,Disney Magic Kingdom,17526,Meet Festive Disney Pals at Mickey’s Not-So-Scary Halloween Party,False,0,2026-10-01T08:05:27.000Z
2026-10-01T08:10:51.439449+00:00,6,Disney Magic Kingdom,14928,Meet Jack Skellington and Sally at Mickey's Not-So-Scary Halloween Party,False,0,2026-10-01T08:05:27.000Z
2026-10-01T08:10:51.439449+00:00,6,Disney Magic Kingdom,14927,Meet Mickey Mouse and Minnie Mouse at Mickey's Not-So-Scary Halloween Party,False,0,2026-10-01T08:05:27.000Z
2026-10-01T08:10:51.439449+00:00,6,Disney Magic Kingdom,2297,Trick-or-Treat Locations at Mickey's Not-So-Scary Halloween Party,True,0,2026-10-01T08:05:27.000Z
2026-10-01T08:10:51.603030+00:00,5,Epcot,2495,Disney and Pixar Short Film Festival,False,0,2026-10-01T08:05:25.000Z
2026-10-01T08:10:51.603030+00:00,5,Epcot,155,Journey Into Imagination With Figment,False,0,2026-10-01T08:05:25.000Z
2026-10-01T08:10:51.603030+00:00,5,Epcot,13627,Meet Beloved Disney Pals at Mickey & Friends,False,0,2026-10-01T08:05:25.000Z
2026-10-01T08:10:51.603030+00:00,5,Epcot,159,Spaceship Earth,False,0,2026-10-01T08:05:25.000Z
2026-10-01T08:10:51.603030+00:00,5,Epcot,10093,Guardians of the Galaxy: Cosmic Rewind,False,0,2026-10-01T08:05:25.000Z
2026-10-01T08:10:51.603030+00:00,5,Epcot,158,Mission: SPACE,False,0,2026-10-01T08:05:25.000Z
2026-10-01T08:10:51.603030+00:00,5,Epcot,160,Test Track,False,0,2026-10-01T08:05:25.000Z
2026-10-01T08:10:51.603030+00:00,5,Epcot,10900,Test Track Presented by Chevrolet Single Rider,False,0,2026-10-01T08:05:25.000Z
2026-10-01T08:10:51.603030+00:00,5,Epcot,7323,Awesome Planet,False,0,2026-10-01T08:05:25.000Z
2026-10-01T08:10:51.603030+00:00,5,Epcot,12387,"Journey of Water, Inspired by Moana",False,0,2026-10-01T08:05:25.000Z
2026-10-01T08:10:51.603030+00:00,5,Epcot,156,Living with the Land,False,0,2026-10-01T08:05:25.000Z
2026-10-01T08:10:51.603030+00:00,5,Epcot,13782,SeaBase Aquarium,False,0,2026-10-01T08:05:25.000Z
2026-10-01T08:10:51.603030+00:00,5,Epcot,16467,Soarin' Across America,False,0,2026-10-01T08:05:25.000Z
2026-10-01T08:10:51.603030+00:00,5,Epcot,153,The Seas with Nemo & Friends,False,0,2026-10-01T08:05:25.000Z
2026-10-01T08:10:51.603030+00:00,5,Epcot,152,Turtle Talk With Crush,False,0,2026-10-01T08:05:25.000Z
2026-10-01T08:10:51.603030+00:00,5,Epcot,829,Canada Far and Wide in Circle-Vision 360,False,0,2026-10-01T08:05:25.000Z
2026-10-01T08:10:51.603030+00:00,5,Epcot,2679,Frozen Ever After,False,0,2026-10-01T08:05:25.000Z
2026-10-01T08:10:51.603030+00:00,5,Epcot,466,Gran Fiesta Tour Starring The Three Caballeros,False,0,2026-10-01T08:05:25.000Z
2026-10-01T08:10:51.603030+00:00,5,Epcot,6701,Meet Anna and Elsa at Royal Sommerhus,False,0,2026-10-01T08:05:25.000Z
2026-10-01T08:10:51.603030+00:00,5,Epcot,8956,Remy's Ratatouille Adventure,False,0,2026-10-01T08:05:25.000Z
2026-10-01T08:10:51.603030+00:00,5,Epcot,10915,Remy's Ratatouille Adventure Single Rider,False,0,2026-10-01T08:05:25.000Z
2026-10-01T17:53:04.881202+00:00,8,Animal Kingdom,657,Festival of the Lion King,True,0,2026-10-01T17:50:31.000Z
2026-10-01T17:53:04.881202+00:00,8,Animal Kingdom,651,Gorilla Falls Exploration Trail,True,0,2026-10-01T17:50:31.000Z
2026-10-01T17:53:04.881202+00:00,8,Animal Kingdom,113,Kilimanjaro Safaris,True,5,2026-10-01T17:50:31.000Z
2026-10-01T17:53:04.881202+00:00,8,Animal Kingdom,655,Wildlife Express Train,True,5,2026-10-01T17:50:31.000Z
2026-10-01T17:53:04.881202+00:00,8,Animal Kingdom,110,Expedition Everest - Legend of the Forbidden Mountain,True,10,2026-10-01T17:50:31.000Z
2026-10-01T17:53:04.881202+00:00,8,Animal Kingdom,14533,Expedition Everest - Legend of the Forbidden Mountain Single Rider,True,0,2026-10-01T17:50:31.000Z
2026-10-01T17:53:04.881202+00:00,8,Animal Kingdom,10921,Feathered Friends in Flight!,True,0,2026-10-01T17:50:31.000Z
2026-10-01T17:53:04.881202+00:00,8,Animal Kingdom,112,Kali River Rapids,True,10,2026-10-01T17:50:31.000Z
2026-10-01T17:53:04.881202+00:00,8,Animal Kingdom,13806,Animal Care at Conservation Station,True,0,2026-10-01T17:50:31.000Z
2026-10-01T17:53:04.881202+00:00,8,Animal Kingdom,17661,Bluey's Wild World at Conservation Station,True,30,2026-10-01T17:50:31.000Z
2026-10-01T17:53:04.881202+00:00,8,Animal Kingdom,10920,Finding Nemo: The Big Blue... and Beyond!,True,0,2026-10-01T17:50:31.000Z
2026-10-01T17:53:04.881202+00:00,8,Animal Kingdom,13811,Discovery Island Trails,True,0,2026-10-01T17:50:31.000Z
2026-10-01T17:53:04.881202+00:00,8,Animal Kingdom,116,Meet Favorite Disney Pals at Adventurers Outpost,True,20,2026-10-01T17:50:31.000Z
2026-10-01T17:53:04.881202+00:00,8,Animal Kingdom,12451,Meet Moana at Character Landing,True,0,2026-10-01T17:50:31.000Z
2026-10-01T17:53:04.881202+00:00,8,Animal Kingdom,13751,Tree of Life,True,0,2026-10-01T17:50:31.000Z
2026-10-01T17:53:04.881202+00:00,8,Animal Kingdom,14943,Zootopia: Better Zoogether!,True,10,2026-10-01T17:50:31.000Z
2026-10-01T17:53:04.881202+00:00,8,Animal Kingdom,4439,Avatar Flight of Passage,True,25,2026-10-01T17:50:31.000Z
2026-10-01T17:53:04.881202+00:00,8,Animal Kingdom,4438,Na'vi River Journey,True,40,2026-10-01T17:50:31.000Z
2026-10-01T17:53:04.881202+00:00,8,Animal Kingdom,13812,The Oasis Exhibits,True,0,2026-10-01T17:50:31.000Z
2026-10-01T17:53:04.881202+00:00,8,Animal Kingdom,13808,Wilderness Explorers,True,0,2026-10-01T17:50:31.000Z
2026-10-01T17:53:04.881202+00:00,8,Animal Kingdom,17808,Jumping Junction,True,0,2026-10-01T17:50:31.000Z
2026-10-01T17:53:05.014178+00:00,7,Disney Hollywood Studios,16641,Disney Jr. Mickey Mouse Clubhouse Live!,True,0,2026-10-01T17:50:23.000Z
2026-10-01T17:53:05.014178+00:00,7,Disney Hollywood Studios,12430,Meet Ariel at Walt Disney Presents,True,0,2026-10-01T17:50:23.000Z
2026-10-01T17:53:05.014178+00:00,7,Disney Hollywood Studios,14859,The Little Mermaid – A Musical Adventure,True,0,2026-10-01T17:50:23.000Z
2026-10-01T17:53:05.014178+00:00,7,Disney Hollywood Studios,5145,Walt Disney Presents,True,0,2026-10-01T17:50:23.000Z
2026-10-01T17:53:05.014178+00:00,7,Disney Hollywood Studios,6704,Meet Disney Stars at Red Carpet Dreams,True,25,2026-10-01T17:50:23.000Z
2026-10-01T17:53:05.014178+00:00,7,Disney Hollywood Studios,1174,For the First Time in Forever: A Frozen Sing-Along Celebration,True,0,2026-10-01T17:50:23.000Z
2026-10-01T17:53:05.014178+00:00,7,Disney Hollywood Studios,6702,Indiana Jones™ Epic Stunt Spectacular!,True,0,2026-10-01T17:50:23.000Z
2026-10-01T17:53:05.014178+00:00,7,Disney Hollywood Studios,6703,Meet Olaf at Celebrity Spotlight,True,10,2026-10-01T17:50:23.000Z
2026-10-01T17:53:05.014178+00:00,7,Disney Hollywood Studios,120,Star Tours – The Adventures Continue,True,5,2026-10-01T17:50:23.000Z
2026-10-01T17:53:05.014178+00:00,7,Disney Hollywood Studios,7333,Vacation Fun - An Original Animated Short with Mickey & Minnie,True,10,2026-10-01T17:50:23.000Z
2026-10-01T17:53:05.014178+00:00,7,Disney Hollywood Studios,6361,Mickey & Minnie's Runaway Railway,True,30,2026-10-01T17:50:23.000Z
2026-10-01T17:53:05.014178+00:00,7,Disney Hollywood Studios,12425,Meet Edna Mode at the Edna Mode Experience,True,0,2026-10-01T17:50:23.000Z
2026-10-01T17:53:05.014178+00:00,7,Disney Hollywood Studios,117,Toy Story Mania!,True,35,2026-10-01T17:50:23.000Z
2026-10-01T17:53:05.014178+00:00,7,Disney Hollywood Studios,6368,Millennium Falcon: Smugglers Run,True,20,2026-10-01T17:50:23.000Z
2026-10-01T17:53:05.014178+00:00,7,Disney Hollywood Studios,10902,Millennium Falcon: Smugglers Run Single Rider,True,0,2026-10-01T17:50:23.000Z
2026-10-01T17:53:05.014178+00:00,7,Disney Hollywood Studios,6369,Star Wars: Rise of the Resistance,True,30,2026-10-01T17:50:23.000Z
2026-10-01T17:53:05.014178+00:00,7,Disney Hollywood Studios,14531,Star Wars: Rise of the Resistance Single Rider,True,0,2026-10-01T17:50:23.000Z
2026-10-01T17:53:05.014178+00:00,7,Disney Hollywood Studios,1176,Beauty and the Beast – Live on Stage,True,0,2026-10-01T17:50:23.000Z
2026-10-01T17:53:05.014178+00:00,7,Disney Hollywood Studios,16343,Rock 'n' Roller Coaster Starring Aerosmith Single Rider,True,0,2026-10-01T17:50:23.000Z
2026-10-01T17:53:05.014178+00:00,7,Disney Hollywood Studios,16342,Rock ’n’ Roller Coaster Starring The Muppets,True,40,2026-10-01T17:50:23.000Z
2026-10-01T17:53:05.014178+00:00,7,Disney Hollywood Studios,123,The Twilight Zone™ Tower of Terror,True,35,2026-10-01T17:50:23.000Z
2026-10-01T17:53:05.014178+00:00,7,Disney Hollywood Studios,5477,Alien Swirling Saucers,True,20,2026-10-01T17:50:23.000Z
2026-10-01T17:53:05.014178+00:00,7,Disney Hollywood Studios,5476,Slinky Dog Dash,True,35,2026-10-01T17:50:23.000Z
2026-10-01T17:53:05.132006+00:00,6,Disney Magic Kingdom,1184,A Pirate's Adventure ~ Treasures of the Seven Seas,True,0,2026-10-01T17:50:23.000Z
2026-10-01T17:53:05.132006+00:00,6,Disney Magic Kingdom,134,Jungle Cruise,True,25,2026-10-01T17:50:23.000Z
2026-10-01T17:53:05.132006+00:00,6,Disney Magic Kingdom,137,Pirates of the Caribbean,True,5,2026-10-01T17:50:23.000Z
2026-10-01T17:53:05.132006+00:00,6,Disney Magic Kingdom,355,Swiss Family Treehouse,True,5,2026-10-01T17:50:23.000Z
2026-10-01T17:53:05.132006+00:00,6,Disney Magic Kingdom,141,The Magic Carpets of Aladdin,True,5,2026-10-01T17:50:23.000Z
2026-10-01T17:53:05.132006+00:00,6,Disney Magic Kingdom,334,Walt Disney's Enchanted Tiki Room,True,10,2026-10-01T17:50:23.000Z
2026-10-01T17:53:05.132006+00:00,6,Disney Magic Kingdom,133,"""it's a small world""",True,5,2026-10-01T17:50:23.000Z
2026-10-01T17:53:05.132006+00:00,6,Disney Magic Kingdom,13764,Casey Jr. Splash 'N' Soak Station,True,0,2026-10-01T17:50:23.000Z
2026-10-01T17:53:05.132006+00:00,6,Disney Magic Kingdom,13763,Cinderella Castle,True,0,2026-10-01T17:50:23.000Z
2026-10-01T17:53:05.132006+00:00,6,Disney Magic Kingdom,132,Dumbo the Flying Elephant,True,5,2026-10-01T17:50:23.000Z
2026-10-01T17:53:05.132006+00:00,6,Disney Magic Kingdom,128,Enchanted Tales with Belle,True,10,2026-10-01T17:50:23.000Z
2026-10-01T17:53:05.132006+00:00,6,Disney Magic Kingdom,135,Mad Tea Party,True,10,2026-10-01T17:50:23.000Z
2026-10-01T17:53:05.132006+00:00,6,Disney Magic Kingdom,147,Meet Ariel at Her Grotto,True,15,2026-10-01T17:50:23.000Z
2026-10-01T17:53:05.132006+00:00,6,Disney Magic Kingdom,6700,Meet Cinderella and a Visiting Princess at Princess Fairytale Hall,True,25,2026-10-01T17:50:23.000Z
2026-10-01T17:53:05.132006+00:00,6,Disney Magic Kingdom,144,Meet Daring Disney Pals as Circus Stars at Pete's Silly Sideshow,True,15,2026-10-01T17:50:23.000Z
2026-10-01T17:53:05.132006+00:00,6,Disney Magic Kingdom,145,Meet Dashing Disney Pals as Circus Stars at Pete's Silly Sideshow,True,10,2026-10-01T17:50:23.000Z
2026-10-01T17:53:05.132006+00:00,6,Disney Magic Kingdom,6699,Meet Princess Tiana and a Visiting Princess at Princess Fairytale Hall,True,10,2026-10-01T17:50:23.000Z
2026-10-01T17:53:05.132006+00:00,6,Disney Magic Kingdom,171,Mickey's PhilharMagic,True,10,2026-10-01T17:50:23.000Z
2026-10-01T17:53:05.132006+00:00,6,Disney Magic Kingdom,136,Peter Pan's Flight,True,30,2026-10-01T17:50:23.000Z
2026-10-01T17:53:05.132006+00:00,6,Disney Magic Kingdom,161,Prince Charming Regal Carrousel,True,5,2026-10-01T17:50:23.000Z
2026-10-01T17:53:05.132006+00:00,6,Disney Magic Kingdom,129,Seven Dwarfs Mine Train,True,30,2026-10-01T17:50:23.000Z
2026-10-01T17:53:05.132006+00:00,6,Disney Magic Kingdom,126,The Barnstormer,True,5,2026-10-01T17:50:23.000Z
2026-10-01T17:53:05.132006+00:00,6,Disney Magic Kingdom,142,The Many Adventures of Winnie the Pooh,True,30,2026-10-01T17:50:23.000Z
2026-10-01T17:53:05.132006+00:00,6,Disney Magic Kingdom,127,Under the Sea - Journey of The Little Mermaid,True,5,2026-10-01T17:50:23.000Z
2026-10-01T17:53:05.132006+00:00,6,Disney Magic Kingdom,1181,Walt Disney World Railroad - Fantasyland,False,0,2026-10-01T17:50:23.000Z
2026-10-01T17:53:05.132006+00:00,6,Disney Magic Kingdom,130,Big Thunder Mountain Railroad,True,25,2026-10-01T17:50:23.000Z
2026-10-01T17:53:05.132006+00:00,6,Disney Magic Kingdom,1214,Country Bear Musical Jamboree,True,10,2026-10-01T17:50:23.000Z
2026-10-01T17:53:05.132006+00:00,6,Disney Magic Kingdom,13630,Tiana's Bayou Adventure,True,15,2026-10-01T17:50:23.000Z
2026-10-01T17:53:05.132006+00:00,6,Disney Magic Kingdom,140,Haunted Mansion,True,15,2026-10-01T17:50:23.000Z
2026-10-01T17:53:05.132006+00:00,6,Disney Magic Kingdom,356,The Hall of Presidents,True,15,2026-10-01T17:50:23.000Z
2026-10-01T17:53:05.132006+00:00,6,Disney Magic Kingdom,1188,Main Street Vehicles,True,0,2026-10-01T17:50:23.000Z
2026-10-01T17:53:05.132006+00:00,6,Disney Magic Kingdom,146,Meet Mickey at Town Square Theater,True,10,2026-10-01T17:50:23.000Z
2026-10-01T17:53:05.132006+00:00,6,Disney Magic Kingdom,1189,"Walt Disney World Railroad - Main Street, U.S.A.",False,0,2026-10-01T17:50:23.000Z
2026-10-01T17:53:05.132006+00:00,6,Disney Magic Kingdom,248,Astro Orbiter,True,5,2026-10-01T17:50:23.000Z
2026-10-01T17:53:05.132006+00:00,6,Disney Magic Kingdom,131,Buzz Lightyear’s Space Ranger Spin,True,25,2026-10-01T17:50:23.000Z
2026-10-01T17:53:05.132006+00:00,6,Disney Magic Kingdom,125,"Monsters, Inc. Laugh Floor",True,10,2026-10-01T17:50:23.000Z
2026-10-01T17:53:05.132006+00:00,6,Disney Magic Kingdom,138,Space Mountain,True,5,2026-10-01T17:50:23.000Z
2026-10-01T17:53:05.132006+00:00,6,Disney Magic Kingdom,143,Tomorrowland Speedway,True,5,2026-10-01T17:50:23.000Z
2026-10-01T17:53:05.132006+00:00,6,Disney Magic Kingdom,1190,Tomorrowland Transit Authority PeopleMover,True,5,2026-10-01T17:50:23.000Z
2026-10-01T17:53:05.132006+00:00,6,Disney Magic Kingdom,11527,TRON Lightcycle / Run,True,30,2026-10-01T17:50:23.000Z
2026-10-01T17:53:05.132006+00:00,6,Disney Magic Kingdom,457,Walt Disney's Carousel of Progress,False,0,2026-10-01T17:50:23.000Z
2026-10-01T17:53:05.132006+00:00,6,Disney Magic Kingdom,17526,Meet Festive Disney Pals at Mickey’s Not-So-Scary Halloween Party,False,0,2026-10-01T17:50:23.000Z
2026-10-01T17:53:05.132006+00:00,6,Disney Magic Kingdom,14928,Meet Jack Skellington and Sally at Mickey's Not-So-Scary Halloween Party,False,0,2026-10-01T17:50:23.000Z
2026-10-01T17:53:05.132006+00:00,6,Disney Magic Kingdom,14927,Meet Mickey Mouse and Minnie Mouse at Mickey's Not-So-Scary Halloween Party,False,0,2026-10-01T17:50:23.000Z
2026-10-01T17:53:05.132006+00:00,6,Disney Magic Kingdom,2297,Trick-or-Treat Locations at Mickey's Not-So-Scary Halloween Party,True,0,2026-10-01T17:50:23.000Z
2026-10-01T17:53:05.273589+00:00,5,Epcot,2495,Disney and Pixar Short Film Festival,True,0,2026-10-01T17:50:14.000Z
2026-10-01T17:53:05.273589+00:00,5,Epcot,155,Journey Into Imagination With Figment,True,10,2026-10-01T17:50:14.000Z
2026-10-01T17:53:05.273589+00:00,5,Epcot,13627,Meet Beloved Disney Pals at Mickey & Friends,True,10,2026-10-01T17:50:14.000Z
2026-10-01T17:53:05.273589+00:00,5,Epcot,159,Spaceship Earth,True,15,2026-10-01T17:50:14.000Z
2026-10-01T17:53:05.273589+00:00,5,Epcot,10093,Guardians of the Galaxy: Cosmic Rewind,True,80,2026-10-01T17:50:14.000Z
2026-10-01T17:53:05.273589+00:00,5,Epcot,158,Mission: SPACE,True,15,2026-10-01T17:50:14.000Z
2026-10-01T17:53:05.273589+00:00,5,Epcot,160,Test Track,True,50,2026-10-01T17:50:14.000Z
2026-10-01T17:53:05.273589+00:00,5,Epcot,10900,Test Track Presented by Chevrolet Single Rider,True,0,2026-10-01T17:50:14.000Z
2026-10-01T17:53:05.273589+00:00,5,Epcot,7323,Awesome Planet,True,0,2026-10-01T17:50:14.000Z
2026-10-01T17:53:05.273589+00:00,5,Epcot,12387,"Journey of Water, Inspired by Moana",True,0,2026-10-01T17:50:14.000Z
2026-10-01T17:53:05.273589+00:00,5,Epcot,156,Living with the Land,True,30,2026-10-01T17:50:14.000Z
2026-10-01T17:53:05.273589+00:00,5,Epcot,13782,SeaBase Aquarium,True,0,2026-10-01T17:50:14.000Z
2026-10-01T17:53:05.273589+00:00,5,Epcot,16467,Soarin' Across America,True,20,2026-10-01T17:50:14.000Z
2026-10-01T17:53:05.273589+00:00,5,Epcot,153,The Seas with Nemo & Friends,True,10,2026-10-01T17:50:14.000Z
2026-10-01T17:53:05.273589+00:00,5,Epcot,152,Turtle Talk With Crush,True,15,2026-10-01T17:50:14.000Z
2026-10-01T17:53:05.273589+00:00,5,Epcot,829,Canada Far and Wide in Circle-Vision 360,True,0,2026-10-01T17:50:14.000Z
2026-10-01T17:53:05.273589+00:00,5,Epcot,2679,Frozen Ever After,True,70,2026-10-01T17:50:14.000Z
2026-10-01T17:53:05.273589+00:00,5,Epcot,466,Gran Fiesta Tour Starring The Three Caballeros,True,10,2026-10-01T17:50:14.000Z
2026-10-01T17:53:05.273589+00:00,5,Epcot,6701,Meet Anna and Elsa at Royal Sommerhus,True,45,2026-10-01T17:50:14.000Z
2026-10-01T17:53:05.273589+00:00,5,Epcot,8956,Remy's Ratatouille Adventure,True,30,2026-10-01T17:50:14.000Z
2026-10-01T17:53:05.273589+00:00,5,Epcot,10915,Remy's Ratatouille Adventure Single Rider,True,0,2026-10-01T17:50:14.000Z
2026-10-01T22:14:46.238821+00:00,8,Animal Kingdom,657,Festival of the Lion King,True,0,2026-10-01T22:10:36.000Z
2026-10-01T22:14:46.238821+00:00,8,Animal Kingdom,651,Gorilla Falls Exploration Trail,False,0,2026-10-01T22:10:36.000Z
2026-10-01T22:14:46.238821+00:00,8,Animal Kingdom,113,Kilimanjaro Safaris,False,0,2026-10-01T22:10:36.000Z
2026-10-01T22:14:46.238821+00:00,8,Animal Kingdom,655,Wildlife Express Train,False,0,2026-10-01T22:10:36.000Z
2026-10-01T22:14:46.238821+00:00,8,Animal Kingdom,110,Expedition Everest - Legend of the Forbidden Mountain,False,0,2026-10-01T22:10:36.000Z
2026-10-01T22:14:46.238821+00:00,8,Animal Kingdom,14533,Expedition Everest - Legend of the Forbidden Mountain Single Rider,False,0,2026-10-01T22:10:36.000Z
2026-10-01T22:14:46.238821+00:00,8,Animal Kingdom,10921,Feathered Friends in Flight!,True,0,2026-10-01T22:10:36.000Z
2026-10-01T22:14:46.238821+00:00,8,Animal Kingdom,112,Kali River Rapids,False,0,2026-10-01T22:10:36.000Z
2026-10-01T22:14:46.238821+00:00,8,Animal Kingdom,13806,Animal Care at Conservation Station,False,0,2026-10-01T22:10:36.000Z
2026-10-01T22:14:46.238821+00:00,8,Animal Kingdom,17661,Bluey's Wild World at Conservation Station,False,0,2026-10-01T22:10:36.000Z
2026-10-01T22:14:46.238821+00:00,8,Animal Kingdom,10920,Finding Nemo: The Big Blue... and Beyond!,True,0,2026-10-01T22:10:36.000Z
2026-10-01T22:14:46.238821+00:00,8,Animal Kingdom,13811,Discovery Island Trails,False,0,2026-10-01T22:10:36.000Z
2026-10-01T22:14:46.238821+00:00,8,Animal Kingdom,116,Meet Favorite Disney Pals at Adventurers Outpost,False,0,2026-10-01T22:10:36.000Z
2026-10-01T22:14:46.238821+00:00,8,Animal Kingdom,12451,Meet Moana at Character Landing,False,0,2026-10-01T22:10:36.000Z
2026-10-01T22:14:46.238821+00:00,8,Animal Kingdom,13751,Tree of Life,True,0,2026-10-01T22:10:36.000Z
2026-10-01T22:14:46.238821+00:00,8,Animal Kingdom,14943,Zootopia: Better Zoogether!,False,0,2026-10-01T22:10:36.000Z
2026-10-01T22:14:46.238821+00:00,8,Animal Kingdom,4439,Avatar Flight of Passage,False,0,2026-10-01T22:10:36.000Z
2026-10-01T22:14:46.238821+00:00,8,Animal Kingdom,4438,Na'vi River Journey,False,0,2026-10-01T22:10:36.000Z
2026-10-01T22:14:46.238821+00:00,8,Animal Kingdom,13812,The Oasis Exhibits,False,0,2026-10-01T22:10:36.000Z
2026-10-01T22:14:46.238821+00:00,8,Animal Kingdom,13808,Wilderness Explorers,False,0,2026-10-01T22:10:36.000Z
2026-10-01T22:14:46.238821+00:00,8,Animal Kingdom,17808,Jumping Junction,False,0,2026-10-01T22:10:36.000Z
2026-10-01T22:14:46.343383+00:00,7,Disney Hollywood Studios,16641,Disney Jr. Mickey Mouse Clubhouse Live!,True,0,2026-10-01T22:10:35.000Z
2026-10-01T22:14:46.343383+00:00,7,Disney Hollywood Studios,12430,Meet Ariel at Walt Disney Presents,False,0,2026-10-01T22:10:35.000Z
2026-10-01T22:14:46.343383+00:00,7,Disney Hollywood Studios,14859,The Little Mermaid – A Musical Adventure,True,0,2026-10-01T22:10:35.000Z
2026-10-01T22:14:46.343383+00:00,7,Disney Hollywood Studios,5145,Walt Disney Presents,True,0,2026-10-01T22:10:35.000Z
2026-10-01T22:14:46.343383+00:00,7,Disney Hollywood Studios,6704,Meet Disney Stars at Red Carpet Dreams,True,30,2026-10-01T22:10:35.000Z
2026-10-01T22:14:46.343383+00:00,7,Disney Hollywood Studios,1174,For the First Time in Forever: A Frozen Sing-Along Celebration,True,0,2026-10-01T22:10:35.000Z
2026-10-01T22:14:46.343383+00:00,7,Disney Hollywood Studios,6702,Indiana Jones™ Epic Stunt Spectacular!,True,0,2026-10-01T22:10:35.000Z
2026-10-01T22:14:46.343383+00:00,7,Disney Hollywood Studios,6703,Meet Olaf at Celebrity Spotlight,False,0,2026-10-01T22:10:35.000Z
2026-10-01T22:14:46.343383+00:00,7,Disney Hollywood Studios,120,Star Tours – The Adventures Continue,True,5,2026-10-01T22:10:35.000Z
2026-10-01T22:14:46.343383+00:00,7,Disney Hollywood Studios,7333,Vacation Fun - An Original Animated Short with Mickey & Minnie,True,10,2026-10-01T22:10:35.000Z
2026-10-01T22:14:46.343383+00:00,7,Disney Hollywood Studios,6361,Mickey & Minnie's Runaway Railway,True,35,2026-10-01T22:10:35.000Z
2026-10-01T22:14:46.343383+00:00,7,Disney Hollywood Studios,12425,Meet Edna Mode at the Edna Mode Experience,False,0,2026-10-01T22:10:35.000Z
2026-10-01T22:14:46.343383+00:00,7,Disney Hollywood Studios,117,Toy Story Mania!,True,30,2026-10-01T22:10:35.000Z
2026-10-01T22:14:46.343383+00:00,7,Disney Hollywood Studios,6368,Millennium Falcon: Smugglers Run,True,10,2026-10-01T22:10:35.000Z
2026-10-01T22:14:46.343383+00:00,7,Disney Hollywood Studios,10902,Millennium Falcon: Smugglers Run Single Rider,True,0,2026-10-01T22:10:35.000Z
2026-10-01T22:14:46.343383+00:00,7,Disney Hollywood Studios,6369,Star Wars: Rise of the Resistance,True,15,2026-10-01T22:10:35.000Z
2026-10-01T22:14:46.343383+00:00,7,Disney Hollywood Studios,14531,Star Wars: Rise of the Resistance Single Rider,True,0,2026-10-01T22:10:35.000Z
2026-10-01T22:14:46.343383+00:00,7,Disney Hollywood Studios,1176,Beauty and the Beast – Live on Stage,True,0,2026-10-01T22:10:35.000Z
2026-10-01T22:14:46.343383+00:00,7,Disney Hollywood Studios,16343,Rock 'n' Roller Coaster Starring Aerosmith Single Rider,True,0,2026-10-01T22:10:35.000Z
2026-10-01T22:14:46.343383+00:00,7,Disney Hollywood Studios,16342,Rock ’n’ Roller Coaster Starring The Muppets,True,45,2026-10-01T22:10:35.000Z
2026-10-01T22:14:46.343383+00:00,7,Disney Hollywood Studios,123,The Twilight Zone™ Tower of Terror,True,35,2026-10-01T22:10:35.000Z
2026-10-01T22:14:46.343383+00:00,7,Disney Hollywood Studios,5477,Alien Swirling Saucers,True,15,2026-10-01T22:10:35.000Z
2026-10-01T22:14:46.343383+00:00,7,Disney Hollywood Studios,5476,Slinky Dog Dash,True,45,2026-10-01T22:10:35.000Z
2026-10-01T22:14:46.468284+00:00,6,Disney Magic Kingdom,1184,A Pirate's Adventure ~ Treasures of the Seven Seas,False,0,2026-10-01T22:10:29.000Z
2026-10-01T22:14:46.468284+00:00,6,Disney Magic Kingdom,134,Jungle Cruise,False,0,2026-10-01T22:10:29.000Z
2026-10-01T22:14:46.468284+00:00,6,Disney Magic Kingdom,137,Pirates of the Caribbean,False,0,2026-10-01T22:10:29.000Z
2026-10-01T22:14:46.468284+00:00,6,Disney Magic Kingdom,355,Swiss Family Treehouse,False,0,2026-10-01T22:10:29.000Z
2026-10-01T22:14:46.468284+00:00,6,Disney Magic Kingdom,141,The Magic Carpets of Aladdin,False,0,2026-10-01T22:10:29.000Z
2026-10-01T22:14:46.468284+00:00,6,Disney Magic Kingdom,334,Walt Disney's Enchanted Tiki Room,False,0,2026-10-01T22:10:29.000Z
2026-10-01T22:14:46.468284+00:00,6,Disney Magic Kingdom,133,"""it's a small world""",False,0,2026-10-01T22:10:29.000Z
2026-10-01T22:14:46.468284+00:00,6,Disney Magic Kingdom,13764,Casey Jr. Splash 'N' Soak Station,False,0,2026-10-01T22:10:29.000Z
2026-10-01T22:14:46.468284+00:00,6,Disney Magic Kingdom,13763,Cinderella Castle,False,0,2026-10-01T22:10:29.000Z
2026-10-01T22:14:46.468284+00:00,6,Disney Magic Kingdom,132,Dumbo the Flying Elephant,False,0,2026-10-01T22:10:29.000Z
2026-10-01T22:14:46.468284+00:00,6,Disney Magic Kingdom,128,Enchanted Tales with Belle,False,0,2026-10-01T22:10:29.000Z
2026-10-01T22:14:46.468284+00:00,6,Disney Magic Kingdom,135,Mad Tea Party,False,0,2026-10-01T22:10:29.000Z
2026-10-01T22:14:46.468284+00:00,6,Disney Magic Kingdom,147,Meet Ariel at Her Grotto,False,0,2026-10-01T22:10:29.000Z
2026-10-01T22:14:46.468284+00:00,6,Disney Magic Kingdom,6700,Meet Cinderella and a Visiting Princess at Princess Fairytale Hall,False,0,2026-10-01T22:10:29.000Z
2026-10-01T22:14:46.468284+00:00,6,Disney Magic Kingdom,144,Meet Daring Disney Pals as Circus Stars at Pete's Silly Sideshow,False,0,2026-10-01T22:10:29.000Z
2026-10-01T22:14:46.468284+00:00,6,Disney Magic Kingdom,145,Meet Dashing Disney Pals as Circus Stars at Pete's Silly Sideshow,False,0,2026-10-01T22:10:29.000Z
2026-10-01T22:14:46.468284+00:00,6,Disney Magic Kingdom,6699,Meet Princess Tiana and a Visiting Princess at Princess Fairytale Hall,False,0,2026-10-01T22:10:29.000Z
2026-10-01T22:14:46.468284+00:00,6,Disney Magic Kingdom,171,Mickey's PhilharMagic,False,0,2026-10-01T22:10:29.000Z
2026-10-01T22:14:46.468284+00:00,6,Disney Magic Kingdom,136,Peter Pan's Flight,False,0,2026-10-01T22:10:29.000Z
2026-10-01T22:14:46.468284+00:00,6,Disney Magic Kingdom,161,Prince Charming Regal Carrousel,False,0,2026-10-01T22:10:29.000Z
2026-10-01T22:14:46.468284+00:00,6,Disney Magic Kingdom,129,Seven Dwarfs Mine Train,False,0,2026-10-01T22:10:29.000Z
2026-10-01T22:14:46.468284+00:00,6,Disney Magic Kingdom,126,The Barnstormer,False,0,2026-10-01T22:10:29.000Z
2026-10-01T22:14:46.468284+00:00,6,Disney Magic Kingdom,142,The Many Adventures of Winnie the Pooh,False,0,2026-10-01T22:10:29.000Z
2026-10-01T22:14:46.468284+00:00,6,Disney Magic Kingdom,127,Under the Sea - Journey of The Little Mermaid,False,0,2026-10-01T22:10:29.000Z
2026-10-01T22:14:46.468284+00:00,6,Disney Magic Kingdom,1181,Walt Disney World Railroad - Fantasyland,False,0,2026-10-01T22:10:29.000Z
2026-10-01T22:14:46.468284+00:00,6,Disney Magic Kingdom,130,Big Thunder Mountain Railroad,False,0,2026-10-01T22:10:29.000Z
2026-10-01T22:14:46.468284+00:00,6,Disney Magic Kingdom,1214,Country Bear Musical Jamboree,False,0,2026-10-01T22:10:29.000Z
2026-10-01T22:14:46.468284+00:00,6,Disney Magic Kingdom,13630,Tiana's Bayou Adventure,False,0,2026-10-01T22:10:29.000Z
2026-10-01T22:14:46.468284+00:00,6,Disney Magic Kingdom,140,Haunted Mansion,False,0,2026-10-01T22:10:29.000Z
2026-10-01T22:14:46.468284+00:00,6,Disney Magic Kingdom,356,The Hall of Presidents,False,0,2026-10-01T22:10:29.000Z
2026-10-01T22:14:46.468284+00:00,6,Disney Magic Kingdom,1188,Main Street Vehicles,False,0,2026-10-01T22:10:29.000Z
2026-10-01T22:14:46.468284+00:00,6,Disney Magic Kingdom,146,Meet Mickey at Town Square Theater,False,0,2026-10-01T22:10:29.000Z
2026-10-01T22:14:46.468284+00:00,6,Disney Magic Kingdom,1189,"Walt Disney World Railroad - Main Street, U.S.A.",False,0,2026-10-01T22:10:29.000Z
2026-10-01T22:14:46.468284+00:00,6,Disney Magic Kingdom,248,Astro Orbiter,False,0,2026-10-01T22:10:29.000Z
2026-10-01T22:14:46.468284+00:00,6,Disney Magic Kingdom,131,Buzz Lightyear’s Space Ranger Spin,False,0,2026-10-01T22:10:29.000Z
2026-10-01T22:14:46.468284+00:00,6,Disney Magic Kingdom,125,"Monsters, Inc. Laugh Floor",False,0,2026-10-01T22:10:29.000Z
2026-10-01T22:14:46.468284+00:00,6,Disney Magic Kingdom,138,Space Mountain,False,0,2026-10-01T22:10:29.000Z
2026-10-01T22:14:46.468284+00:00,6,Disney Magic Kingdom,143,Tomorrowland Speedway,False,0,2026-10-01T22:10:29.000Z
2026-10-01T22:14:46.468284+00:00,6,Disney Magic Kingdom,1190,Tomorrowland Transit Authority PeopleMover,False,0,2026-10-01T22:10:29.000Z
2026-10-01T22:14:46.468284+00:00,6,Disney Magic Kingdom,11527,TRON Lightcycle / Run,False,0,2026-10-01T22:10:29.000Z
2026-10-01T22:14:46.468284+00:00,6,Disney Magic Kingdom,457,Walt Disney's Carousel of Progress,False,0,2026-10-01T22:10:29.000Z
2026-10-01T22:14:46.468284+00:00,6,Disney Magic Kingdom,17526,Meet Festive Disney Pals at Mickey’s Not-So-Scary Halloween Party,False,0,2026-10-01T22:10:29.000Z
2026-10-01T22:14:46.468284+00:00,6,Disney Magic Kingdom,14928,Meet Jack Skellington and Sally at Mickey's Not-So-Scary Halloween Party,False,0,2026-10-01T22:10:29.000Z
2026-10-01T22:14:46.468284+00:00,6,Disney Magic Kingdom,14927,Meet Mickey Mouse and Minnie Mouse at Mickey's Not-So-Scary Halloween Party,False,0,2026-10-01T22:10:29.000Z
2026-10-01T22:14:46.468284+00:00,6,Disney Magic Kingdom,2297,Trick-or-Treat Locations at Mickey's Not-So-Scary Halloween Party,True,0,2026-10-01T22:10:29.000Z
2026-10-01T22:14:46.572901+00:00,5,Epcot,2495,Disney and Pixar Short Film Festival,True,0,2026-10-01T22:10:26.000Z
2026-10-01T22:14:46.572901+00:00,5,Epcot,155,Journey Into Imagination With Figment,True,5,2026-10-01T22:10:26.000Z
2026-10-01T22:14:46.572901+00:00,5,Epcot,13627,Meet Beloved Disney Pals at Mickey & Friends,True,30,2026-10-01T22:10:26.000Z
2026-10-01T22:14:46.572901+00:00,5,Epcot,159,Spaceship Earth,True,5,2026-10-01T22:10:26.000Z
2026-10-01T22:14:46.572901+00:00,5,Epcot,10093,Guardians of the Galaxy: Cosmic Rewind,True,55,2026-10-01T22:10:26.000Z
2026-10-01T22:14:46.572901+00:00,5,Epcot,158,Mission: SPACE,True,15,2026-10-01T22:10:26.000Z
2026-10-01T22:14:46.572901+00:00,5,Epcot,160,Test Track,False,0,2026-10-01T22:10:26.000Z
2026-10-01T22:14:46.572901+00:00,5,Epcot,10900,Test Track Presented by Chevrolet Single Rider,False,0,2026-10-01T22:10:26.000Z
2026-10-01T22:14:46.572901+00:00,5,Epcot,7323,Awesome Planet,True,0,2026-10-01T22:10:26.000Z
2026-10-01T22:14:46.572901+00:00,5,Epcot,12387,"Journey of Water, Inspired by Moana",True,0,2026-10-01T22:10:26.000Z
2026-10-01T22:14:46.572901+00:00,5,Epcot,156,Living with the Land,True,5,2026-10-01T22:10:26.000Z
2026-10-01T22:14:46.572901+00:00,5,Epcot,13782,SeaBase Aquarium,True,0,2026-10-01T22:10:26.000Z
2026-10-01T22:14:46.572901+00:00,5,Epcot,16467,Soarin' Across America,True,25,2026-10-01T22:10:26.000Z
2026-10-01T22:14:46.572901+00:00,5,Epcot,153,The Seas with Nemo & Friends,True,5,2026-10-01T22:10:26.000Z
2026-10-01T22:14:46.572901+00:00,5,Epcot,152,Turtle Talk With Crush,True,15,2026-10-01T22:10:26.000Z
2026-10-01T22:14:46.572901+00:00,5,Epcot,829,Canada Far and Wide in Circle-Vision 360,True,0,2026-10-01T22:10:26.000Z
2026-10-01T22:14:46.572901+00:00,5,Epcot,2679,Frozen Ever After,True,60,2026-10-01T22:10:26.000Z
2026-10-01T22:14:46.572901+00:00,5,Epcot,466,Gran Fiesta Tour Starring The Three Caballeros,True,5,2026-10-01T22:10:26.000Z
2026-10-01T22:14:46.572901+00:00,5,Epcot,6701,Meet Anna and Elsa at Royal Sommerhus,True,50,2026-10-01T22:10:26.000Z
2026-10-01T22:14:46.572901+00:00,5,Epcot,8956,Remy's Ratatouille Adventure,True,55,2026-10-01T22:10:26.000Z
2026-10-01T22:14:46.572901+00:00,5,Epcot,10915,Remy's Ratatouille Adventure Single Rider,True,0,2026-10-01T22:10:26.000Z
2026-10-02T03:41:42.371978+00:00,8,Animal Kingdom,657,Festival of the Lion King,True,0,2026-10-02T03:40:26.000Z
2026-10-02T03:41:42.371978+00:00,8,Animal Kingdom,651,Gorilla Falls Exploration Trail,False,0,2026-10-02T03:40:26.000Z
2026-10-02T03:41:42.371978+00:00,8,Animal Kingdom,113,Kilimanjaro Safaris,False,0,2026-10-02T03:40:26.000Z
2026-10-02T03:41:42.371978+00:00,8,Animal Kingdom,655,Wildlife Express Train,False,0,2026-10-02T03:40:26.000Z
2026-10-02T03:41:42.371978+00:00,8,Animal Kingdom,110,Expedition Everest - Legend of the Forbidden Mountain,False,0,2026-10-02T03:40:26.000Z
2026-10-02T03:41:42.371978+00:00,8,Animal Kingdom,14533,Expedition Everest - Legend of the Forbidden Mountain Single Rider,False,0,2026-10-02T03:40:26.000Z
2026-10-02T03:41:42.371978+00:00,8,Animal Kingdom,10921,Feathered Friends in Flight!,True,0,2026-10-02T03:40:26.000Z
2026-10-02T03:41:42.371978+00:00,8,Animal Kingdom,112,Kali River Rapids,False,0,2026-10-02T03:40:26.000Z
2026-10-02T03:41:42.371978+00:00,8,Animal Kingdom,13806,Animal Care at Conservation Station,False,0,2026-10-02T03:40:26.000Z
2026-10-02T03:41:42.371978+00:00,8,Animal Kingdom,17661,Bluey's Wild World at Conservation Station,False,0,2026-10-02T03:40:26.000Z
2026-10-02T03:41:42.371978+00:00,8,Animal Kingdom,10920,Finding Nemo: The Big Blue... and Beyond!,True,0,2026-10-02T03:40:26.000Z
2026-10-02T03:41:42.371978+00:00,8,Animal Kingdom,13811,Discovery Island Trails,False,0,2026-10-02T03:40:26.000Z
2026-10-02T03:41:42.371978+00:00,8,Animal Kingdom,116,Meet Favorite Disney Pals at Adventurers Outpost,False,0,2026-10-02T03:40:26.000Z
2026-10-02T03:41:42.371978+00:00,8,Animal Kingdom,12451,Meet Moana at Character Landing,False,0,2026-10-02T03:40:26.000Z
2026-10-02T03:41:42.371978+00:00,8,Animal Kingdom,13751,Tree of Life,True,0,2026-10-02T03:40:26.000Z
2026-10-02T03:41:42.371978+00:00,8,Animal Kingdom,14943,Zootopia: Better Zoogether!,False,0,2026-10-02T03:40:26.000Z
2026-10-02T03:41:42.371978+00:00,8,Animal Kingdom,4439,Avatar Flight of Passage,False,0,2026-10-02T03:40:26.000Z
2026-10-02T03:41:42.371978+00:00,8,Animal Kingdom,4438,Na'vi River Journey,False,0,2026-10-02T03:40:26.000Z
2026-10-02T03:41:42.371978+00:00,8,Animal Kingdom,13812,The Oasis Exhibits,False,0,2026-10-02T03:40:26.000Z
2026-10-02T03:41:42.371978+00:00,8,Animal Kingdom,13808,Wilderness Explorers,False,0,2026-10-02T03:40:26.000Z
2026-10-02T03:41:42.371978+00:00,8,Animal Kingdom,17808,Jumping Junction,False,0,2026-10-02T03:40:26.000Z
2026-10-02T03:41:42.561976+00:00,7,Disney Hollywood Studios,16641,Disney Jr. Mickey Mouse Clubhouse Live!,True,0,2026-10-02T03:40:19.000Z
2026-10-02T03:41:42.561976+00:00,7,Disney Hollywood Studios,12430,Meet Ariel at Walt Disney Presents,False,0,2026-10-02T03:40:19.000Z
2026-10-02T03:41:42.561976+00:00,7,Disney Hollywood Studios,14859,The Little Mermaid – A Musical Adventure,True,0,2026-10-02T03:40:19.000Z
2026-10-02T03:41:42.561976+00:00,7,Disney Hollywood Studios,5145,Walt Disney Presents,False,0,2026-10-02T03:40:19.000Z
2026-10-02T03:41:42.561976+00:00,7,Disney Hollywood Studios,6704,Meet Disney Stars at Red Carpet Dreams,False,0,2026-10-02T03:40:19.000Z
2026-10-02T03:41:42.561976+00:00,7,Disney Hollywood Studios,1174,For the First Time in Forever: A Frozen Sing-Along Celebration,True,0,2026-10-02T03:40:19.000Z
2026-10-02T03:41:42.561976+00:00,7,Disney Hollywood Studios,6702,Indiana Jones™ Epic Stunt Spectacular!,True,0,2026-10-02T03:40:19.000Z
2026-10-02T03:41:42.561976+00:00,7,Disney Hollywood Studios,6703,Meet Olaf at Celebrity Spotlight,False,0,2026-10-02T03:40:19.000Z
2026-10-02T03:41:42.561976+00:00,7,Disney Hollywood Studios,120,Star Tours – The Adventures Continue,False,0,2026-10-02T03:40:19.000Z
2026-10-02T03:41:42.561976+00:00,7,Disney Hollywood Studios,7333,Vacation Fun - An Original Animated Short with Mickey & Minnie,False,0,2026-10-02T03:40:19.000Z
2026-10-02T03:41:42.561976+00:00,7,Disney Hollywood Studios,6361,Mickey & Minnie's Runaway Railway,False,0,2026-10-02T03:40:19.000Z
2026-10-02T03:41:42.561976+00:00,7,Disney Hollywood Studios,12425,Meet Edna Mode at the Edna Mode Experience,False,0,2026-10-02T03:40:19.000Z
2026-10-02T03:41:42.561976+00:00,7,Disney Hollywood Studios,117,Toy Story Mania!,False,0,2026-10-02T03:40:19.000Z
2026-10-02T03:41:42.561976+00:00,7,Disney Hollywood Studios,6368,Millennium Falcon: Smugglers Run,False,0,2026-10-02T03:40:19.000Z
2026-10-02T03:41:42.561976+00:00,7,Disney Hollywood Studios,10902,Millennium Falcon: Smugglers Run Single Rider,False,0,2026-10-02T03:40:19.000Z
2026-10-02T03:41:42.561976+00:00,7,Disney Hollywood Studios,6369,Star Wars: Rise of the Resistance,False,0,2026-10-02T03:40:19.000Z
2026-10-02T03:41:42.561976+00:00,7,Disney Hollywood Studios,14531,Star Wars: Rise of the Resistance Single Rider,False,0,2026-10-02T03:40:19.000Z
2026-10-02T03:41:42.561976+00:00,7,Disney Hollywood Studios,1176,Beauty and the Beast – Live on Stage,True,0,2026-10-02T03:40:19.000Z
2026-10-02T03:41:42.561976+00:00,7,Disney Hollywood Studios,16343,Rock 'n' Roller Coaster Starring Aerosmith Single Rider,False,0,2026-10-02T03:40:19.000Z
2026-10-02T03:41:42.561976+00:00,7,Disney Hollywood Studios,16342,Rock ’n’ Roller Coaster Starring The Muppets,False,0,2026-10-02T03:40:19.000Z
2026-10-02T03:41:42.561976+00:00,7,Disney Hollywood Studios,123,The Twilight Zone™ Tower of Terror,False,0,2026-10-02T03:40:19.000Z
2026-10-02T03:41:42.561976+00:00,7,Disney Hollywood Studios,5477,Alien Swirling Saucers,False,0,2026-10-02T03:40:19.000Z
2026-10-02T03:41:42.561976+00:00,7,Disney Hollywood Studios,5476,Slinky Dog Dash,False,0,2026-10-02T03:40:19.000Z
2026-10-02T03:41:42.747349+00:00,6,Disney Magic Kingdom,1184,A Pirate's Adventure ~ Treasures of the Seven Seas,False,0,2026-10-02T03:40:14.000Z
2026-10-02T03:41:42.747349+00:00,6,Disney Magic Kingdom,134,Jungle Cruise,True,5,2026-10-02T03:40:14.000Z
2026-10-02T03:41:42.747349+00:00,6,Disney Magic Kingdom,137,Pirates of the Caribbean,True,5,2026-10-02T03:40:14.000Z
2026-10-02T03:41:42.747349+00:00,6,Disney Magic Kingdom,355,Swiss Family Treehouse,True,5,2026-10-02T03:40:14.000Z
2026-10-02T03:41:42.747349+00:00,6,Disney Magic Kingdom,141,The Magic Carpets of Aladdin,True,5,2026-10-02T03:40:14.000Z
2026-10-02T03:41:42.747349+00:00,6,Disney Magic Kingdom,334,Walt Disney's Enchanted Tiki Room,False,0,2026-10-02T03:40:14.000Z
2026-10-02T03:41:42.747349+00:00,6,Disney Magic Kingdom,133,"""it's a small world""",True,5,2026-10-02T03:40:14.000Z
2026-10-02T03:41:42.747349+00:00,6,Disney Magic Kingdom,13764,Casey Jr. Splash 'N' Soak Station,False,0,2026-10-02T03:40:14.000Z
2026-10-02T03:41:42.747349+00:00,6,Disney Magic Kingdom,13763,Cinderella Castle,False,0,2026-10-02T03:40:14.000Z
2026-10-02T03:41:42.747349+00:00,6,Disney Magic Kingdom,132,Dumbo the Flying Elephant,True,5,2026-10-02T03:40:14.000Z
2026-10-02T03:41:42.747349+00:00,6,Disney Magic Kingdom,128,Enchanted Tales with Belle,False,0,2026-10-02T03:40:14.000Z
2026-10-02T03:41:42.747349+00:00,6,Disney Magic Kingdom,135,Mad Tea Party,True,5,2026-10-02T03:40:14.000Z
2026-10-02T03:41:42.747349+00:00,6,Disney Magic Kingdom,147,Meet Ariel at Her Grotto,False,0,2026-10-02T03:40:14.000Z
2026-10-02T03:41:42.747349+00:00,6,Disney Magic Kingdom,6700,Meet Cinderella and a Visiting Princess at Princess Fairytale Hall,False,0,2026-10-02T03:40:14.000Z
2026-10-02T03:41:42.747349+00:00,6,Disney Magic Kingdom,144,Meet Daring Disney Pals as Circus Stars at Pete's Silly Sideshow,False,0,2026-10-02T03:40:14.000Z
2026-10-02T03:41:42.747349+00:00,6,Disney Magic Kingdom,145,Meet Dashing Disney Pals as Circus Stars at Pete's Silly Sideshow,False,0,2026-10-02T03:40:14.000Z
2026-10-02T03:41:42.747349+00:00,6,Disney Magic Kingdom,6699,Meet Princess Tiana and a Visiting Princess at Princess Fairytale Hall,False,0,2026-10-02T03:40:14.000Z
2026-10-02T03:41:42.747349+00:00,6,Disney Magic Kingdom,171,Mickey's PhilharMagic,False,0,2026-10-02T03:40:14.000Z
2026-10-02T03:41:42.747349+00:00,6,Disney Magic Kingdom,136,Peter Pan's Flight,True,5,2026-10-02T03:40:14.000Z
2026-10-02T03:41:42.747349+00:00,6,Disney Magic Kingdom,161,Prince Charming Regal Carrousel,True,5,2026-10-02T03:40:14.000Z
2026-10-02T03:41:42.747349+00:00,6,Disney Magic Kingdom,129,Seven Dwarfs Mine Train,True,7,2026-10-02T03:40:14.000Z
2026-10-02T03:41:42.747349+00:00,6,Disney Magic Kingdom,126,The Barnstormer,True,5,2026-10-02T03:40:14.000Z
2026-10-02T03:41:42.747349+00:00,6,Disney Magic Kingdom,142,The Many Adventures of Winnie the Pooh,True,5,2026-10-02T03:40:14.000Z
2026-10-02T03:41:42.747349+00:00,6,Disney Magic Kingdom,127,Under the Sea - Journey of The Little Mermaid,True,5,2026-10-02T03:40:14.000Z
2026-10-02T03:41:42.747349+00:00,6,Disney Magic Kingdom,1181,Walt Disney World Railroad - Fantasyland,False,0,2026-10-02T03:40:14.000Z
2026-10-02T03:41:42.747349+00:00,6,Disney Magic Kingdom,130,Big Thunder Mountain Railroad,True,5,2026-10-02T03:40:14.000Z
2026-10-02T03:41:42.747349+00:00,6,Disney Magic Kingdom,1214,Country Bear Musical Jamboree,False,0,2026-10-02T03:40:14.000Z
2026-10-02T03:41:42.747349+00:00,6,Disney Magic Kingdom,13630,Tiana's Bayou Adventure,True,5,2026-10-02T03:40:14.000Z
2026-10-02T03:41:42.747349+00:00,6,Disney Magic Kingdom,140,Haunted Mansion,True,13,2026-10-02T03:40:14.000Z
2026-10-02T03:41:42.747349+00:00,6,Disney Magic Kingdom,356,The Hall of Presidents,False,0,2026-10-02T03:40:14.000Z
2026-10-02T03:41:42.747349+00:00,6,Disney Magic Kingdom,1188,Main Street Vehicles,False,0,2026-10-02T03:40:14.000Z
2026-10-02T03:41:42.747349+00:00,6,Disney Magic Kingdom,146,Meet Mickey at Town Square Theater,False,0,2026-10-02T03:40:14.000Z
2026-10-02T03:41:42.747349+00:00,6,Disney Magic Kingdom,1189,"Walt Disney World Railroad - Main Street, U.S.A.",False,0,2026-10-02T03:40:14.000Z
2026-10-02T03:41:42.747349+00:00,6,Disney Magic Kingdom,248,Astro Orbiter,True,10,2026-10-02T03:40:14.000Z
2026-10-02T03:41:42.747349+00:00,6,Disney Magic Kingdom,131,Buzz Lightyear’s Space Ranger Spin,True,10,2026-10-02T03:40:14.000Z
2026-10-02T03:41:42.747349+00:00,6,Disney Magic Kingdom,125,"Monsters, Inc. Laugh Floor",False,0,2026-10-02T03:40:14.000Z
2026-10-02T03:41:42.747349+00:00,6,Disney Magic Kingdom,138,Space Mountain,False,0,2026-10-02T03:40:14.000Z
2026-10-02T03:41:42.747349+00:00,6,Disney Magic Kingdom,143,Tomorrowland Speedway,True,5,2026-10-02T03:40:14.000Z
2026-10-02T03:41:42.747349+00:00,6,Disney Magic Kingdom,1190,Tomorrowland Transit Authority PeopleMover,True,5,2026-10-02T03:40:14.000Z
2026-10-02T03:41:42.747349+00:00,6,Disney Magic Kingdom,11527,TRON Lightcycle / Run,True,15,2026-10-02T03:40:14.000Z
2026-10-02T03:41:42.747349+00:00,6,Disney Magic Kingdom,457,Walt Disney's Carousel of Progress,False,0,2026-10-02T03:40:14.000Z
2026-10-02T03:41:42.747349+00:00,6,Disney Magic Kingdom,17526,Meet Festive Disney Pals at Mickey’s Not-So-Scary Halloween Party,False,0,2026-10-02T03:40:14.000Z
2026-10-02T03:41:42.747349+00:00,6,Disney Magic Kingdom,14928,Meet Jack Skellington and Sally at Mickey's Not-So-Scary Halloween Party,False,0,2026-10-02T03:40:14.000Z
2026-10-02T03:41:42.747349+00:00,6,Disney Magic Kingdom,14927,Meet Mickey Mouse and Minnie Mouse at Mickey's Not-So-Scary Halloween Party,False,0,2026-10-02T03:40:14.000Z
2026-10-02T03:41:42.747349+00:00,6,Disney Magic Kingdom,2297,Trick-or-Treat Locations at Mickey's Not-So-Scary Halloween Party,True,0,2026-10-02T03:40:14.000Z
2026-10-02T03:41:42.927824+00:00,5,Epcot,2495,Disney and Pixar Short Film Festival,False,0,2026-10-02T03:40:12.000Z
2026-10-02T03:41:42.927824+00:00,5,Epcot,155,Journey Into Imagination With Figment,False,0,2026-10-02T03:40:12.000Z
2026-10-02T03:41:42.927824+00:00,5,Epcot,13627,Meet Beloved Disney Pals at Mickey & Friends,False,0,2026-10-02T03:40:12.000Z
2026-10-02T03:41:42.927824+00:00,5,Epcot,159,Spaceship Earth,False,0,2026-10-02T03:40:12.000Z
2026-10-02T03:41:42.927824+00:00,5,Epcot,10093,Guardians of the Galaxy: Cosmic Rewind,False,0,2026-10-02T03:40:12.000Z
2026-10-02T03:41:42.927824+00:00,5,Epcot,158,Mission: SPACE,False,0,2026-10-02T03:40:12.000Z
2026-10-02T03:41:42.927824+00:00,5,Epcot,160,Test Track,False,0,2026-10-02T03:40:12.000Z
2026-10-02T03:41:42.927824+00:00,5,Epcot,10900,Test Track Presented by Chevrolet Single Rider,False,0,2026-10-02T03:40:12.000Z
2026-10-02T03:41:42.927824+00:00,5,Epcot,7323,Awesome Planet,False,0,2026-10-02T03:40:12.000Z
2026-10-02T03:41:42.927824+00:00,5,Epcot,12387,"Journey of Water, Inspired by Moana",False,0,2026-10-02T03:40:12.000Z
2026-10-02T03:41:42.927824+00:00,5,Epcot,156,Living with the Land,False,0,2026-10-02T03:40:12.000Z
2026-10-02T03:41:42.927824+00:00,5,Epcot,13782,SeaBase Aquarium,False,0,2026-10-02T03:40:12.000Z
2026-10-02T03:41:42.927824+00:00,5,Epcot,16467,Soarin' Across America,False,0,2026-10-02T03:40:12.000Z
2026-10-02T03:41:42.927824+00:00,5,Epcot,153,The Seas with Nemo & Friends,False,0,2026-10-02T03:40:12.000Z
2026-10-02T03:41:42.927824+00:00,5,Epcot,152,Turtle Talk With Crush,False,0,2026-10-02T03:40:12.000Z
2026-10-02T03:41:42.927824+00:00,5,Epcot,829,Canada Far and Wide in Circle-Vision 360,False,0,2026-10-02T03:40:12.000Z
2026-10-02T03:41:42.927824+00:00,5,Epcot,2679,Frozen Ever After,False,0,2026-10-02T03:40:12.000Z
2026-10-02T03:41:42.927824+00:00,5,Epcot,466,Gran Fiesta Tour Starring The Three Caballeros,False,0,2026-10-02T03:40:12.000Z
2026-10-02T03:41:42.927824+00:00,5,Epcot,6701,Meet Anna and Elsa at Royal Sommerhus,False,0,2026-10-02T03:40:12.000Z
2026-10-02T03:41:42.927824+00:00,5,Epcot,8956,Remy's Ratatouille Adventure,False,0,2026-10-02T03:40:12.000Z
2026-10-02T03:41:42.927824+00:00,5,Epcot,10915,Remy's Ratatouille Adventure Single Rider,False,0,2026-10-02T03:40:12.000Z
2026-10-02T17:17:36.195452+00:00,8,Animal Kingdom,657,Festival of the Lion King,True,0,2026-10-02T17:15:33.000Z
2026-10-02T17:17:36.195452+00:00,8,Animal Kingdom,651,Gorilla Falls Exploration Trail,True,5,2026-10-02T17:15:33.000Z
2026-10-02T17:17:36.195452+00:00,8,Animal Kingdom,113,Kilimanjaro Safaris,True,25,2026-10-02T17:15:33.000Z
2026-10-02T17:17:36.195452+00:00,8,Animal Kingdom,655,Wildlife Express Train,True,10,2026-10-02T17:15:33.000Z
2026-10-02T17:17:36.195452+00:00,8,Animal Kingdom,110,Expedition Everest - Legend of the Forbidden Mountain,True,45,2026-10-02T17:15:33.000Z
2026-10-02T17:17:36.195452+00:00,8,Animal Kingdom,14533,Expedition Everest - Legend of the Forbidden Mountain Single Rider,True,0,2026-10-02T17:15:33.000Z
2026-10-02T17:17:36.195452+00:00,8,Animal Kingdom,10921,Feathered Friends in Flight!,True,0,2026-10-02T17:15:33.000Z
2026-10-02T17:17:36.195452+00:00,8,Animal Kingdom,112,Kali River Rapids,True,15,2026-10-02T17:15:33.000Z
2026-10-02T17:17:36.195452+00:00,8,Animal Kingdom,13806,Animal Care at Conservation Station,True,0,2026-10-02T17:15:33.000Z
2026-10-02T17:17:36.195452+00:00,8,Animal Kingdom,17661,Bluey's Wild World at Conservation Station,False,0,2026-10-02T17:15:33.000Z
2026-10-02T17:17:36.195452+00:00,8,Animal Kingdom,10920,Finding Nemo: The Big Blue... and Beyond!,True,0,2026-10-02T17:15:33.000Z
2026-10-02T17:17:36.195452+00:00,8,Animal Kingdom,13811,Discovery Island Trails,True,0,2026-10-02T17:15:33.000Z
2026-10-02T17:17:36.195452+00:00,8,Animal Kingdom,116,Meet Favorite Disney Pals at Adventurers Outpost,True,15,2026-10-02T17:15:33.000Z
2026-10-02T17:17:36.195452+00:00,8,Animal Kingdom,12451,Meet Moana at Character Landing,False,0,2026-10-02T17:15:33.000Z
2026-10-02T17:17:36.195452+00:00,8,Animal Kingdom,13751,Tree of Life,True,0,2026-10-02T17:15:33.000Z
2026-10-02T17:17:36.195452+00:00,8,Animal Kingdom,14943,Zootopia: Better Zoogether!,True,10,2026-10-02T17:15:33.000Z
2026-10-02T17:17:36.195452+00:00,8,Animal Kingdom,4439,Avatar Flight of Passage,True,40,2026-10-02T17:15:33.000Z
2026-10-02T17:17:36.195452+00:00,8,Animal Kingdom,4438,Na'vi River Journey,True,45,2026-10-02T17:15:33.000Z
2026-10-02T17:17:36.195452+00:00,8,Animal Kingdom,13812,The Oasis Exhibits,True,0,2026-10-02T17:15:33.000Z
2026-10-02T17:17:36.195452+00:00,8,Animal Kingdom,13808,Wilderness Explorers,True,0,2026-10-02T17:15:33.000Z
2026-10-02T17:17:36.195452+00:00,8,Animal Kingdom,17808,Jumping Junction,True,0,2026-10-02T17:15:33.000Z
2026-10-02T17:17:36.352023+00:00,7,Disney Hollywood Studios,16641,Disney Jr. Mickey Mouse Clubhouse Live!,True,0,2026-10-02T17:15:24.000Z
2026-10-02T17:17:36.352023+00:00,7,Disney Hollywood Studios,12430,Meet Ariel at Walt Disney Presents,True,0,2026-10-02T17:15:24.000Z
2026-10-02T17:17:36.352023+00:00,7,Disney Hollywood Studios,14859,The Little Mermaid – A Musical Adventure,True,0,2026-10-02T17:15:24.000Z
2026-10-02T17:17:36.352023+00:00,7,Disney Hollywood Studios,5145,Walt Disney Presents,True,0,2026-10-02T17:15:24.000Z
2026-10-02T17:17:36.352023+00:00,7,Disney Hollywood Studios,6704,Meet Disney Stars at Red Carpet Dreams,True,35,2026-10-02T17:15:24.000Z
2026-10-02T17:17:36.352023+00:00,7,Disney Hollywood Studios,1174,For the First Time in Forever: A Frozen Sing-Along Celebration,True,0,2026-10-02T17:15:24.000Z
2026-10-02T17:17:36.352023+00:00,7,Disney Hollywood Studios,6702,Indiana Jones™ Epic Stunt Spectacular!,True,0,2026-10-02T17:15:24.000Z
2026-10-02T17:17:36.352023+00:00,7,Disney Hollywood Studios,6703,Meet Olaf at Celebrity Spotlight,True,20,2026-10-02T17:15:24.000Z
2026-10-02T17:17:36.352023+00:00,7,Disney Hollywood Studios,120,Star Tours – The Adventures Continue,True,5,2026-10-02T17:15:24.000Z
2026-10-02T17:17:36.352023+00:00,7,Disney Hollywood Studios,7333,Vacation Fun - An Original Animated Short with Mickey & Minnie,True,10,2026-10-02T17:15:24.000Z
2026-10-02T17:17:36.352023+00:00,7,Disney Hollywood Studios,6361,Mickey & Minnie's Runaway Railway,True,60,2026-10-02T17:15:24.000Z
2026-10-02T17:17:36.352023+00:00,7,Disney Hollywood Studios,12425,Meet Edna Mode at the Edna Mode Experience,True,0,2026-10-02T17:15:24.000Z
2026-10-02T17:17:36.352023+00:00,7,Disney Hollywood Studios,117,Toy Story Mania!,True,40,2026-10-02T17:15:24.000Z
2026-10-02T17:17:36.352023+00:00,7,Disney Hollywood Studios,6368,Millennium Falcon: Smugglers Run,True,20,2026-10-02T17:15:24.000Z
2026-10-02T17:17:36.352023+00:00,7,Disney Hollywood Studios,10902,Millennium Falcon: Smugglers Run Single Rider,True,0,2026-10-02T17:15:24.000Z
2026-10-02T17:17:36.352023+00:00,7,Disney Hollywood Studios,6369,Star Wars: Rise of the Resistance,True,55,2026-10-02T17:15:24.000Z
2026-10-02T17:17:36.352023+00:00,7,Disney Hollywood Studios,14531,Star Wars: Rise of the Resistance Single Rider,True,0,2026-10-02T17:15:24.000Z
2026-10-02T17:17:36.352023+00:00,7,Disney Hollywood Studios,1176,Beauty and the Beast – Live on Stage,True,0,2026-10-02T17:15:24.000Z
2026-10-02T17:17:36.352023+00:00,7,Disney Hollywood Studios,16343,Rock 'n' Roller Coaster Starring Aerosmith Single Rider,True,0,2026-10-02T17:15:24.000Z
2026-10-02T17:17:36.352023+00:00,7,Disney Hollywood Studios,16342,Rock ’n’ Roller Coaster Starring The Muppets,True,45,2026-10-02T17:15:24.000Z
2026-10-02T17:17:36.352023+00:00,7,Disney Hollywood Studios,123,The Twilight Zone™ Tower of Terror,True,40,2026-10-02T17:15:24.000Z
2026-10-02T17:17:36.352023+00:00,7,Disney Hollywood Studios,5477,Alien Swirling Saucers,True,35,2026-10-02T17:15:24.000Z
2026-10-02T17:17:36.352023+00:00,7,Disney Hollywood Studios,5476,Slinky Dog Dash,True,55,2026-10-02T17:15:24.000Z
2026-10-02T17:17:36.518549+00:00,6,Disney Magic Kingdom,1184,A Pirate's Adventure ~ Treasures of the Seven Seas,True,0,2026-10-02T17:15:21.000Z
2026-10-02T17:17:36.518549+00:00,6,Disney Magic Kingdom,134,Jungle Cruise,True,20,2026-10-02T17:15:21.000Z
2026-10-02T17:17:36.518549+00:00,6,Disney Magic Kingdom,137,Pirates of the Caribbean,True,15,2026-10-02T17:15:21.000Z
2026-10-02T17:17:36.518549+00:00,6,Disney Magic Kingdom,355,Swiss Family Treehouse,True,5,2026-10-02T17:15:21.000Z
2026-10-02T17:17:36.518549+00:00,6,Disney Magic Kingdom,141,The Magic Carpets of Aladdin,True,5,2026-10-02T17:15:21.000Z
2026-10-02T17:17:36.518549+00:00,6,Disney Magic Kingdom,334,Walt Disney's Enchanted Tiki Room,True,10,2026-10-02T17:15:21.000Z
2026-10-02T17:17:36.518549+00:00,6,Disney Magic Kingdom,133,"""it's a small world""",True,5,2026-10-02T17:15:21.000Z
2026-10-02T17:17:36.518549+00:00,6,Disney Magic Kingdom,13764,Casey Jr. Splash 'N' Soak Station,True,0,2026-10-02T17:15:21.000Z
2026-10-02T17:17:36.518549+00:00,6,Disney Magic Kingdom,13763,Cinderella Castle,True,0,2026-10-02T17:15:21.000Z
2026-10-02T17:17:36.518549+00:00,6,Disney Magic Kingdom,132,Dumbo the Flying Elephant,True,5,2026-10-02T17:15:21.000Z
2026-10-02T17:17:36.518549+00:00,6,Disney Magic Kingdom,128,Enchanted Tales with Belle,True,10,2026-10-02T17:15:21.000Z
2026-10-02T17:17:36.518549+00:00,6,Disney Magic Kingdom,135,Mad Tea Party,True,5,2026-10-02T17:15:21.000Z
2026-10-02T17:17:36.518549+00:00,6,Disney Magic Kingdom,147,Meet Ariel at Her Grotto,True,20,2026-10-02T17:15:21.000Z
2026-10-02T17:17:36.518549+00:00,6,Disney Magic Kingdom,6700,Meet Cinderella and a Visiting Princess at Princess Fairytale Hall,True,25,2026-10-02T17:15:21.000Z
2026-10-02T17:17:36.518549+00:00,6,Disney Magic Kingdom,144,Meet Daring Disney Pals as Circus Stars at Pete's Silly Sideshow,True,20,2026-10-02T17:15:21.000Z
2026-10-02T17:17:36.518549+00:00,6,Disney Magic Kingdom,145,Meet Dashing Disney Pals as Circus Stars at Pete's Silly Sideshow,True,30,2026-10-02T17:15:21.000Z
2026-10-02T17:17:36.518549+00:00,6,Disney Magic Kingdom,6699,Meet Princess Tiana and a Visiting Princess at Princess Fairytale Hall,True,15,2026-10-02T17:15:21.000Z
2026-10-02T17:17:36.518549+00:00,6,Disney Magic Kingdom,171,Mickey's PhilharMagic,True,10,2026-10-02T17:15:21.000Z
2026-10-02T17:17:36.518549+00:00,6,Disney Magic Kingdom,136,Peter Pan's Flight,True,15,2026-10-02T17:15:21.000Z
2026-10-02T17:17:36.518549+00:00,6,Disney Magic Kingdom,161,Prince Charming Regal Carrousel,True,5,2026-10-02T17:15:21.000Z
2026-10-02T17:17:36.518549+00:00,6,Disney Magic Kingdom,129,Seven Dwarfs Mine Train,True,35,2026-10-02T17:15:21.000Z
2026-10-02T17:17:36.518549+00:00,6,Disney Magic Kingdom,126,The Barnstormer,True,5,2026-10-02T17:15:21.000Z
2026-10-02T17:17:36.518549+00:00,6,Disney Magic Kingdom,142,The Many Adventures of Winnie the Pooh,True,30,2026-10-02T17:15:21.000Z
2026-10-02T17:17:36.518549+00:00,6,Disney Magic Kingdom,127,Under the Sea - Journey of The Little Mermaid,True,5,2026-10-02T17:15:21.000Z
2026-10-02T17:17:36.518549+00:00,6,Disney Magic Kingdom,1181,Walt Disney World Railroad - Fantasyland,False,0,2026-10-02T17:15:21.000Z
2026-10-02T17:17:36.518549+00:00,6,Disney Magic Kingdom,130,Big Thunder Mountain Railroad,True,20,2026-10-02T17:15:21.000Z
2026-10-02T17:17:36.518549+00:00,6,Disney Magic Kingdom,1214,Country Bear Musical Jamboree,True,10,2026-10-02T17:15:21.000Z
2026-10-02T17:17:36.518549+00:00,6,Disney Magic Kingdom,13630,Tiana's Bayou Adventure,True,15,2026-10-02T17:15:21.000Z
2026-10-02T17:17:36.518549+00:00,6,Disney Magic Kingdom,140,Haunted Mansion,True,10,2026-10-02T17:15:21.000Z
2026-10-02T17:17:36.518549+00:00,6,Disney Magic Kingdom,356,The Hall of Presidents,True,15,2026-10-02T17:15:21.000Z
2026-10-02T17:17:36.518549+00:00,6,Disney Magic Kingdom,1188,Main Street Vehicles,True,0,2026-10-02T17:15:21.000Z
2026-10-02T17:17:36.518549+00:00,6,Disney Magic Kingdom,146,Meet Mickey at Town Square Theater,True,15,2026-10-02T17:15:21.000Z
2026-10-02T17:17:36.518549+00:00,6,Disney Magic Kingdom,1189,"Walt Disney World Railroad - Main Street, U.S.A.",False,0,2026-10-02T17:15:21.000Z
2026-10-02T17:17:36.518549+00:00,6,Disney Magic Kingdom,248,Astro Orbiter,True,15,2026-10-02T17:15:21.000Z
2026-10-02T17:17:36.518549+00:00,6,Disney Magic Kingdom,131,Buzz Lightyear’s Space Ranger Spin,True,35,2026-10-02T17:15:21.000Z
2026-10-02T17:17:36.518549+00:00,6,Disney Magic Kingdom,125,"Monsters, Inc. Laugh Floor",True,10,2026-10-02T17:15:21.000Z
2026-10-02T17:17:36.518549+00:00,6,Disney Magic Kingdom,138,Space Mountain,True,5,2026-10-02T17:15:21.000Z
2026-10-02T17:17:36.518549+00:00,6,Disney Magic Kingdom,143,Tomorrowland Speedway,True,5,2026-10-02T17:15:21.000Z
2026-10-02T17:17:36.518549+00:00,6,Disney Magic Kingdom,1190,Tomorrowland Transit Authority PeopleMover,True,5,2026-10-02T17:15:21.000Z
2026-10-02T17:17:36.518549+00:00,6,Disney Magic Kingdom,11527,TRON Lightcycle / Run,True,35,2026-10-02T17:15:21.000Z
2026-10-02T17:17:36.518549+00:00,6,Disney Magic Kingdom,457,Walt Disney's Carousel of Progress,False,0,2026-10-02T17:15:21.000Z
2026-10-02T17:17:36.518549+00:00,6,Disney Magic Kingdom,17526,Meet Festive Disney Pals at Mickey’s Not-So-Scary Halloween Party,False,0,2026-10-02T17:15:21.000Z
2026-10-02T17:17:36.518549+00:00,6,Disney Magic Kingdom,14928,Meet Jack Skellington and Sally at Mickey's Not-So-Scary Halloween Party,False,0,2026-10-02T17:15:21.000Z
2026-10-02T17:17:36.518549+00:00,6,Disney Magic Kingdom,14927,Meet Mickey Mouse and Minnie Mouse at Mickey's Not-So-Scary Halloween Party,False,0,2026-10-02T17:15:21.000Z
2026-10-02T17:17:36.518549+00:00,6,Disney Magic Kingdom,2297,Trick-or-Treat Locations at Mickey's Not-So-Scary Halloween Party,True,0,2026-10-02T17:15:21.000Z
2026-10-02T17:17:36.705068+00:00,5,Epcot,2495,Disney and Pixar Short Film Festival,True,0,2026-10-02T17:15:19.000Z
2026-10-02T17:17:36.705068+00:00,5,Epcot,155,Journey Into Imagination With Figment,True,10,2026-10-02T17:15:19.000Z
2026-10-02T17:17:36.705068+00:00,5,Epcot,13627,Meet Beloved Disney Pals at Mickey & Friends,True,10,2026-10-02T17:15:19.000Z
2026-10-02T17:17:36.705068+00:00,5,Epcot,159,Spaceship Earth,True,10,2026-10-02T17:15:19.000Z
2026-10-02T17:17:36.705068+00:00,5,Epcot,10093,Guardians of the Galaxy: Cosmic Rewind,True,85,2026-10-02T17:15:19.000Z
2026-10-02T17:17:36.705068+00:00,5,Epcot,158,Mission: SPACE,True,15,2026-10-02T17:15:19.000Z
2026-10-02T17:17:36.705068+00:00,5,Epcot,160,Test Track,True,60,2026-10-02T17:15:19.000Z
2026-10-02T17:17:36.705068+00:00,5,Epcot,10900,Test Track Presented by Chevrolet Single Rider,True,0,2026-10-02T17:15:19.000Z
2026-10-02T17:17:36.705068+00:00,5,Epcot,7323,Awesome Planet,True,0,2026-10-02T17:15:19.000Z
2026-10-02T17:17:36.705068+00:00,5,Epcot,12387,"Journey of Water, Inspired by Moana",True,0,2026-10-02T17:15:19.000Z
2026-10-02T17:17:36.705068+00:00,5,Epcot,156,Living with the Land,True,25,2026-10-02T17:15:19.000Z
2026-10-02T17:17:36.705068+00:00,5,Epcot,13782,SeaBase Aquarium,True,0,2026-10-02T17:15:19.000Z
2026-10-02T17:17:36.705068+00:00,5,Epcot,16467,Soarin' Across America,True,15,2026-10-02T17:15:19.000Z
2026-10-02T17:17:36.705068+00:00,5,Epcot,153,The Seas with Nemo & Friends,True,25,2026-10-02T17:15:19.000Z
2026-10-02T17:17:36.705068+00:00,5,Epcot,152,Turtle Talk With Crush,True,15,2026-10-02T17:15:19.000Z
2026-10-02T17:17:36.705068+00:00,5,Epcot,829,Canada Far and Wide in Circle-Vision 360,True,15,2026-10-02T17:15:19.000Z
2026-10-02T17:17:36.705068+00:00,5,Epcot,2679,Frozen Ever After,True,60,2026-10-02T17:15:19.000Z
2026-10-02T17:17:36.705068+00:00,5,Epcot,466,Gran Fiesta Tour Starring The Three Caballeros,True,10,2026-10-02T17:15:19.000Z
2026-10-02T17:17:36.705068+00:00,5,Epcot,6701,Meet Anna and Elsa at Royal Sommerhus,True,25,2026-10-02T17:15:19.000Z
2026-10-02T17:17:36.705068+00:00,5,Epcot,8956,Remy's Ratatouille Adventure,True,50,2026-10-02T17:15:19.000Z
2026-10-02T17:17:36.705068+00:00,5,Epcot,10915,Remy's Ratatouille Adventure Single Rider,True,0,2026-10-02T17:15:19.000Z
2026-10-02T21:43:26.025841+00:00,8,Animal Kingdom,657,Festival of the Lion King,True,0,2026-10-02T21:40:39.000Z
2026-10-02T21:43:26.025841+00:00,8,Animal Kingdom,651,Gorilla Falls Exploration Trail,True,5,2026-10-02T21:40:39.000Z
2026-10-02T21:43:26.025841+00:00,8,Animal Kingdom,113,Kilimanjaro Safaris,True,5,2026-10-02T21:40:39.000Z
2026-10-02T21:43:26.025841+00:00,8,Animal Kingdom,655,Wildlife Express Train,False,0,2026-10-02T21:40:39.000Z
2026-10-02T21:43:26.025841+00:00,8,Animal Kingdom,110,Expedition Everest - Legend of the Forbidden Mountain,True,5,2026-10-02T21:40:39.000Z
2026-10-02T21:43:26.025841+00:00,8,Animal Kingdom,14533,Expedition Everest - Legend of the Forbidden Mountain Single Rider,True,0,2026-10-02T21:40:39.000Z
2026-10-02T21:43:26.025841+00:00,8,Animal Kingdom,10921,Feathered Friends in Flight!,True,0,2026-10-02T21:40:39.000Z
2026-10-02T21:43:26.025841+00:00,8,Animal Kingdom,112,Kali River Rapids,True,5,2026-10-02T21:40:39.000Z
2026-10-02T21:43:26.025841+00:00,8,Animal Kingdom,13806,Animal Care at Conservation Station,False,0,2026-10-02T21:40:39.000Z
2026-10-02T21:43:26.025841+00:00,8,Animal Kingdom,17661,Bluey's Wild World at Conservation Station,False,0,2026-10-02T21:40:39.000Z
2026-10-02T21:43:26.025841+00:00,8,Animal Kingdom,10920,Finding Nemo: The Big Blue... and Beyond!,True,0,2026-10-02T21:40:39.000Z
2026-10-02T21:43:26.025841+00:00,8,Animal Kingdom,13811,Discovery Island Trails,True,0,2026-10-02T21:40:39.000Z
2026-10-02T21:43:26.025841+00:00,8,Animal Kingdom,116,Meet Favorite Disney Pals at Adventurers Outpost,True,35,2026-10-02T21:40:39.000Z
2026-10-02T21:43:26.025841+00:00,8,Animal Kingdom,12451,Meet Moana at Character Landing,False,0,2026-10-02T21:40:39.000Z
2026-10-02T21:43:26.025841+00:00,8,Animal Kingdom,13751,Tree of Life,True,0,2026-10-02T21:40:39.000Z
2026-10-02T21:43:26.025841+00:00,8,Animal Kingdom,14943,Zootopia: Better Zoogether!,True,10,2026-10-02T21:40:39.000Z
2026-10-02T21:43:26.025841+00:00,8,Animal Kingdom,4439,Avatar Flight of Passage,True,40,2026-10-02T21:40:39.000Z
2026-10-02T21:43:26.025841+00:00,8,Animal Kingdom,4438,Na'vi River Journey,True,55,2026-10-02T21:40:39.000Z
2026-10-02T21:43:26.025841+00:00,8,Animal Kingdom,13812,The Oasis Exhibits,True,0,2026-10-02T21:40:39.000Z
2026-10-02T21:43:26.025841+00:00,8,Animal Kingdom,13808,Wilderness Explorers,True,0,2026-10-02T21:40:39.000Z
2026-10-02T21:43:26.025841+00:00,8,Animal Kingdom,17808,Jumping Junction,False,0,2026-10-02T21:40:39.000Z
2026-10-02T21:43:26.467475+00:00,7,Disney Hollywood Studios,16641,Disney Jr. Mickey Mouse Clubhouse Live!,True,0,2026-10-02T21:40:39.000Z
2026-10-02T21:43:26.467475+00:00,7,Disney Hollywood Studios,12430,Meet Ariel at Walt Disney Presents,False,0,2026-10-02T21:40:39.000Z
2026-10-02T21:43:26.467475+00:00,7,Disney Hollywood Studios,14859,The Little Mermaid – A Musical Adventure,True,0,2026-10-02T21:40:39.000Z
2026-10-02T21:43:26.467475+00:00,7,Disney Hollywood Studios,5145,Walt Disney Presents,True,0,2026-10-02T21:40:39.000Z
2026-10-02T21:43:26.467475+00:00,7,Disney Hollywood Studios,6704,Meet Disney Stars at Red Carpet Dreams,True,45,2026-10-02T21:40:39.000Z
2026-10-02T21:43:26.467475+00:00,7,Disney Hollywood Studios,1174,For the First Time in Forever: A Frozen Sing-Along Celebration,True,0,2026-10-02T21:40:39.000Z
2026-10-02T21:43:26.467475+00:00,7,Disney Hollywood Studios,6702,Indiana Jones™ Epic Stunt Spectacular!,True,0,2026-10-02T21:40:39.000Z
2026-10-02T21:43:26.467475+00:00,7,Disney Hollywood Studios,6703,Meet Olaf at Celebrity Spotlight,True,20,2026-10-02T21:40:39.000Z
2026-10-02T21:43:26.467475+00:00,7,Disney Hollywood Studios,120,Star Tours – The Adventures Continue,True,5,2026-10-02T21:40:39.000Z
2026-10-02T21:43:26.467475+00:00,7,Disney Hollywood Studios,7333,Vacation Fun - An Original Animated Short with Mickey & Minnie,True,10,2026-10-02T21:40:39.000Z
2026-10-02T21:43:26.467475+00:00,7,Disney Hollywood Studios,6361,Mickey & Minnie's Runaway Railway,True,45,2026-10-02T21:40:39.000Z
2026-10-02T21:43:26.467475+00:00,7,Disney Hollywood Studios,12425,Meet Edna Mode at the Edna Mode Experience,False,0,2026-10-02T21:40:39.000Z
2026-10-02T21:43:26.467475+00:00,7,Disney Hollywood Studios,117,Toy Story Mania!,True,40,2026-10-02T21:40:39.000Z
2026-10-02T21:43:26.467475+00:00,7,Disney Hollywood Studios,6368,Millennium Falcon: Smugglers Run,True,15,2026-10-02T21:40:39.000Z
2026-10-02T21:43:26.467475+00:00,7,Disney Hollywood Studios,10902,Millennium Falcon: Smugglers Run Single Rider,True,0,2026-10-02T21:40:39.000Z
2026-10-02T21:43:26.467475+00:00,7,Disney Hollywood Studios,6369,Star Wars: Rise of the Resistance,True,55,2026-10-02T21:40:39.000Z
2026-10-02T21:43:26.467475+00:00,7,Disney Hollywood Studios,14531,Star Wars: Rise of the Resistance Single Rider,True,0,2026-10-02T21:40:39.000Z
2026-10-02T21:43:26.467475+00:00,7,Disney Hollywood Studios,1176,Beauty and the Beast – Live on Stage,True,0,2026-10-02T21:40:39.000Z
2026-10-02T21:43:26.467475+00:00,7,Disney Hollywood Studios,16343,Rock 'n' Roller Coaster Starring Aerosmith Single Rider,True,0,2026-10-02T21:40:39.000Z
2026-10-02T21:43:26.467475+00:00,7,Disney Hollywood Studios,16342,Rock ’n’ Roller Coaster Starring The Muppets,True,65,2026-10-02T21:40:39.000Z
2026-10-02T21:43:26.467475+00:00,7,Disney Hollywood Studios,123,The Twilight Zone™ Tower of Terror,True,60,2026-10-02T21:40:39.000Z
2026-10-02T21:43:26.467475+00:00,7,Disney Hollywood Studios,5477,Alien Swirling Saucers,True,30,2026-10-02T21:40:39.000Z
2026-10-02T21:43:26.467475+00:00,7,Disney Hollywood Studios,5476,Slinky Dog Dash,True,60,2026-10-02T21:40:39.000Z
2026-10-02T21:43:26.662256+00:00,6,Disney Magic Kingdom,1184,A Pirate's Adventure ~ Treasures of the Seven Seas,False,0,2026-10-02T21:40:28.000Z
2026-10-02T21:43:26.662256+00:00,6,Disney Magic Kingdom,134,Jungle Cruise,True,25,2026-10-02T21:40:28.000Z
2026-10-02T21:43:26.662256+00:00,6,Disney Magic Kingdom,137,Pirates of the Caribbean,True,20,2026-10-02T21:40:28.000Z
2026-10-02T21:43:26.662256+00:00,6,Disney Magic Kingdom,355,Swiss Family Treehouse,True,5,2026-10-02T21:40:28.000Z
2026-10-02T21:43:26.662256+00:00,6,Disney Magic Kingdom,141,The Magic Carpets of Aladdin,True,10,2026-10-02T21:40:28.000Z
2026-10-02T21:43:26.662256+00:00,6,Disney Magic Kingdom,334,Walt Disney's Enchanted Tiki Room,True,10,2026-10-02T21:40:28.000Z
2026-10-02T21:43:26.662256+00:00,6,Disney Magic Kingdom,133,"""it's a small world""",True,5,2026-10-02T21:40:28.000Z
2026-10-02T21:43:26.662256+00:00,6,Disney Magic Kingdom,13764,Casey Jr. Splash 'N' Soak Station,True,0,2026-10-02T21:40:28.000Z
2026-10-02T21:43:26.662256+00:00,6,Disney Magic Kingdom,13763,Cinderella Castle,True,0,2026-10-02T21:40:28.000Z
2026-10-02T21:43:26.662256+00:00,6,Disney Magic Kingdom,132,Dumbo the Flying Elephant,True,5,2026-10-02T21:40:28.000Z
2026-10-02T21:43:26.662256+00:00,6,Disney Magic Kingdom,128,Enchanted Tales with Belle,False,0,2026-10-02T21:40:28.000Z
2026-10-02T21:43:26.662256+00:00,6,Disney Magic Kingdom,135,Mad Tea Party,True,15,2026-10-02T21:40:28.000Z
2026-10-02T21:43:26.662256+00:00,6,Disney Magic Kingdom,147,Meet Ariel at Her Grotto,False,0,2026-10-02T21:40:28.000Z
2026-10-02T21:43:26.662256+00:00,6,Disney Magic Kingdom,6700,Meet Cinderella and a Visiting Princess at Princess Fairytale Hall,False,0,2026-10-02T21:40:28.000Z
2026-10-02T21:43:26.662256+00:00,6,Disney Magic Kingdom,144,Meet Daring Disney Pals as Circus Stars at Pete's Silly Sideshow,False,0,2026-10-02T21:40:28.000Z
2026-10-02T21:43:26.662256+00:00,6,Disney Magic Kingdom,145,Meet Dashing Disney Pals as Circus Stars at Pete's Silly Sideshow,False,0,2026-10-02T21:40:28.000Z
2026-10-02T21:43:26.662256+00:00,6,Disney Magic Kingdom,6699,Meet Princess Tiana and a Visiting Princess at Princess Fairytale Hall,False,0,2026-10-02T21:40:28.000Z
2026-10-02T21:43:26.662256+00:00,6,Disney Magic Kingdom,171,Mickey's PhilharMagic,True,10,2026-10-02T21:40:28.000Z
2026-10-02T21:43:26.662256+00:00,6,Disney Magic Kingdom,136,Peter Pan's Flight,True,25,2026-10-02T21:40:28.000Z
2026-10-02T21:43:26.662256+00:00,6,Disney Magic Kingdom,161,Prince Charming Regal Carrousel,True,5,2026-10-02T21:40:28.000Z
2026-10-02T21:43:26.662256+00:00,6,Disney Magic Kingdom,129,Seven Dwarfs Mine Train,True,40,2026-10-02T21:40:28.000Z
2026-10-02T21:43:26.662256+00:00,6,Disney Magic Kingdom,126,The Barnstormer,False,0,2026-10-02T21:40:28.000Z
2026-10-02T21:43:26.662256+00:00,6,Disney Magic Kingdom,142,The Many Adventures of Winnie the Pooh,True,25,2026-10-02T21:40:28.000Z
2026-10-02T21:43:26.662256+00:00,6,Disney Magic Kingdom,127,Under the Sea - Journey of The Little Mermaid,True,5,2026-10-02T21:40:28.000Z
2026-10-02T21:43:26.662256+00:00,6,Disney Magic Kingdom,1181,Walt Disney World Railroad - Fantasyland,False,0,2026-10-02T21:40:28.000Z
2026-10-02T21:43:26.662256+00:00,6,Disney Magic Kingdom,130,Big Thunder Mountain Railroad,True,25,2026-10-02T21:40:28.000Z
2026-10-02T21:43:26.662256+00:00,6,Disney Magic Kingdom,1214,Country Bear Musical Jamboree,True,10,2026-10-02T21:40:28.000Z
2026-10-02T21:43:26.662256+00:00,6,Disney Magic Kingdom,13630,Tiana's Bayou Adventure,True,25,2026-10-02T21:40:28.000Z
2026-10-02T21:43:26.662256+00:00,6,Disney Magic Kingdom,140,Haunted Mansion,True,25,2026-10-02T21:40:28.000Z
2026-10-02T21:43:26.662256+00:00,6,Disney Magic Kingdom,356,The Hall of Presidents,True,15,2026-10-02T21:40:28.000Z
2026-10-02T21:43:26.662256+00:00,6,Disney Magic Kingdom,1188,Main Street Vehicles,False,0,2026-10-02T21:40:28.000Z
2026-10-02T21:43:26.662256+00:00,6,Disney Magic Kingdom,146,Meet Mickey at Town Square Theater,False,0,2026-10-02T21:40:28.000Z
2026-10-02T21:43:26.662256+00:00,6,Disney Magic Kingdom,1189,"Walt Disney World Railroad - Main Street, U.S.A.",False,0,2026-10-02T21:40:28.000Z
2026-10-02T21:43:26.662256+00:00,6,Disney Magic Kingdom,248,Astro Orbiter,True,10,2026-10-02T21:40:28.000Z
2026-10-02T21:43:26.662256+00:00,6,Disney Magic Kingdom,131,Buzz Lightyear’s Space Ranger Spin,True,30,2026-10-02T21:40:28.000Z
2026-10-02T21:43:26.662256+00:00,6,Disney Magic Kingdom,125,"Monsters, Inc. Laugh Floor",True,10,2026-10-02T21:40:28.000Z
2026-10-02T21:43:26.662256+00:00,6,Disney Magic Kingdom,138,Space Mountain,False,0,2026-10-02T21:40:28.000Z
2026-10-02T21:43:26.662256+00:00,6,Disney Magic Kingdom,143,Tomorrowland Speedway,True,10,2026-10-02T21:40:28.000Z
2026-10-02T21:43:26.662256+00:00,6,Disney Magic Kingdom,1190,Tomorrowland Transit Authority PeopleMover,True,5,2026-10-02T21:40:28.000Z
2026-10-02T21:43:26.662256+00:00,6,Disney Magic Kingdom,11527,TRON Lightcycle / Run,True,50,2026-10-02T21:40:28.000Z
2026-10-02T21:43:26.662256+00:00,6,Disney Magic Kingdom,457,Walt Disney's Carousel of Progress,False,0,2026-10-02T21:40:28.000Z
2026-10-02T21:43:26.662256+00:00,6,Disney Magic Kingdom,17526,Meet Festive Disney Pals at Mickey’s Not-So-Scary Halloween Party,False,0,2026-10-02T21:40:28.000Z
2026-10-02T21:43:26.662256+00:00,6,Disney Magic Kingdom,14928,Meet Jack Skellington and Sally at Mickey's Not-So-Scary Halloween Party,False,0,2026-10-02T21:40:28.000Z
2026-10-02T21:43:26.662256+00:00,6,Disney Magic Kingdom,14927,Meet Mickey Mouse and Minnie Mouse at Mickey's Not-So-Scary Halloween Party,False,0,2026-10-02T21:40:28.000Z
2026-10-02T21:43:26.662256+00:00,6,Disney Magic Kingdom,2297,Trick-or-Treat Locations at Mickey's Not-So-Scary Halloween Party,True,0,2026-10-02T21:40:28.000Z
2026-10-02T21:43:26.846900+00:00,5,Epcot,2495,Disney and Pixar Short Film Festival,True,0,2026-10-02T21:40:28.000Z
2026-10-02T21:43:26.846900+00:00,5,Epcot,155,Journey Into Imagination With Figment,True,10,2026-10-02T21:40:28.000Z
2026-10-02T21:43:26.846900+00:00,5,Epcot,13627,Meet Beloved Disney Pals at Mickey & Friends,True,20,2026-10-02T21:40:28.000Z
2026-10-02T21:43:26.846900+00:00,5,Epcot,159,Spaceship Earth,True,25,2026-10-02T21:40:28.000Z
2026-10-02T21:43:26.846900+00:00,5,Epcot,10093,Guardians of the Galaxy: Cosmic Rewind,True,70,2026-10-02T21:40:28.000Z
2026-10-02T21:43:26.846900+00:00,5,Epcot,158,Mission: SPACE,True,20,2026-10-02T21:40:28.000Z
2026-10-02T21:43:26.846900+00:00,5,Epcot,160,Test Track,False,0,2026-10-02T21:40:28.000Z
2026-10-02T21:43:26.846900+00:00,5,Epcot,10900,Test Track Presented by Chevrolet Single Rider,False,0,2026-10-02T21:40:28.000Z
2026-10-02T21:43:26.846900+00:00,5,Epcot,7323,Awesome Planet,True,0,2026-10-02T21:40:28.000Z
2026-10-02T21:43:26.846900+00:00,5,Epcot,12387,"Journey of Water, Inspired by Moana",True,0,2026-10-02T21:40:28.000Z
2026-10-02T21:43:26.846900+00:00,5,Epcot,156,Living with the Land,True,20,2026-10-02T21:40:28.000Z
2026-10-02T21:43:26.846900+00:00,5,Epcot,13782,SeaBase Aquarium,True,0,2026-10-02T21:40:28.000Z
2026-10-02T21:43:26.846900+00:00,5,Epcot,16467,Soarin' Across America,True,25,2026-10-02T21:40:28.000Z
2026-10-02T21:43:26.846900+00:00,5,Epcot,153,The Seas with Nemo & Friends,True,10,2026-10-02T21:40:28.000Z
2026-10-02T21:43:26.846900+00:00,5,Epcot,152,Turtle Talk With Crush,True,15,2026-10-02T21:40:28.000Z
2026-10-02T21:43:26.846900+00:00,5,Epcot,829,Canada Far and Wide in Circle-Vision 360,True,15,2026-10-02T21:40:28.000Z
2026-10-02T21:43:26.846900+00:00,5,Epcot,2679,Frozen Ever After,True,55,2026-10-02T21:40:28.000Z
2026-10-02T21:43:26.846900+00:00,5,Epcot,466,Gran Fiesta Tour Starring The Three Caballeros,True,15,2026-10-02T21:40:28.000Z
2026-10-02T21:43:26.846900+00:00,5,Epcot,6701,Meet Anna and Elsa at Royal Sommerhus,True,35,2026-10-02T21:40:28.000Z
2026-10-02T21:43:26.846900+00:00,5,Epcot,8956,Remy's Ratatouille Adventure,True,55,2026-10-02T21:40:28.000Z
2026-10-02T21:43:26.846900+00:00,5,Epcot,10915,Remy's Ratatouille Adventure Single Rider,True,0,2026-10-02T21:40:28.000Z
2026-10-03T00:52:48.795773+00:00,8,Animal Kingdom,657,Festival of the Lion King,True,0,2026-10-03T00:50:39.000Z
2026-10-03T00:52:48.795773+00:00,8,Animal Kingdom,651,Gorilla Falls Exploration Trail,False,0,2026-10-03T00:50:39.000Z
2026-10-03T00:52:48.795773+00:00,8,Animal Kingdom,113,Kilimanjaro Safaris,False,0,2026-10-03T00:50:39.000Z
2026-10-03T00:52:48.795773+00:00,8,Animal Kingdom,655,Wildlife Express Train,False,0,2026-10-03T00:50:39.000Z
2026-10-03T00:52:48.795773+00:00,8,Animal Kingdom,110,Expedition Everest - Legend of the Forbidden Mountain,False,0,2026-10-03T00:50:39.000Z
2026-10-03T00:52:48.795773+00:00,8,Animal Kingdom,14533,Expedition Everest - Legend of the Forbidden Mountain Single Rider,False,0,2026-10-03T00:50:39.000Z
2026-10-03T00:52:48.795773+00:00,8,Animal Kingdom,10921,Feathered Friends in Flight!,True,0,2026-10-03T00:50:39.000Z
2026-10-03T00:52:48.795773+00:00,8,Animal Kingdom,112,Kali River Rapids,False,0,2026-10-03T00:50:39.000Z
2026-10-03T00:52:48.795773+00:00,8,Animal Kingdom,13806,Animal Care at Conservation Station,False,0,2026-10-03T00:50:39.000Z
2026-10-03T00:52:48.795773+00:00,8,Animal Kingdom,17661,Bluey's Wild World at Conservation Station,False,0,2026-10-03T00:50:39.000Z
2026-10-03T00:52:48.795773+00:00,8,Animal Kingdom,10920,Finding Nemo: The Big Blue... and Beyond!,True,0,2026-10-03T00:50:39.000Z
2026-10-03T00:52:48.795773+00:00,8,Animal Kingdom,13811,Discovery Island Trails,False,0,2026-10-03T00:50:39.000Z
2026-10-03T00:52:48.795773+00:00,8,Animal Kingdom,116,Meet Favorite Disney Pals at Adventurers Outpost,False,0,2026-10-03T00:50:39.000Z
2026-10-03T00:52:48.795773+00:00,8,Animal Kingdom,12451,Meet Moana at Character Landing,False,0,2026-10-03T00:50:39.000Z
2026-10-03T00:52:48.795773+00:00,8,Animal Kingdom,13751,Tree of Life,True,0,2026-10-03T00:50:39.000Z
2026-10-03T00:52:48.795773+00:00,8,Animal Kingdom,14943,Zootopia: Better Zoogether!,False,0,2026-10-03T00:50:39.000Z
2026-10-03T00:52:48.795773+00:00,8,Animal Kingdom,4439,Avatar Flight of Passage,False,0,2026-10-03T00:50:39.000Z
2026-10-03T00:52:48.795773+00:00,8,Animal Kingdom,4438,Na'vi River Journey,False,0,2026-10-03T00:50:39.000Z
2026-10-03T00:52:48.795773+00:00,8,Animal Kingdom,13812,The Oasis Exhibits,False,0,2026-10-03T00:50:39.000Z
2026-10-03T00:52:48.795773+00:00,8,Animal Kingdom,13808,Wilderness Explorers,False,0,2026-10-03T00:50:39.000Z
2026-10-03T00:52:48.795773+00:00,8,Animal Kingdom,17808,Jumping Junction,False,0,2026-10-03T00:50:39.000Z
2026-10-03T00:52:48.907446+00:00,7,Disney Hollywood Studios,16641,Disney Jr. Mickey Mouse Clubhouse Live!,True,0,2026-10-03T00:50:30.000Z
2026-10-03T00:52:48.907446+00:00,7,Disney Hollywood Studios,12430,Meet Ariel at Walt Disney Presents,False,0,2026-10-03T00:50:30.000Z
2026-10-03T00:52:48.907446+00:00,7,Disney Hollywood Studios,14859,The Little Mermaid – A Musical Adventure,True,0,2026-10-03T00:50:30.000Z
2026-10-03T00:52:48.907446+00:00,7,Disney Hollywood Studios,5145,Walt Disney Presents,False,0,2026-10-03T00:50:30.000Z
2026-10-03T00:52:48.907446+00:00,7,Disney Hollywood Studios,6704,Meet Disney Stars at Red Carpet Dreams,False,0,2026-10-03T00:50:30.000Z
2026-10-03T00:52:48.907446+00:00,7,Disney Hollywood Studios,1174,For the First Time in Forever: A Frozen Sing-Along Celebration,True,0,2026-10-03T00:50:30.000Z
2026-10-03T00:52:48.907446+00:00,7,Disney Hollywood Studios,6702,Indiana Jones™ Epic Stunt Spectacular!,True,0,2026-10-03T00:50:30.000Z
2026-10-03T00:52:48.907446+00:00,7,Disney Hollywood Studios,6703,Meet Olaf at Celebrity Spotlight,False,0,2026-10-03T00:50:30.000Z
2026-10-03T00:52:48.907446+00:00,7,Disney Hollywood Studios,120,Star Tours – The Adventures Continue,True,5,2026-10-03T00:50:30.000Z
2026-10-03T00:52:48.907446+00:00,7,Disney Hollywood Studios,7333,Vacation Fun - An Original Animated Short with Mickey & Minnie,False,0,2026-10-03T00:50:30.000Z
2026-10-03T00:52:48.907446+00:00,7,Disney Hollywood Studios,6361,Mickey & Minnie's Runaway Railway,True,25,2026-10-03T00:50:30.000Z
2026-10-03T00:52:48.907446+00:00,7,Disney Hollywood Studios,12425,Meet Edna Mode at the Edna Mode Experience,False,0,2026-10-03T00:50:30.000Z
2026-10-03T00:52:48.907446+00:00,7,Disney Hollywood Studios,117,Toy Story Mania!,True,50,2026-10-03T00:50:30.000Z
2026-10-03T00:52:48.907446+00:00,7,Disney Hollywood Studios,6368,Millennium Falcon: Smugglers Run,True,10,2026-10-03T00:50:30.000Z
2026-10-03T00:52:48.907446+00:00,7,Disney Hollywood Studios,10902,Millennium Falcon: Smugglers Run Single Rider,True,0,2026-10-03T00:50:30.000Z
2026-10-03T00:52:48.907446+00:00,7,Disney Hollywood Studios,6369,Star Wars: Rise of the Resistance,True,15,2026-10-03T00:50:30.000Z
2026-10-03T00:52:48.907446+00:00,7,Disney Hollywood Studios,14531,Star Wars: Rise of the Resistance Single Rider,True,0,2026-10-03T00:50:30.000Z
2026-10-03T00:52:48.907446+00:00,7,Disney Hollywood Studios,1176,Beauty and the Beast – Live on Stage,True,0,2026-10-03T00:50:30.000Z
2026-10-03T00:52:48.907446+00:00,7,Disney Hollywood Studios,16343,Rock 'n' Roller Coaster Starring Aerosmith Single Rider,True,0,2026-10-03T00:50:30.000Z
2026-10-03T00:52:48.907446+00:00,7,Disney Hollywood Studios,16342,Rock ’n’ Roller Coaster Starring The Muppets,True,75,2026-10-03T00:50:30.000Z
2026-10-03T00:52:48.907446+00:00,7,Disney Hollywood Studios,123,The Twilight Zone™ Tower of Terror,True,50,2026-10-03T00:50:30.000Z
2026-10-03T00:52:48.907446+00:00,7,Disney Hollywood Studios,5477,Alien Swirling Saucers,True,15,2026-10-03T00:50:30.000Z
2026-10-03T00:52:48.907446+00:00,7,Disney Hollywood Studios,5476,Slinky Dog Dash,False,0,2026-10-03T00:50:30.000Z
2026-10-03T00:52:49.030772+00:00,6,Disney Magic Kingdom,1184,A Pirate's Adventure ~ Treasures of the Seven Seas,False,0,2026-10-03T00:50:27.000Z
2026-10-03T00:52:49.030772+00:00,6,Disney Magic Kingdom,134,Jungle Cruise,True,5,2026-10-03T00:50:27.000Z
2026-10-03T00:52:49.030772+00:00,6,Disney Magic Kingdom,137,Pirates of the Caribbean,True,5,2026-10-03T00:50:27.000Z
2026-10-03T00:52:49.030772+00:00,6,Disney Magic Kingdom,355,Swiss Family Treehouse,True,5,2026-10-03T00:50:27.000Z
2026-10-03T00:52:49.030772+00:00,6,Disney Magic Kingdom,141,The Magic Carpets of Aladdin,True,5,2026-10-03T00:50:27.000Z
2026-10-03T00:52:49.030772+00:00,6,Disney Magic Kingdom,334,Walt Disney's Enchanted Tiki Room,False,0,2026-10-03T00:50:27.000Z
2026-10-03T00:52:49.030772+00:00,6,Disney Magic Kingdom,133,"""it's a small world""",True,5,2026-10-03T00:50:27.000Z
2026-10-03T00:52:49.030772+00:00,6,Disney Magic Kingdom,13764,Casey Jr. Splash 'N' Soak Station,False,0,2026-10-03T00:50:27.000Z
2026-10-03T00:52:49.030772+00:00,6,Disney Magic Kingdom,13763,Cinderella Castle,False,0,2026-10-03T00:50:27.000Z
2026-10-03T00:52:49.030772+00:00,6,Disney Magic Kingdom,132,Dumbo the Flying Elephant,True,5,2026-10-03T00:50:27.000Z
2026-10-03T00:52:49.030772+00:00,6,Disney Magic Kingdom,128,Enchanted Tales with Belle,False,0,2026-10-03T00:50:27.000Z
2026-10-03T00:52:49.030772+00:00,6,Disney Magic Kingdom,135,Mad Tea Party,True,5,2026-10-03T00:50:27.000Z
2026-10-03T00:52:49.030772+00:00,6,Disney Magic Kingdom,147,Meet Ariel at Her Grotto,False,0,2026-10-03T00:50:27.000Z
2026-10-03T00:52:49.030772+00:00,6,Disney Magic Kingdom,6700,Meet Cinderella and a Visiting Princess at Princess Fairytale Hall,False,0,2026-10-03T00:50:27.000Z
2026-10-03T00:52:49.030772+00:00,6,Disney Magic Kingdom,144,Meet Daring Disney Pals as Circus Stars at Pete's Silly Sideshow,False,0,2026-10-03T00:50:27.000Z
2026-10-03T00:52:49.030772+00:00,6,Disney Magic Kingdom,145,Meet Dashing Disney Pals as Circus Stars at Pete's Silly Sideshow,False,0,2026-10-03T00:50:27.000Z
2026-10-03T00:52:49.030772+00:00,6,Disney Magic Kingdom,6699,Meet Princess Tiana and a Visiting Princess at Princess Fairytale Hall,False,0,2026-10-03T00:50:27.000Z
2026-10-03T00:52:49.030772+00:00,6,Disney Magic Kingdom,171,Mickey's PhilharMagic,False,0,2026-10-03T00:50:27.000Z
2026-10-03T00:52:49.030772+00:00,6,Disney Magic Kingdom,136,Peter Pan's Flight,True,25,2026-10-03T00:50:27.000Z
2026-10-03T00:52:49.030772+00:00,6,Disney Magic Kingdom,161,Prince Charming Regal Carrousel,True,5,2026-10-03T00:50:27.000Z
2026-10-03T00:52:49.030772+00:00,6,Disney Magic Kingdom,129,Seven Dwarfs Mine Train,True,35,2026-10-03T00:50:27.000Z
2026-10-03T00:52:49.030772+00:00,6,Disney Magic Kingdom,126,The Barnstormer,True,5,2026-10-03T00:50:27.000Z
2026-10-03T00:52:49.030772+00:00,6,Disney Magic Kingdom,142,The Many Adventures of Winnie the Pooh,True,10,2026-10-03T00:50:27.000Z
2026-10-03T00:52:49.030772+00:00,6,Disney Magic Kingdom,127,Under the Sea - Journey of The Little Mermaid,True,5,2026-10-03T00:50:27.000Z
2026-10-03T00:52:49.030772+00:00,6,Disney Magic Kingdom,1181,Walt Disney World Railroad - Fantasyland,False,0,2026-10-03T00:50:27.000Z
2026-10-03T00:52:49.030772+00:00,6,Disney Magic Kingdom,130,Big Thunder Mountain Railroad,True,15,2026-10-03T00:50:27.000Z
2026-10-03T00:52:49.030772+00:00,6,Disney Magic Kingdom,1214,Country Bear Musical Jamboree,False,0,2026-10-03T00:50:27.000Z
2026-10-03T00:52:49.030772+00:00,6,Disney Magic Kingdom,13630,Tiana's Bayou Adventure,True,5,2026-10-03T00:50:27.000Z
2026-10-03T00:52:49.030772+00:00,6,Disney Magic Kingdom,140,Haunted Mansion,True,15,2026-10-03T00:50:27.000Z
2026-10-03T00:52:49.030772+00:00,6,Disney Magic Kingdom,356,The Hall of Presidents,False,0,2026-10-03T00:50:27.000Z
2026-10-03T00:52:49.030772+00:00,6,Disney Magic Kingdom,1188,Main Street Vehicles,False,0,2026-10-03T00:50:27.000Z
2026-10-03T00:52:49.030772+00:00,6,Disney Magic Kingdom,146,Meet Mickey at Town Square Theater,False,0,2026-10-03T00:50:27.000Z
2026-10-03T00:52:49.030772+00:00,6,Disney Magic Kingdom,1189,"Walt Disney World Railroad - Main Street, U.S.A.",False,0,2026-10-03T00:50:27.000Z
2026-10-03T00:52:49.030772+00:00,6,Disney Magic Kingdom,248,Astro Orbiter,True,5,2026-10-03T00:50:27.000Z
2026-10-03T00:52:49.030772+00:00,6,Disney Magic Kingdom,131,Buzz Lightyear’s Space Ranger Spin,True,5,2026-10-03T00:50:27.000Z
2026-10-03T00:52:49.030772+00:00,6,Disney Magic Kingdom,125,"Monsters, Inc. Laugh Floor",False,0,2026-10-03T00:50:27.000Z
2026-10-03T00:52:49.030772+00:00,6,Disney Magic Kingdom,138,Space Mountain,True,5,2026-10-03T00:50:27.000Z
2026-10-03T00:52:49.030772+00:00,6,Disney Magic Kingdom,143,Tomorrowland Speedway,True,10,2026-10-03T00:50:27.000Z
2026-10-03T00:52:49.030772+00:00,6,Disney Magic Kingdom,1190,Tomorrowland Transit Authority PeopleMover,True,5,2026-10-03T00:50:27.000Z
2026-10-03T00:52:49.030772+00:00,6,Disney Magic Kingdom,11527,TRON Lightcycle / Run,True,20,2026-10-03T00:50:27.000Z
2026-10-03T00:52:49.030772+00:00,6,Disney Magic Kingdom,457,Walt Disney's Carousel of Progress,False,0,2026-10-03T00:50:27.000Z
2026-10-03T00:52:49.030772+00:00,6,Disney Magic Kingdom,17526,Meet Festive Disney Pals at Mickey’s Not-So-Scary Halloween Party,True,15,2026-10-03T00:50:27.000Z
2026-10-03T00:52:49.030772+00:00,6,Disney Magic Kingdom,14928,Meet Jack Skellington and Sally at Mickey's Not-So-Scary Halloween Party,True,55,2026-10-03T00:50:27.000Z
2026-10-03T00:52:49.030772+00:00,6,Disney Magic Kingdom,14927,Meet Mickey Mouse and Minnie Mouse at Mickey's Not-So-Scary Halloween Party,True,15,2026-10-03T00:50:27.000Z
2026-10-03T00:52:49.030772+00:00,6,Disney Magic Kingdom,2297,Trick-or-Treat Locations at Mickey's Not-So-Scary Halloween Party,True,0,2026-10-03T00:50:27.000Z
2026-10-03T00:52:49.143255+00:00,5,Epcot,2495,Disney and Pixar Short Film Festival,True,0,2026-10-03T00:50:26.000Z
2026-10-03T00:52:49.143255+00:00,5,Epcot,155,Journey Into Imagination With Figment,True,5,2026-10-03T00:50:26.000Z
2026-10-03T00:52:49.143255+00:00,5,Epcot,13627,Meet Beloved Disney Pals at Mickey & Friends,True,25,2026-10-03T00:50:26.000Z
2026-10-03T00:52:49.143255+00:00,5,Epcot,159,Spaceship Earth,True,10,2026-10-03T00:50:26.000Z
2026-10-03T00:52:49.143255+00:00,5,Epcot,10093,Guardians of the Galaxy: Cosmic Rewind,True,95,2026-10-03T00:50:26.000Z
2026-10-03T00:52:49.143255+00:00,5,Epcot,158,Mission: SPACE,True,10,2026-10-03T00:50:26.000Z
2026-10-03T00:52:49.143255+00:00,5,Epcot,160,Test Track,True,65,2026-10-03T00:50:26.000Z
2026-10-03T00:52:49.143255+00:00,5,Epcot,10900,Test Track Presented by Chevrolet Single Rider,True,0,2026-10-03T00:50:26.000Z
2026-10-03T00:52:49.143255+00:00,5,Epcot,7323,Awesome Planet,True,0,2026-10-03T00:50:26.000Z
2026-10-03T00:52:49.143255+00:00,5,Epcot,12387,"Journey of Water, Inspired by Moana",True,0,2026-10-03T00:50:26.000Z
2026-10-03T00:52:49.143255+00:00,5,Epcot,156,Living with the Land,True,5,2026-10-03T00:50:26.000Z
2026-10-03T00:52:49.143255+00:00,5,Epcot,13782,SeaBase Aquarium,True,0,2026-10-03T00:50:26.000Z
2026-10-03T00:52:49.143255+00:00,5,Epcot,16467,Soarin' Across America,True,20,2026-10-03T00:50:26.000Z
2026-10-03T00:52:49.143255+00:00,5,Epcot,153,The Seas with Nemo & Friends,True,5,2026-10-03T00:50:26.000Z
2026-10-03T00:52:49.143255+00:00,5,Epcot,152,Turtle Talk With Crush,False,0,2026-10-03T00:50:26.000Z
2026-10-03T00:52:49.143255+00:00,5,Epcot,829,Canada Far and Wide in Circle-Vision 360,True,15,2026-10-03T00:50:26.000Z
2026-10-03T00:52:49.143255+00:00,5,Epcot,2679,Frozen Ever After,True,5,2026-10-03T00:50:26.000Z
2026-10-03T00:52:49.143255+00:00,5,Epcot,466,Gran Fiesta Tour Starring The Three Caballeros,True,5,2026-10-03T00:50:26.000Z
2026-10-03T00:52:49.143255+00:00,5,Epcot,6701,Meet Anna and Elsa at Royal Sommerhus,False,0,2026-10-03T00:50:26.000Z
2026-10-03T00:52:49.143255+00:00,5,Epcot,8956,Remy's Ratatouille Adventure,True,60,2026-10-03T00:50:26.000Z
2026-10-03T00:52:49.143255+00:00,5,Epcot,10915,Remy's Ratatouille Adventure Single Rider,True,0,2026-10-03T00:50:26.000Z
2026-10-03T07:28:18.974229+00:00,8,Animal Kingdom,657,Festival of the Lion King,True,0,2026-10-03T07:26:06.000Z
2026-10-03T07:28:18.974229+00:00,8,Animal Kingdom,651,Gorilla Falls Exploration Trail,False,0,2026-10-03T07:26:06.000Z
2026-10-03T07:28:18.974229+00:00,8,Animal Kingdom,113,Kilimanjaro Safaris,False,0,2026-10-03T07:26:06.000Z
2026-10-03T07:28:18.974229+00:00,8,Animal Kingdom,655,Wildlife Express Train,False,0,2026-10-03T07:26:06.000Z
2026-10-03T07:28:18.974229+00:00,8,Animal Kingdom,110,Expedition Everest - Legend of the Forbidden Mountain,False,0,2026-10-03T07:26:06.000Z
2026-10-03T07:28:18.974229+00:00,8,Animal Kingdom,14533,Expedition Everest - Legend of the Forbidden Mountain Single Rider,False,0,2026-10-03T07:26:06.000Z
2026-10-03T07:28:18.974229+00:00,8,Animal Kingdom,10921,Feathered Friends in Flight!,True,0,2026-10-03T07:26:06.000Z
2026-10-03T07:28:18.974229+00:00,8,Animal Kingdom,112,Kali River Rapids,False,0,2026-10-03T07:26:06.000Z
2026-10-03T07:28:18.974229+00:00,8,Animal Kingdom,13806,Animal Care at Conservation Station,False,0,2026-10-03T07:26:06.000Z
2026-10-03T07:28:18.974229+00:00,8,Animal Kingdom,17661,Bluey's Wild World at Conservation Station,False,0,2026-10-03T07:26:06.000Z
2026-10-03T07:28:18.974229+00:00,8,Animal Kingdom,10920,Finding Nemo: The Big Blue... and Beyond!,True,0,2026-10-03T07:26:06.000Z
2026-10-03T07:28:18.974229+00:00,8,Animal Kingdom,13811,Discovery Island Trails,False,0,2026-10-03T07:26:06.000Z
2026-10-03T07:28:18.974229+00:00,8,Animal Kingdom,116,Meet Favorite Disney Pals at Adventurers Outpost,False,0,2026-10-03T07:26:06.000Z
2026-10-03T07:28:18.974229+00:00,8,Animal Kingdom,12451,Meet Moana at Character Landing,False,0,2026-10-03T07:26:06.000Z
2026-10-03T07:28:18.974229+00:00,8,Animal Kingdom,13751,Tree of Life,True,0,2026-10-03T07:26:06.000Z
2026-10-03T07:28:18.974229+00:00,8,Animal Kingdom,14943,Zootopia: Better Zoogether!,False,0,2026-10-03T07:26:06.000Z
2026-10-03T07:28:18.974229+00:00,8,Animal Kingdom,4439,Avatar Flight of Passage,False,0,2026-10-03T07:26:06.000Z
2026-10-03T07:28:18.974229+00:00,8,Animal Kingdom,4438,Na'vi River Journey,False,0,2026-10-03T07:26:06.000Z
2026-10-03T07:28:18.974229+00:00,8,Animal Kingdom,13812,The Oasis Exhibits,False,0,2026-10-03T07:26:06.000Z
2026-10-03T07:28:18.974229+00:00,8,Animal Kingdom,13808,Wilderness Explorers,False,0,2026-10-03T07:26:06.000Z
2026-10-03T07:28:18.974229+00:00,8,Animal Kingdom,17808,Jumping Junction,False,0,2026-10-03T07:26:06.000Z
2026-10-03T07:28:19.978731+00:00,7,Disney Hollywood Studios,16641,Disney Jr. Mickey Mouse Clubhouse Live!,True,0,2026-10-03T07:25:59.000Z
2026-10-03T07:28:19.978731+00:00,7,Disney Hollywood Studios,12430,Meet Ariel at Walt Disney Presents,False,0,2026-10-03T07:25:59.000Z
2026-10-03T07:28:19.978731+00:00,7,Disney Hollywood Studios,14859,The Little Mermaid – A Musical Adventure,True,0,2026-10-03T07:25:59.000Z
2026-10-03T07:28:19.978731+00:00,7,Disney Hollywood Studios,5145,Walt Disney Presents,False,0,2026-10-03T07:25:59.000Z
2026-10-03T07:28:19.978731+00:00,7,Disney Hollywood Studios,6704,Meet Disney Stars at Red Carpet Dreams,False,0,2026-10-03T07:25:59.000Z
2026-10-03T07:28:19.978731+00:00,7,Disney Hollywood Studios,1174,For the First Time in Forever: A Frozen Sing-Along Celebration,True,0,2026-10-03T07:25:59.000Z
2026-10-03T07:28:19.978731+00:00,7,Disney Hollywood Studios,6702,Indiana Jones™ Epic Stunt Spectacular!,True,0,2026-10-03T07:25:59.000Z
2026-10-03T07:28:19.978731+00:00,7,Disney Hollywood Studios,6703,Meet Olaf at Celebrity Spotlight,False,0,2026-10-03T07:25:59.000Z
2026-10-03T07:28:19.978731+00:00,7,Disney Hollywood Studios,120,Star Tours – The Adventures Continue,False,0,2026-10-03T07:25:59.000Z
2026-10-03T07:28:19.978731+00:00,7,Disney Hollywood Studios,7333,Vacation Fun - An Original Animated Short with Mickey & Minnie,False,0,2026-10-03T07:25:59.000Z
2026-10-03T07:28:19.978731+00:00,7,Disney Hollywood Studios,6361,Mickey & Minnie's Runaway Railway,False,0,2026-10-03T07:25:59.000Z
2026-10-03T07:28:19.978731+00:00,7,Disney Hollywood Studios,12425,Meet Edna Mode at the Edna Mode Experience,False,0,2026-10-03T07:25:59.000Z
2026-10-03T07:28:19.978731+00:00,7,Disney Hollywood Studios,117,Toy Story Mania!,False,0,2026-10-03T07:25:59.000Z
2026-10-03T07:28:19.978731+00:00,7,Disney Hollywood Studios,6368,Millennium Falcon: Smugglers Run,False,0,2026-10-03T07:25:59.000Z
2026-10-03T07:28:19.978731+00:00,7,Disney Hollywood Studios,10902,Millennium Falcon: Smugglers Run Single Rider,False,0,2026-10-03T07:25:59.000Z
2026-10-03T07:28:19.978731+00:00,7,Disney Hollywood Studios,6369,Star Wars: Rise of the Resistance,False,0,2026-10-03T07:25:59.000Z
2026-10-03T07:28:19.978731+00:00,7,Disney Hollywood Studios,14531,Star Wars: Rise of the Resistance Single Rider,False,0,2026-10-03T07:25:59.000Z
2026-10-03T07:28:19.978731+00:00,7,Disney Hollywood Studios,1176,Beauty and the Beast – Live on Stage,True,0,2026-10-03T07:25:59.000Z
2026-10-03T07:28:19.978731+00:00,7,Disney Hollywood Studios,16343,Rock 'n' Roller Coaster Starring Aerosmith Single Rider,False,0,2026-10-03T07:25:59.000Z
2026-10-03T07:28:19.978731+00:00,7,Disney Hollywood Studios,16342,Rock ’n’ Roller Coaster Starring The Muppets,False,0,2026-10-03T07:25:59.000Z
2026-10-03T07:28:19.978731+00:00,7,Disney Hollywood Studios,123,The Twilight Zone™ Tower of Terror,False,0,2026-10-03T07:25:59.000Z
2026-10-03T07:28:19.978731+00:00,7,Disney Hollywood Studios,5477,Alien Swirling Saucers,False,0,2026-10-03T07:25:59.000Z
2026-10-03T07:28:19.978731+00:00,7,Disney Hollywood Studios,5476,Slinky Dog Dash,False,0,2026-10-03T07:25:59.000Z
2026-10-03T07:28:20.357321+00:00,6,Disney Magic Kingdom,1184,A Pirate's Adventure ~ Treasures of the Seven Seas,False,0,2026-10-03T07:25:58.000Z
2026-10-03T07:28:20.357321+00:00,6,Disney Magic Kingdom,134,Jungle Cruise,False,0,2026-10-03T07:25:58.000Z
2026-10-03T07:28:20.357321+00:00,6,Disney Magic Kingdom,137,Pirates of the Caribbean,False,0,2026-10-03T07:25:58.000Z
2026-10-03T07:28:20.357321+00:00,6,Disney Magic Kingdom,355,Swiss Family Treehouse,False,0,2026-10-03T07:25:58.000Z
2026-10-03T07:28:20.357321+00:00,6,Disney Magic Kingdom,141,The Magic Carpets of Aladdin,False,0,2026-10-03T07:25:58.000Z
2026-10-03T07:28:20.357321+00:00,6,Disney Magic Kingdom,334,Walt Disney's Enchanted Tiki Room,False,0,2026-10-03T07:25:58.000Z
2026-10-03T07:28:20.357321+00:00,6,Disney Magic Kingdom,133,"""it's a small world""",False,0,2026-10-03T07:25:58.000Z
2026-10-03T07:28:20.357321+00:00,6,Disney Magic Kingdom,13764,Casey Jr. Splash 'N' Soak Station,False,0,2026-10-03T07:25:58.000Z
2026-10-03T07:28:20.357321+00:00,6,Disney Magic Kingdom,13763,Cinderella Castle,False,0,2026-10-03T07:25:58.000Z
2026-10-03T07:28:20.357321+00:00,6,Disney Magic Kingdom,132,Dumbo the Flying Elephant,False,0,2026-10-03T07:25:58.000Z
2026-10-03T07:28:20.357321+00:00,6,Disney Magic Kingdom,128,Enchanted Tales with Belle,False,0,2026-10-03T07:25:58.000Z
2026-10-03T07:28:20.357321+00:00,6,Disney Magic Kingdom,135,Mad Tea Party,False,0,2026-10-03T07:25:58.000Z
2026-10-03T07:28:20.357321+00:00,6,Disney Magic Kingdom,147,Meet Ariel at Her Grotto,False,0,2026-10-03T07:25:58.000Z
2026-10-03T07:28:20.357321+00:00,6,Disney Magic Kingdom,6700,Meet Cinderella and a Visiting Princess at Princess Fairytale Hall,False,0,2026-10-03T07:25:58.000Z
2026-10-03T07:28:20.357321+00:00,6,Disney Magic Kingdom,144,Meet Daring Disney Pals as Circus Stars at Pete's Silly Sideshow,False,0,2026-10-03T07:25:58.000Z
2026-10-03T07:28:20.357321+00:00,6,Disney Magic Kingdom,145,Meet Dashing Disney Pals as Circus Stars at Pete's Silly Sideshow,False,0,2026-10-03T07:25:58.000Z
2026-10-03T07:28:20.357321+00:00,6,Disney Magic Kingdom,6699,Meet Princess Tiana and a Visiting Princess at Princess Fairytale Hall,False,0,2026-10-03T07:25:58.000Z
2026-10-03T07:28:20.357321+00:00,6,Disney Magic Kingdom,171,Mickey's PhilharMagic,False,0,2026-10-03T07:25:58.000Z
2026-10-03T07:28:20.357321+00:00,6,Disney Magic Kingdom,136,Peter Pan's Flight,False,0,2026-10-03T07:25:58.000Z
2026-10-03T07:28:20.357321+00:00,6,Disney Magic Kingdom,161,Prince Charming Regal Carrousel,False,0,2026-10-03T07:25:58.000Z
2026-10-03T07:28:20.357321+00:00,6,Disney Magic Kingdom,129,Seven Dwarfs Mine Train,False,0,2026-10-03T07:25:58.000Z
2026-10-03T07:28:20.357321+00:00,6,Disney Magic Kingdom,126,The Barnstormer,False,0,2026-10-03T07:25:58.000Z
2026-10-03T07:28:20.357321+00:00,6,Disney Magic Kingdom,142,The Many Adventures of Winnie the Pooh,False,0,2026-10-03T07:25:58.000Z
2026-10-03T07:28:20.357321+00:00,6,Disney Magic Kingdom,127,Under the Sea - Journey of The Little Mermaid,False,0,2026-10-03T07:25:58.000Z
2026-10-03T07:28:20.357321+00:00,6,Disney Magic Kingdom,1181,Walt Disney World Railroad - Fantasyland,False,0,2026-10-03T07:25:58.000Z
2026-10-03T07:28:20.357321+00:00,6,Disney Magic Kingdom,130,Big Thunder Mountain Railroad,False,0,2026-10-03T07:25:58.000Z
2026-10-03T07:28:20.357321+00:00,6,Disney Magic Kingdom,1214,Country Bear Musical Jamboree,False,0,2026-10-03T07:25:58.000Z
2026-10-03T07:28:20.357321+00:00,6,Disney Magic Kingdom,13630,Tiana's Bayou Adventure,False,0,2026-10-03T07:25:58.000Z
2026-10-03T07:28:20.357321+00:00,6,Disney Magic Kingdom,140,Haunted Mansion,False,0,2026-10-03T07:25:58.000Z
2026-10-03T07:28:20.357321+00:00,6,Disney Magic Kingdom,356,The Hall of Presidents,False,0,2026-10-03T07:25:58.000Z
2026-10-03T07:28:20.357321+00:00,6,Disney Magic Kingdom,1188,Main Street Vehicles,False,0,2026-10-03T07:25:58.000Z
2026-10-03T07:28:20.357321+00:00,6,Disney Magic Kingdom,146,Meet Mickey at Town Square Theater,False,0,2026-10-03T07:25:58.000Z
2026-10-03T07:28:20.357321+00:00,6,Disney Magic Kingdom,1189,"Walt Disney World Railroad - Main Street, U.S.A.",False,0,2026-10-03T07:25:58.000Z
2026-10-03T07:28:20.357321+00:00,6,Disney Magic Kingdom,248,Astro Orbiter,False,0,2026-10-03T07:25:58.000Z
2026-10-03T07:28:20.357321+00:00,6,Disney Magic Kingdom,131,Buzz Lightyear’s Space Ranger Spin,False,0,2026-10-03T07:25:58.000Z
2026-10-03T07:28:20.357321+00:00,6,Disney Magic Kingdom,125,"Monsters, Inc. Laugh Floor",False,0,2026-10-03T07:25:58.000Z
2026-10-03T07:28:20.357321+00:00,6,Disney Magic Kingdom,138,Space Mountain,False,0,2026-10-03T07:25:58.000Z
2026-10-03T07:28:20.357321+00:00,6,Disney Magic Kingdom,143,Tomorrowland Speedway,False,0,2026-10-03T07:25:58.000Z
2026-10-03T07:28:20.357321+00:00,6,Disney Magic Kingdom,1190,Tomorrowland Transit Authority PeopleMover,False,0,2026-10-03T07:25:58.000Z
2026-10-03T07:28:20.357321+00:00,6,Disney Magic Kingdom,11527,TRON Lightcycle / Run,False,0,2026-10-03T07:25:58.000Z
2026-10-03T07:28:20.357321+00:00,6,Disney Magic Kingdom,457,Walt Disney's Carousel of Progress,False,0,2026-10-03T07:25:58.000Z
2026-10-03T07:28:20.357321+00:00,6,Disney Magic Kingdom,17526,Meet Festive Disney Pals at Mickey’s Not-So-Scary Halloween Party,False,0,2026-10-03T07:25:58.000Z
2026-10-03T07:28:20.357321+00:00,6,Disney Magic Kingdom,14928,Meet Jack Skellington and Sally at Mickey's Not-So-Scary Halloween Party,False,0,2026-10-03T07:25:58.000Z
2026-10-03T07:28:20.357321+00:00,6,Disney Magic Kingdom,14927,Meet Mickey Mouse and Minnie Mouse at Mickey's Not-So-Scary Halloween Party,False,0,2026-10-03T07:25:58.000Z
2026-10-03T07:28:20.357321+00:00,6,Disney Magic Kingdom,2297,Trick-or-Treat Locations at Mickey's Not-So-Scary Halloween Party,True,0,2026-10-03T07:25:58.000Z
2026-10-03T07:28:20.684214+00:00,5,Epcot,2495,Disney and Pixar Short Film Festival,False,0,2026-10-03T07:25:56.000Z
2026-10-03T07:28:20.684214+00:00,5,Epcot,155,Journey Into Imagination With Figment,False,0,2026-10-03T07:25:56.000Z
2026-10-03T07:28:20.684214+00:00,5,Epcot,13627,Meet Beloved Disney Pals at Mickey & Friends,False,0,2026-10-03T07:25:56.000Z
2026-10-03T07:28:20.684214+00:00,5,Epcot,159,Spaceship Earth,False,0,2026-10-03T07:25:56.000Z
2026-10-03T07:28:20.684214+00:00,5,Epcot,10093,Guardians of the Galaxy: Cosmic Rewind,False,0,2026-10-03T07:25:56.000Z
2026-10-03T07:28:20.684214+00:00,5,Epcot,158,Mission: SPACE,False,0,2026-10-03T07:25:56.000Z
2026-10-03T07:28:20.684214+00:00,5,Epcot,160,Test Track,False,0,2026-10-03T07:25:56.000Z
2026-10-03T07:28:20.684214+00:00,5,Epcot,10900,Test Track Presented by Chevrolet Single Rider,False,0,2026-10-03T07:25:56.000Z
2026-10-03T07:28:20.684214+00:00,5,Epcot,7323,Awesome Planet,False,0,2026-10-03T07:25:56.000Z
2026-10-03T07:28:20.684214+00:00,5,Epcot,12387,"Journey of Water, Inspired by Moana",False,0,2026-10-03T07:25:56.000Z
2026-10-03T07:28:20.684214+00:00,5,Epcot,156,Living with the Land,False,0,2026-10-03T07:25:56.000Z
2026-10-03T07:28:20.684214+00:00,5,Epcot,13782,SeaBase Aquarium,False,0,2026-10-03T07:25:56.000Z
2026-10-03T07:28:20.684214+00:00,5,Epcot,16467,Soarin' Across America,False,0,2026-10-03T07:25:56.000Z
2026-10-03T07:28:20.684214+00:00,5,Epcot,153,The Seas with Nemo & Friends,False,0,2026-10-03T07:25:56.000Z
2026-10-03T07:28:20.684214+00:00,5,Epcot,152,Turtle Talk With Crush,False,0,2026-10-03T07:25:56.000Z
2026-10-03T07:28:20.684214+00:00,5,Epcot,829,Canada Far and Wide in Circle-Vision 360,False,0,2026-10-03T07:25:56.000Z
2026-10-03T07:28:20.684214+00:00,5,Epcot,2679,Frozen Ever After,False,0,2026-10-03T07:25:56.000Z
2026-10-03T07:28:20.684214+00:00,5,Epcot,466,Gran Fiesta Tour Starring The Three Caballeros,False,0,2026-10-03T07:25:56.000Z
2026-10-03T07:28:20.684214+00:00,5,Epcot,6701,Meet Anna and Elsa at Royal Sommerhus,False,0,2026-10-03T07:25:56.000Z
2026-10-03T07:28:20.684214+00:00,5,Epcot,8956,Remy's Ratatouille Adventure,False,0,2026-10-03T07:25:56.000Z
2026-10-03T07:28:20.684214+00:00,5,Epcot,10915,Remy's Ratatouille Adventure Single Rider,False,0,2026-10-03T07:25:56.000Z
